candidate_id,industry_sector,candidate_skills,experience_years,education_level,skill_count
16852973,Human Resources,"['medical terminology', 'payroll', 'customer service', 'education', 'budgeting', 'conflict resolution', 'operations', 'safety', 'healthcare', 'accounting', 'time management', 'leadership', 'hospitality', 'statistics', 'public relations', 'employee relations', 'analytical', 'medical billing']",15,High School / Diploma,18
22323967,Human Resources,"['education', 'recruitment', 'operations', 'photoshop', 'communication', 'public relations', 'illustrator', 'project management']",0,Master's,8
33176873,Human Resources,"['research', 'payroll', 'customer service', 'recruitment', 'education', 'quality control', 'healthcare', 'strategic planning', 'compliance', 'leadership', 'project management', 'excel', 'nursing', 'performance management', 'hris']",20,Master's,15
27018550,Human Resources,"['payroll', 'customer service', 'education', 'conflict resolution', 'communication', 'powerpoint', 'excel']",20,Bachelor's,7
17812897,Human Resources,"['strategy', 'payroll', 'education', 'recruitment', 'advocacy', 'operations', 'teamwork', 'conflict resolution', 'safety', 'compliance', 'leadership', 'project management', 'powerpoint', 'problem solving', 'excel', 'employee relations', 'performance management', 'hris']",0,Master's,18
11592605,Human Resources,"['attention to detail', 'education', 'recruitment', 'operations', 'time management', 'public relations', 'powerpoint', 'excel', 'performance management', 'strategic planning']",0,High School / Diploma,10
25824789,Human Resources,"['education', 'customer service', 'advocacy', 'conflict resolution', 'safety', 'teaching', 'compliance', 'leadership', 'project management', 'employee relations', 'performance management', 'hris']",0,Bachelor's,12
15375009,Human Resources,"['vendor management', 'strategy', 'payroll', 'customer service', 'recruitment', 'education', 'safety', 'compliance', 'communication', 'project management', 'employee relations']",0,Master's,11
11847784,Human Resources,"['research', 'education', 'customer service', 'recruitment', 'leadership', 'communication', 'powerpoint', 'project management', 'excel', 'performance management', 'negotiation']",15,Bachelor's,11
32896934,Human Resources,"['strategy', 'research', 'payroll', 'education', 'recruitment', 'lean manufacturing', 'safety', 'accounting', 'onboarding', 'accounts payable', 'r', 'employee relations', 'performance management', 'six sigma']",0,Bachelor's,14
29149998,Human Resources,"['payroll', 'customer service', 'oracle', 'logistics', 'education', 'recruitment', 'accounting', 'communication', 'leadership', 'employee relations', 'analytical']",3,Master's,11
11480899,Human Resources,"['payroll', 'education', 'recruitment', 'procurement', 'operations', 'safety', 'compliance', 'leadership', 'communication', 'problem solving', 'employee relations', 'analytical', 'performance management']",0,Master's,13
23155093,Human Resources,"['attention to detail', 'education', 'customer service', 'operations', 'compliance', 'leadership', 'communication', 'powerpoint', 'problem solving', 'project management', 'excel', 'analytical']",0,Bachelor's,12
11763983,Human Resources,"['payroll', 'education', 'recruitment', 'erp', 'compliance', 'communication', 'onboarding', 'powerpoint', 'excel', 'hris']",0,Master's,10
27490876,Human Resources,"['education', 'recruitment', 'healthcare', 'compliance', 'leadership', 'event planning', 'employee relations', 'performance management', 'hris']",0,Master's,9
32977530,Human Resources,"['research', 'data entry', 'customer service', 'education', 'operations', 'accounts receivable', 'erp', 'sap', 'multitasking', 'auditing', 'communication', 'onboarding', 'accounting', 'compliance', 'excel', 'accounts payable']",0,Bachelor's,16
93002334,Human Resources,"['education', 'customer service', 'risk management', 'logistics', 'sap', 'communication', 'excel', 'employee relations']",0,Master's,8
24184357,Human Resources,"['leadership', 'cpr', 'education', 'recruitment', 'accounting', 'analytical', 'hris', 'payroll', 'procurement', 'compliance', 'communication', 'powerpoint', 'problem solving', 'statistics', 'excel', 'employee relations', 'performance management', 'strategy', 'cold calling']",0,High School / Diploma,19
73077810,Human Resources,"['payroll', 'customer service', 'recruitment', 'logistics', 'conflict resolution', 'education', 'compliance', 'onboarding', 'dispute resolution', 'employee relations', 'mentoring', 'performance management', 'hris']",0,Master's,13
13879043,Human Resources,"['research', 'payroll', 'education', 'recruitment', 'conflict resolution', 'sap', 'compliance', 'leadership', 'social media', 'employee relations', 'performance management']",7,Master's,11
30163002,Human Resources,"['attention to detail', 'payroll', 'customer service', 'education', 'onboarding', 'powerpoint', 'excel', 'employee relations']",0,Bachelor's,8
18827609,Human Resources,"['strategy', 'education', 'recruitment', 'teamwork', 'public speaking', 'onboarding', 'social media', 'workday', 'project management', 'communication', 'leadership', 'excel', 'compliance', 'event planning', 'employee relations', 'talent acquisition', 'hris']",3,Master's,17
25676643,Human Resources,"['research', 'education', 'customer service', 'recruitment', 'teamwork', 'technical support', 'compliance', 'onboarding', 'leadership', 'social media', 'project management', 'powerpoint', 'excel', 'analytical', 'performance management']",2,Master's,15
12786012,Human Resources,"['research', 'payroll', 'education', 'recruitment', 'conflict resolution', 'safety', 'compliance', 'onboarding', 'communication', 'excel', 'employee relations', 'performance management', 'hris']",0,Master's,13
87968870,Human Resources,"['vendor management', 'education', 'payroll', 'recruitment', 'safety', 'compliance', 'employee relations', 'performance management', 'hris']",11,Master's,9
46258701,Human Resources,"['cpr', 'education', 'sap', 'compliance', 'excel']",0,Master's,5
14225422,Human Resources,"['research', 'payroll', 'manufacturing', 'recruitment', 'education', 'operations', 'safety', 'compliance', 'powerpoint', 'excel', 'employee relations', 'hris']",0,Master's,12
29297973,Human Resources,"['cpr', 'payroll', 'manufacturing', 'recruitment', 'customer service', 'food safety', 'education', 'safety', 'communication', 'dispute resolution', 'employee relations', 'special education']",3,Master's,12
18334783,Human Resources,"['payroll', 'customer service', 'education', 'operations', 'leadership', 'communication', 'project management', 'employee relations']",20,High School / Diploma,8
19717385,Human Resources,"['research', 'education', 'data entry', 'rehabilitation', 'time management', 'communication', 'powerpoint', 'excel']",0,Master's,8
49937469,Human Resources,"['attention to detail', 'research', 'payroll', 'customer service', 'education', 'operations', 'public speaking', 'leadership', 'compliance', 'communication', 'excel', 'employee relations', 'critical thinking']",0,Bachelor's,13
18316239,Human Resources,"['education', 'recruitment', 'teamwork', 'conflict resolution', 'operations', 'safety', 'healthcare', 'compliance', 'onboarding', 'project management', 'powerpoint', 'dispute resolution', 'excel', 'employee relations', 'performance management', 'hris']",9,Master's,16
17855844,Human Resources,"['education', 'recruitment', 'oracle', 'operations', 'hris', 'sap', 'compliance', 'leadership', 'illustrator', 'powerpoint', 'excel', 'employee relations', 'performance management', 'strategic planning']",0,Master's,14
57667857,Human Resources,"['strategy', 'research', 'payroll', 'education', 'recruitment', 'operations', 'safety', 'compliance', 'social media', 'employee relations', 'performance management']",25,Bachelor's,11
17422560,Human Resources,"['payroll', 'data entry', 'customer service', 'education', 'compliance', 'communication', 'social media', 'powerpoint', 'excel', 'employee relations']",0,Bachelor's,10
32947778,Human Resources,"['payroll', 'education', 'recruitment', 'logistics', 'operations', 'compliance', 'leadership', 'project management', 'event planning', 'employee relations', 'hris']",0,Master's,11
23914451,Human Resources,"['education', 'customer service', 'operations', 'technical support', 'safety', 'strategic planning', 'compliance', 'time management', 'leadership', 'project management', 'problem solving', 'employee relations', 'performance management', 'hris']",0,Bachelor's,14
21265194,Human Resources,"['strategy', 'education', 'leadership', 'project management', 'employee relations', 'performance management']",0,Master's,6
51769822,Human Resources,"['payroll', 'customer service', 'education', 'accounting', 'time management', 'communication', 'problem solving', 'excel', 'employee relations', 'analytical']",30,High School / Diploma,10
19616406,Human Resources,"['payroll', 'education', 'safety', 'compliance', 'onboarding', 'communication', 'event planning', 'employee relations', 'accounts payable', 'hris']",1,Bachelor's,10
41523474,Human Resources,"['research', 'education', 'c', 'recruitment', 'operations', 'communication', 'excel']",0,Master's,7
59962788,Human Resources,"['vendor management', 'strategy', 'education', 'manufacturing', 'recruitment', 'payroll', 'logistics', 'c', 'safety', 'sap', 'healthcare', 'teaching', 'compliance', 'communication', 'onboarding', 'java', 'project management', 'sql']",1,Master's,18
86184722,Human Resources,"['attention to detail', 'research', 'payroll', 'data entry', 'oracle', 'customer service', 'education', 'conflict resolution', 'recruitment', 'safety', 'sap', 'compliance', 'auditing', 'communication', 'critical thinking', 'employee relations', 'performance management', 'hris']",0,Master's,18
28419173,Human Resources,"['research', 'education', 'recruitment', 'accounting', 'social media', 'onboarding', 'communication', 'powerpoint', 'problem solving', 'excel', 'troubleshooting', 'analytical', 'critical thinking']",0,High School / Diploma,13
18155310,Human Resources,"['strategy', 'payroll', 'customer service', 'education', 'procurement', 'conflict resolution', 'safety', 'compliance', 'accounting', 'communication', 'powerpoint', 'business intelligence', 'excel', 'troubleshooting', 'performance management']",0,Master's,15
26780935,Human Resources,"['payroll', 'education', 'c', 'auditing', 'communication', 'compliance', 'leadership', 'project management', 'problem solving', 'troubleshooting', 'hris']",0,Bachelor's,11
34554248,Human Resources,"['research', 'payroll', 'education', 'recruitment', 'budgeting', 'operations', 'conflict resolution', 'safety', 'accounting', 'leadership', 'social media', 'onboarding', 'powerpoint', 'excel', 'employee relations', 'hris']",3,Master's,16
26202430,Human Resources,"['vba', 'research', 'payroll', 'education', 'erp', 'sap', 'auditing', 'communication', 'compliance', 'project management', 'problem solving', 'excel', 'troubleshooting', 'analytical', 'hris']",0,Master's,15
19867922,Human Resources,"['attention to detail', 'research', 'payroll', 'education', 'compliance', 'onboarding', 'leadership', 'employee relations', 'hris']",0,Master's,9
91930382,Human Resources,"['education', 'c', 'recruitment', 'employee relations', 'talent acquisition', 'negotiation']",0,Master's,6
30646367,Human Resources,"['payroll', 'manufacturing', 'education', 'conflict resolution', 'safety', 'sap', 'compliance', 'powerpoint', 'excel', 'hris']",15,High School / Diploma,10
39650734,Human Resources,"['strategy', 'payroll', 'customer service', 'recruitment', 'teamwork', 'operations', 'education', 'adaptability', 'safety', 'accounting', 'communication', 'powerpoint', 'excel', 'employee relations', 'performance management', 'hris']",5,Master's,16
72231872,Human Resources,"['payroll', 'customer service', 'recruitment', 'budgeting', 'operations', 'education', 'accounts receivable', 'tableau', 'communication', 'onboarding', 'leadership', 'powerpoint', 'compliance', 'excel', 'taxation', 'employee relations', 'accounts payable', 'hris']",9,Master's,18
13520837,Human Resources,"['attention to detail', 'payroll', 'customer service', 'c', 'manufacturing', 'recruitment', 'data entry', 'education', 'time management', 'communication', 'leadership', 'onboarding', 'problem solving', 'employee relations', 'talent acquisition', 'hris']",5,Bachelor's,16
18422164,Human Resources,"['research', 'payroll', 'customer service', 'recruitment', 'education', 'operations', 'communication', 'workday', 'employee relations']",0,Master's,9
30862904,Human Resources,"['vendor management', 'research', 'education', 'payroll', 'recruitment', 'operations', 'compliance', 'leadership', 'onboarding', 'communication', 'project management', 'employee relations', 'talent acquisition', 'performance management', 'negotiation']",10,Master's,15
52979663,Human Resources,"['strategy', 'payroll', 'manufacturing', 'education', 'operations', 'safety', 'auditing', 'leadership', 'problem solving', 'performance management', 'negotiation', 'hris']",3,Bachelor's,12
28828844,Human Resources,"['payroll', 'customer service', 'education', 'conflict resolution', 'safety', 'compliance', 'communication', 'leadership', 'powerpoint', 'excel', 'employee relations', 'talent acquisition', 'performance management']",0,Bachelor's,13
21830565,Human Resources,"['payroll', 'education', 'oracle', 'operations', 'conflict resolution', 'pharmacology', 'compliance', 'leadership', 'litigation', 'employee relations', 'performance management']",15,High School / Diploma,11
27523575,Human Resources,"['attention to detail', 'education', 'customer service', 'communication', 'leadership', 'time management', 'problem solving', 'employee relations', 'analytical', 'critical thinking']",6,Bachelor's,10
39081840,Human Resources,"['payroll', 'education', 'c', 'teamwork', 'compliance', 'onboarding', 'communication', 'leadership', 'project management', 'powerpoint', 'excel', 'employee relations', 'presentation skills', 'performance management', 'hris']",0,Bachelor's,15
20925036,Human Resources,"['strategy', 'payroll', 'education', 'recruitment', 'manufacturing', 'procurement', 'sap', 'social media', 'leadership', 'communication', 'powerpoint', 'excel', 'talent acquisition']",0,Master's,13
15576950,Human Resources,"['cpr', 'data entry', 'customer service', 'recruitment', 'education', 'sap', 'compliance', 'onboarding', 'communication']",0,High School / Diploma,9
29564653,Human Resources,"['education', 'photoshop', 'sap', 'onboarding', 'illustrator', 'communication', 'excel']",0,Master's,7
14886205,Human Resources,"['research', 'payroll', 'education', 'leadership', 'onboarding', 'powerpoint', 'statistics', 'excel', 'employee relations', 'talent acquisition', 'performance management']",0,High School / Diploma,11
17412079,Human Resources,"['research', 'payroll', 'education', 'recruitment', 'conflict resolution', 'sap', 'compliance', 'leadership', 'social media', 'powerpoint', 'excel', 'employee relations', 'performance management', 'hris']",7,Master's,14
16861758,Human Resources,"['medical terminology', 'data entry', 'education', 'customer service', 'payroll', 'healthcare', 'compliance', 'nursing']",0,Bachelor's,8
93112113,Human Resources,"['research', 'payroll', 'education', 'recruitment', 'compliance', 'communication', 'employee relations', 'performance management', 'hris']",0,High School / Diploma,9
15041689,Human Resources,"['mathematics', 'payroll', 'education', 'recruitment', 'conflict resolution', 'safety', 'compliance', 'onboarding', 'hipaa', 'employee relations', 'performance management', 'hris']",15,High School / Diploma,12
80162314,Human Resources,"['strategy', 'research', 'payroll', 'education', 'recruitment', 'communication', 'project management', 'troubleshooting', 'employee relations', 'performance management']",3,Master's,10
20993320,Human Resources,"['attention to detail', 'payroll', 'education', 'c', 'customer service', 'operations', 'leadership', 'communication', 'r', 'problem solving', 'hris']",0,Master's,11
14640322,Human Resources,"['vendor management', 'payroll', 'education', 'recruitment', 'onboarding', 'communication', 'excel', 'talent acquisition', 'mentoring']",0,Master's,9
26289308,Human Resources,"['strategy', 'payroll', 'education', 'recruitment', 'safety', 'compliance', 'communication', 'employee relations', 'performance management']",0,Master's,9
23408537,Human Resources,"['attention to detail', 'nursing', 'education', 'recruitment', 'budgeting', 'sap', 'accounting', 'auditing', 'project management', 'analytical', 'technical support', 'hris', 'payroll', 'c', 'compliance', 'time management', 'powerpoint', 'excel', 'accounts payable', 'performance management']",0,Master's,20
28808263,Human Resources,"['attention to detail', 'payroll', 'customer service', 'education', 'accounting', 'communication', 'leadership', 'time management', 'public speaking', 'problem solving', 'excel', 'analytical', 'accounts payable']",0,Bachelor's,13
18084150,Human Resources,"['payroll', 'education', 'recruitment', 'oracle', 'conflict resolution', 'teamwork', 'safety', 'compliance', 'leadership', 'powerpoint', 'emr', 'excel', 'employee relations', 'analytical', 'hris']",0,Master's,15
26671167,Human Resources,"['education', 'customer service', 'operations', 'safety', 'bls', 'accounting', 'communication', 'inventory management', 'hospitality', 'public relations', 'event planning', 'nursing']",0,High School / Diploma,12
44476983,Human Resources,"['attention to detail', 'payroll', 'education', 'recruitment', 'oracle', 'operations', 'compliance', 'leadership', 'communication', 'time management', 'powerpoint', 'accounting', 'excel', 'employee relations', 'talent acquisition', 'performance management', 'hris']",0,Bachelor's,17
16877897,Human Resources,"['manufacturing', 'education', 'recruitment', 'html', 'safety', 'sap', 'r', 'analytical', 'payroll', 'compliance', 'time management', 'communication', 'css', 'problem solving', 'excel', 'performance management', 'operations', 'javascript', 'sql']",4,Master's,19
29091445,Human Resources,"['payroll', 'education', 'recruitment', 'operations', 'sap', 'powerpoint', 'excel', 'taxation', 'employee relations']",0,Master's,9
25724495,Human Resources,"['payroll', 'education', 'recruitment', 'operations', 'onboarding', 'communication', 'leadership', 'powerpoint', 'excel', 'employee relations', 'performance management', 'negotiation', 'hris']",2,Master's,13
24508725,Human Resources,"['attention to detail', 'education', 'payroll', 'recruitment', 'operations', 'hris', 'compliance', 'communication', 'time management', 'leadership', 'powerpoint', 'excel', 'employee relations', 'presentation skills', 'strategic planning']",6,Master's,15
11698189,Human Resources,"['research', 'payroll', 'customer service', 'education', 'operations', 'conflict resolution', 'accounting', 'leadership', 'critical thinking', 'powerpoint', 'hospitality', 'excel', 'event planning', 'employee relations', 'performance management']",0,Master's,15
27165830,Human Resources,"['strategy', 'payroll', 'customer service', 'education', 'teamwork', 'operations', 'sales strategy', 'compliance', 'communication', 'leadership', 'excel', 'employee relations']",0,Bachelor's,12
47470864,Human Resources,"['research', 'payroll', 'customer service', 'education', 'operations', 'compliance', 'time management', 'communication', 'troubleshooting', 'employee relations']",1,Bachelor's,10
34740556,Human Resources,"['education', 'recruitment', 'teamwork', 'conflict resolution', 'safety', 'compliance', 'onboarding', 'powerpoint', 'excel', 'employee relations']",8,Master's,10
18557164,Human Resources,"['attention to detail', 'education', 'customer service', 'operations', 'safety', 'compliance', 'leadership', 'communication', 'project management', 'powerpoint', 'nursing', 'excel', 'talent acquisition', 'analytical', 'performance management', 'six sigma']",0,Bachelor's,16
19179079,Human Resources,"['customer service', 'manufacturing', 'leadership', 'restaurant management', 'education', 'recruitment', 'accounting', 'crm', 'onboarding', 'hris', 'payroll', 'compliance', 'communication', 'powerpoint', 'statistics', 'excel', 'strategy', 'operations', 'talent acquisition', 'negotiation']",6,Master's,20
13376919,Human Resources,"['vendor management', 'education', 'manufacturing', 'oracle', 'recruitment', 'operations', 'powerpoint', 'excel', 'talent acquisition', 'performance management']",0,Master's,10
26048718,Human Resources,"['customer service', 'healthcare', 'leadership', 'nursing', 'critical thinking', 'cpr', 'education', 'risk management', 'recruitment', 'safety', 'project management', 'analytical', 'hris', 'research', 'logistics', 'conflict resolution', 'compliance', 'communication', 'powerpoint', 'statistics', 'excel', 'hipaa', 'employee relations', 'strategy', 'operations', 'patient care', 'talent acquisition']",0,PhD,27
17150707,Human Resources,"['research', 'payroll', 'education', 'sap', 'compliance', 'project management', 'employee relations', 'technical support', 'hris']",0,High School / Diploma,9
18297650,Human Resources,"['unix', 'research', 'cold calling', 'payroll', 'recruitment', 'c', 'oracle', 'logistics', 'education', 'teaching', 'sap', 'accounting', 'communication', 'java', 'linux', 'talent acquisition', 'mentoring', 'sql']",0,Master's,18
23510685,Human Resources,"['strategy', 'education', 'manufacturing', 'recruitment', 'sap', 'compliance', 'leadership', 'r', 'project management', 'excel', 'mentoring', 'performance management', 'hris']",0,Master's,13
39970711,Human Resources,"['education', 'risk management', 'recruitment', 'advocacy', 'operations', 'hris', 'safety', 'healthcare', 'communication', 'project management', 'dispute resolution', 'employee relations', 'mentoring', 'performance management', 'strategic planning']",0,Master's,15
20806155,Human Resources,"['research', 'education', 'recruitment', 'operations', 'quality control', 'sap', 'compliance', 'communication', 'project management', 'business intelligence', 'excel', 'troubleshooting', 'analytical']",0,Master's,13
28640735,Human Resources,"['research', 'payroll', 'education', 'recruitment', 'teamwork', 'operations', 'accounts receivable', 'healthcare', 'leadership', 'accounts payable', 'project management', 'employee relations', 'talent acquisition', 'mentoring', 'performance management']",5,High School / Diploma,15
15575117,Human Resources,"['data entry', 'customer service', 'excel', 'operations']",0,Master's,4
27496514,Human Resources,"['research', 'payroll', 'customer service', 'education', 'sap', 'accounting', 'communication', 'compliance', 'excel']",0,Master's,9
14256329,Human Resources,"['payroll', 'customer service', 'recruitment', 'education', 'communication', 'leadership', 'excel', 'presentation skills']",0,Bachelor's,8
19336728,Human Resources,"['education', 'customer service', 'conflict resolution', 'communication', 'leadership', 'powerpoint', 'excel']",0,Bachelor's,7
10694288,Human Resources,"['research', 'payroll', 'education', 'leadership', 'hris']",13,Bachelor's,5
28175164,Human Resources,"['payroll', 'manufacturing', 'recruitment', 'education', 'conflict resolution', 'operations', 'sap', 'compliance', 'leadership', 'project management', 'performance management', 'six sigma', 'hris']",5,Master's,13
10399912,Human Resources,"['research', 'data entry', 'customer service', 'education', 'teaching', 'auditing', 'inventory management', 'powerpoint', 'excel']",2,Master's,9
20417897,Human Resources,"['research', 'payroll', 'education', 'oracle', 'construction management', 'quality control', 'safety', 'sap', 'powerpoint', 'excel', 'event planning', 'six sigma']",0,Master's,12
18731098,Human Resources,"['customer service', 'critical thinking', 'education', 'safety', 'sap', 'accounting', 'project management', 'hris', 'payroll', 'logistics', 'compliance', 'time management', 'communication', 'powerpoint', 'excel', 'employee relations', 'strategy', 'data entry', 'operations']",0,Bachelor's,19
30563572,Human Resources,"['strategy', 'education', 'manufacturing', 'oracle', 'recruitment', 'compliance', 'leadership', 'communication', 'workday', 'powerpoint', 'excel', 'employee relations', 'talent acquisition', 'mentoring', 'performance management', 'hris']",0,Master's,16
24402267,Human Resources,"['payroll', 'education', 'recruitment', 'compliance', 'excel', 'employee relations', 'performance management', 'hris']",5,Master's,8
32308556,Human Resources,"['strategy', 'education', 'manufacturing', 'risk management', 'budgeting', 'operations', 'conflict resolution', 'logistics', 'healthcare', 'accounting', 'leadership', 'communication', 'project management', 'employee relations', 'performance management']",0,PhD,15
27847081,Human Resources,"['attention to detail', 'payroll', 'customer service', 'recruitment', 'education', 'operations', 'sap', 'compliance', 'communication', 'time management', 'powerpoint', 'project management', 'problem solving', 'excel', 'employee relations', 'performance management']",10,Master's,16
25150191,Human Resources,"['education', 'customer service', 'payroll', 'data entry', 'operations', 'recruitment', 'compliance', 'communication', 'leadership', 'time management']",0,Master's,10
37058472,"Design, Media & Creative","['education', 'manufacturing', 'logistics', 'procurement', 'quality control', 'photoshop', 'compliance', 'communication', 'r', 'autocad']",15,Bachelor's,10
68240723,"Design, Media & Creative","['attention to detail', 'research', 'education', 'adaptability', 'oracle', 'time management', 'communication', 'leadership', 'illustrator']",0,Bachelor's,9
76010167,"Design, Media & Creative","['education', 'teamwork', 'time management', 'communication', 'leadership', 'powerpoint', 'excel']",0,Master's,7
19164410,"Design, Media & Creative","['research', 'education', 'photoshop', 'time management', 'illustrator', 'communication', 'excel']",0,High School / Diploma,7
29147100,"Design, Media & Creative","['education', 'html', 'after effects', 'photoshop', 'leadership', 'illustrator', 'powerpoint', 'troubleshooting', 'graphic design']",0,Bachelor's,9
25061645,"Design, Media & Creative","['education', 'html', 'typography', 'photoshop', 'illustrator', 'css', 'powerpoint', 'graphic design']",0,Bachelor's,8
11919526,"Design, Media & Creative","['leadership', 'unix', 'education', 'html', 'instructional design', 'safety', 'sap', 'r', 'technical support', 'research', 'c', 'oracle', 'teaching', 'compliance', 'powerpoint', 'excel', 'javascript', 'elearning', 'sql']",0,Master's,19
81011612,"Design, Media & Creative","['mathematics', 'payroll', 'customer service', 'html', 'education', 'operations', 'photoshop', 'inventory management', 'illustrator', 'animation', 'sql']",0,Bachelor's,11
11722421,"Design, Media & Creative","['research', 'education', 'manufacturing', 'photoshop', 'illustrator']",0,Master's,5
13774329,"Design, Media & Creative","['education', 'customer service', 'manufacturing', 'budgeting', 'operations', 'quality control', 'safety', 'inventory management', 'r', 'project management']",0,Bachelor's,10
35990852,"Design, Media & Creative","['education', 'c', 'html', 'mentoring', 'mysql', 'photoshop', 'accounting', 'compliance', 'scrum', 'auditing', 'javascript', 'animation', 'graphic design', 'php', 'sql']",0,High School / Diploma,15
36269672,"Design, Media & Creative","['customer service', 'operations', 'communication', 'leadership', 'r', 'problem solving']",0,Bachelor's,6
90066849,"Design, Media & Creative","['education', 'patient care', 'communication', 'powerpoint', 'emr', 'curriculum development', 'nursing']",28,Master's,7
27529455,"Design, Media & Creative","['education', 'customer service', 'data entry', 'instructional design', 'operations', 'mentoring', 'supply chain', 'photoshop', 'compliance', 'leadership', 'powerpoint', 'project management', 'excel', 'tutoring', 'curriculum development', 'elearning']",0,PhD,16
85101052,"Design, Media & Creative","['education', 'oracle', 'logistics', 'operations', 'c', 'mysql', 'java', 'project management', 'wealth management', 'sql']",5,High School / Diploma,10
22567495,"Design, Media & Creative","['research', 'education', 'payroll', 'instructional design', 'operations', 'accounts receivable', 'teaching', 'safety', 'accounting', 'accounts payable']",0,Master's,10
10751444,"Design, Media & Creative","['research', 'solidworks', 'manufacturing', 'c', 'education', 'safety', '3d modeling', 'autocad', 'statistics', 'problem solving', 'python', 'mechanical design', 'linux', 'matlab', 'thermodynamics']",2,Master's,15
11807040,"Design, Media & Creative","['cpr', 'research', 'education', 'customer service', 'acls', 'patient care', 'quality control', 'healthcare', 'compliance', 'communication', 'hipaa', 'nursing', 'special education']",0,Bachelor's,13
12415691,"Design, Media & Creative","['erp', 'leadership', 'unix', 'education', 'java', 'project management', 'linux', 'bash', 'mathematics', 'research', 'oracle', 'c', 'python', 'css', 'problem solving', 'shell', 'php', 'mysql', 'business intelligence', 'perl', 'sql']",3,Bachelor's,21
38565119,"Design, Media & Creative","['strategy', 'education', 'procurement', 'salesforce', 'communication', 'leadership', 'autocad']",0,Master's,7
21705160,"Design, Media & Creative",['education'],0,Bachelor's,1
26496059,"Design, Media & Creative","['manufacturing', 'education', 'html', 'quality control', 'safety', 'illustrator', 'graphic design', 'research', 'teamwork', 'logistics', 'photoshop', 'compliance', 'communication', 'css', 'excel', 'strategy', 'operations', 'typography', 'troubleshooting', 'premiere pro', 'negotiation']",3,High School / Diploma,21
29524570,"Design, Media & Creative","['research', 'education', 'oracle', 'c', 'html', 'clinical research', 'excel', 'sql']",0,Master's,8
15936656,"Design, Media & Creative",['education'],0,Bachelor's,1
13557622,"Design, Media & Creative","['photoshop', 'education', 'animation', 'maya']",0,Bachelor's,4
41506705,"Design, Media & Creative","['research', 'solidworks', 'manufacturing', 'education', 'lean manufacturing', 'safety', 'leadership', '3d modeling', 'communication', 'aviation', 'project management', 'revit', 'autocad', 'linux', 'analytical']",0,Bachelor's,15
32954522,"Design, Media & Creative","['cc', 'education', 'customer service']",13,Bachelor's,3
44185767,"Design, Media & Creative","['strategy', 'education', 'c', 'operations', 'erp', 'sap', 'communication', 'leadership', 'project management', 'troubleshooting', 'technical support']",0,Master's,11
14014749,"Design, Media & Creative","['cpr', 'education', 'customer service', 'c', 'operations', 'photoshop', 'safety', 'time management', 'illustrator', 'graphic design']",0,High School / Diploma,10
34349255,"Design, Media & Creative","['communication', 'education', 'procurement']",0,Bachelor's,3
16288901,"Design, Media & Creative","['communication', 'photoshop', 'education', 'autocad']",0,Bachelor's,4
25422388,"Design, Media & Creative","['education', 'html', 'typography', 'photoshop', 'compliance', 'leadership', 'illustrator', 'css', 'time management', 'social media', 'communication']",0,Bachelor's,11
22496394,"Design, Media & Creative","['education', 'payroll', 'customer service', 'leadership', 'problem solving', 'civil engineering', 'autocad', 'critical thinking', 'troubleshooting']",0,High School / Diploma,9
38744475,"Design, Media & Creative","['research', 'education', 'communication', 'social media', 'autocad', 'graphic design']",0,Bachelor's,6
67582956,"Design, Media & Creative","['education', 'c', 'rehabilitation', 'quality control', 'healthcare', 'communication', 'project management', 'powerpoint', 'civil engineering', 'excel', 'autocad', 'analytical']",16,Master's,12
26676567,"Design, Media & Creative","['education', 'customer service', 'html', 'recruitment', 'typography', 'photoshop', 'graphic design', 'leadership', 'illustrator', 'css', 'time management', 'problem solving', 'social media', 'communication', 'event planning', 'linux', 'color theory']",0,High School / Diploma,17
14724186,"Design, Media & Creative","['education', 'customer service', 'procurement', 'photoshop', 'communication', 'leadership']",0,High School / Diploma,6
10748989,"Design, Media & Creative","['attention to detail', 'education', 'leadership', 'autocad', 'project management', 'problem solving', 'civil engineering', 'mechanical design', 'color theory', 'analytical']",0,Bachelor's,10
26924514,"Design, Media & Creative","['vba', 'education', 'customer service', 'budgeting', 'instructional design', 'operations', 'conflict resolution', 'mentoring', 'public speaking', 'communication', 'leadership', 'compliance', 'project management', 'excel', 'curriculum development', 'analytical']",0,Master's,16
12674307,"Design, Media & Creative","['education', 'customer service', 'multitasking', 'communication', 'excel']",0,Bachelor's,5
23951429,"Design, Media & Creative","['education', 'data entry', 'customer service', 'compliance', 'communication', 'leadership', 'powerpoint', 'problem solving', 'project management', 'excel']",0,Master's,10
26046064,"Design, Media & Creative","['education', 'html', 'operations', 'typography', 'photoshop', 'social media', 'time management', 'css', 'illustrator', 'powerpoint', 'excel', 'graphic design']",14,Bachelor's,12
28326441,"Design, Media & Creative","['attention to detail', 'research', 'education', 'logistics', 'operations', 'photoshop', 'time management', 'illustrator', 'social media', 'project management', 'autocad', 'graphic design', 'revit']",0,Bachelor's,13
78149576,"Design, Media & Creative","['education', 'customer service']",0,High School / Diploma,2
17555081,"Design, Media & Creative","['intellectual property', 'leadership', 'education', 'recruitment', 'instructional design', 'classroom management', 'project management', 'research', 'payroll', 'teaching', 'compliance', 'communication', 'excel', 'mentoring', 'operations', 'clinical research', 'public relations', 'event planning', 'elearning']",0,Master's,19
39776400,"Design, Media & Creative","['aws', 'solidworks', 'education', 'manufacturing', 'operations', 'sap', 'autocad', 'mechanical design', 'negotiation']",0,Bachelor's,9
37263609,"Design, Media & Creative","['research', 'education', 'teamwork', 'maya', 'leadership', 'autocad', 'animation', 'revit']",0,Master's,8
13518263,"Design, Media & Creative",['education'],26,High School / Diploma,1
11155153,"Design, Media & Creative","['research', 'solidworks', 'manufacturing', 'customer service', 'education', 'operations', 'compliance', 'communication', 'aviation', 'autocad', 'leadership', 'excel', 'troubleshooting']",0,Master's,13
54201930,"Design, Media & Creative","['strategy', 'education', 'corporate communications', 'photoshop', 'social media', 'illustrator', 'public relations', 'event planning', 'graphic design']",0,Bachelor's,9
10466583,"Design, Media & Creative","['education', 'customer service']",0,Bachelor's,2
26790545,"Design, Media & Creative","['cc', 'research', 'customer service', 'html', 'education', 'photoshop', 'crm', 'illustrator', 'css', 'powerpoint', 'time management', 'animation']",5,Bachelor's,12
11958994,"Design, Media & Creative","['education', 'customer service', 'operations', 'safety', 'compliance', 'communication', 'excel']",0,Master's,7
30968749,"Design, Media & Creative","['solidworks', 'education', 'manufacturing', 'sql', 'photoshop', 'safety', 'compliance', 'communication', 'leadership', 'autocad', 'project management', 'excel', 'mechanical design', 'presentation skills', 'matlab', 'analytical', 'six sigma']",4,Master's,17
20932019,"Design, Media & Creative","['mathematics', 'solidworks', 'payroll', 'customer service', 'education', '3d modeling', 'shell', 'autocad', 'catia']",0,Bachelor's,9
51681660,"Design, Media & Creative","['education', 'photoshop', 'safety', 'powerpoint', 'excel']",3,Master's,5
34657584,"Design, Media & Creative","['video editing', 'education', 'c', 'photoshop', 'illustrator', 'civil engineering', 'autocad']",0,Master's,7
15471999,"Design, Media & Creative","['education', 'customer service', 'time management', 'communication', 'leadership', 'problem solving']",0,High School / Diploma,6
18979238,"Design, Media & Creative","['research', 'education', 'powerpoint', 'civil engineering', 'excel', 'analytical']",0,Master's,6
26622051,"Design, Media & Creative","['data entry', 'education', 'operations', 'quality control', 'photoshop', 'sap', 'illustrator', 'gis', 'project management', 'autocad', 'troubleshooting']",7,Bachelor's,11
22675694,"Design, Media & Creative","['education', 'photoshop', 'time management', 'illustrator', 'communication', 'graphic design']",0,High School / Diploma,6
25023614,"Design, Media & Creative","['research', 'education', 'time management', 'communication', 'problem solving', 'autocad', 'presentation skills', 'critical thinking']",0,Bachelor's,8
20390397,"Design, Media & Creative","['education', 'manufacturing', 'customer service', 'erp', 'sap', 'communication', 'autocad', 'project management', 'powerpoint', 'excel', 'troubleshooting', 'six sigma']",0,Bachelor's,12
17199951,"Design, Media & Creative","['education', 'photoshop', 'hvac', 'illustrator', 'hospitality', 'excel', 'autocad']",0,Master's,7
14743911,"Design, Media & Creative","['education', 'instructional design', 'public speaking', 'leadership', 'troubleshooting']",0,Master's,5
24455357,"Design, Media & Creative","['mathematics', 'education', 'c', 'operations', 'quality control', 'communication', 'excel']",0,Bachelor's,7
91153752,"Design, Media & Creative","['strategy', 'research', 'education', 'after effects', 'ux', 'photoshop', 'leadership', 'illustrator', 'autocad', 'graphic design', 'revit']",0,Master's,11
14528265,"Design, Media & Creative","['aws', 'education', 'manufacturing', 'safety']",0,Bachelor's,4
18460045,"Design, Media & Creative","['illustrator', 'accounts receivable', 'photoshop', 'excel']",0,Bachelor's,4
20986595,"Design, Media & Creative","['strategy', 'research', 'education', 'adaptability', 'google analytics', 'accounting', 'communication', 'illustrator', 'public relations', 'powerpoint', 'leadership', 'excel']",0,Master's,12
20748926,"Design, Media & Creative","['data entry', 'customer service', 'education', 'logistics', 'accounting', 'time management', 'social media']",0,High School / Diploma,7
32532982,"Design, Media & Creative","['education', 'powerpoint', 'excel', 'autocad']",1,High School / Diploma,4
34317538,"Design, Media & Creative","['artificial intelligence', 'research', 'customer service', 'html', 'instructional design', 'patient care', 'c', 'quality control', 'education', 'ux', 'safety', 'healthcare', 'photoshop', 'compliance', '3d modeling', 'project management', 'hipaa', 'sql']",20,High School / Diploma,18
19195747,"Design, Media & Creative","['color theory', 'education', 'accounting']",0,Bachelor's,3
12547982,"Design, Media & Creative","['research', 'education', 'procurement', 'construction management', 'safety', 'healthcare', 'compliance', 'time management', 'excel', 'autocad']",0,Bachelor's,10
94417768,"Design, Media & Creative","['mathematics', 'education', 'manufacturing', 'operations', 'safety', 'compliance', 'leadership', 'statistics', 'problem solving', 'autocad', 'graphic design']",0,Bachelor's,11
24655918,"Design, Media & Creative","['cc', 'education', 'customer service', 'photoshop', 'leadership', 'illustrator', 'graphic design', 'mentoring', 'strategic planning']",30,Bachelor's,9
27497542,"Design, Media & Creative","['education', 'customer service', 'c', 'communication', 'powerpoint', 'excel']",2,Bachelor's,6
62312955,"Design, Media & Creative","['education', 'manufacturing', 'photoshop', 'illustrator', 'r', 'vue', 'graphic design', 'animation']",0,Bachelor's,8
22506245,"Design, Media & Creative","['unix', 'education', 'customer service', 'html', 'photoshop', 'illustrator', 'powerpoint', 'excel', 'graphic design']",0,Bachelor's,9
28663949,"Design, Media & Creative","['photoshop', 'project management', 'multitasking', 'education']",0,Master's,4
39434376,"Design, Media & Creative","['graphic design', 'illustrator', 'education', 'leadership']",0,Bachelor's,4
13998435,"Design, Media & Creative","['teaching', 'education', 'hvac', 'autocad']",0,Master's,4
30965258,"Design, Media & Creative","['education', 'customer service', 'operations', 'guest relations', 'photoshop', 'communication', 'illustrator', 'event planning', 'graphic design', 'negotiation']",3,Bachelor's,10
18835363,"Design, Media & Creative","['strategy', 'research', 'stakeholder management', 'education', 'salesforce', 'teaching', 'public speaking', 'onboarding', 'r', 'project management', 'curriculum development']",0,Bachelor's,11
26503829,"Design, Media & Creative","['strategy', 'education', 'manufacturing', 'communication', 'illustrator', 'problem solving', 'excel']",0,Bachelor's,7
18198627,"Design, Media & Creative","['education', 'customer service', 'html', 'after effects', 'operations', 'typography', 'photoshop', 'maya', 'safety', 'compliance', 'illustrator', 'powerpoint', 'excel', 'animation', 'graphic design', 'color theory', 'mentoring']",0,Master's,17
39252859,"Design, Media & Creative","['attention to detail', 'education', 'time management', 'communication', 'b2c']",19,Bachelor's,5
34051710,"Design, Media & Creative","['research', 'education', 'payroll', 'operations', 'photoshop', 'leadership', 'illustrator', 'public relations', 'graphic design']",0,High School / Diploma,9
37664296,"Design, Media & Creative","['strategy', 'research', 'education', 'html', 'procurement', 'operations', 'typography', 'ux', 'photoshop', 'auditing', 'leadership', 'communication', 'css', 'illustrator', 'project management', 'scrum', 'compliance']",0,High School / Diploma,17
21916744,"Design, Media & Creative","['education', 'html', 'logistics', 'c', 'typography', 'photoshop', 'social media', 'illustrator', 'css', 'communication', 'excel']",0,Bachelor's,11
15425154,"Design, Media & Creative","['attention to detail', 'strategy', 'vendor management', 'education', 'c', 'operations', 'photoshop', 'art direction', 'communication', 'illustrator', 'powerpoint', 'project management', 'excel', 'graphic design']",5,Master's,14
24285142,"Design, Media & Creative","['bash', 'research', 'education', 'customer service', 'typography', 'photoshop', 'communication', 'public relations', 'illustrator', 'event planning', 'graphic design', 'animation']",15,Master's,12
24583187,"Design, Media & Creative","['education', 'c', 'photoshop', 'communication', 'illustrator', 'r', 'project management', 'leadership', 'autocad', 'revit']",0,Master's,10
29865476,"Design, Media & Creative","['data entry', 'customer service', 'education', 'budgeting', 'conflict resolution', 'healthcare', 'time management', 'problem solving', 'excel', 'critical thinking', 'account management']",3,Bachelor's,11
25949631,"Design, Media & Creative","['ppc', 'research', 'education', 'customer service', 'supply chain', 'procurement', 'budgeting', 'seo', 'salesforce', 'accounting', 'social media', 'b2c']",4,Bachelor's,12
21283733,"Design, Media & Creative","['research', 'education', 'html', 'photoshop', 'client retention', 'compliance', 'communication', 'illustrator', 'css', 'powerpoint', 'excel', 'graphic design']",15,Bachelor's,12
51018476,"Design, Media & Creative","['attention to detail', 'education', 'communication', 'powerpoint', 'excel']",0,Master's,5
13014900,"Design, Media & Creative","['education', 'html', 'typography', 'photoshop', 'teaching', 'compliance', 'communication', 'illustrator', 'public relations', 'excel', 'graphic design']",3,Bachelor's,11
44145704,"Design, Media & Creative","['attention to detail', 'education', 'customer service', 'instructional design', 'compliance', 'communication', 'powerpoint', 'excel', 'elearning']",0,Master's,9
18795567,"Design, Media & Creative","['research', 'solidworks', 'manufacturing', 'c', 'html', 'engineering design', 'education', 'ux', 'photoshop', 'illustrator', 'css', 'project management', 'problem solving', 'excel', 'strategic planning']",5,Master's,15
42384185,"Design, Media & Creative","['solidworks', 'education', 'html', 'after effects', 'seo', 'photoshop', 'maya', '3d modeling', 'illustrator', 'powerpoint', 'problem solving', 'graphic design']",0,Master's,12
26942552,"Design, Media & Creative","['communication', 'education', 'customer service', 'accounting']",0,Bachelor's,4
67645662,"Design, Media & Creative","['cold calling', 'education', 'customer service', 'logistics', 'safety', 'autocad', 'analytical']",10,High School / Diploma,7
34511655,"Design, Media & Creative","['strategy', 'cc', 'education', 'html', 'css', 'graphic design']",0,Bachelor's,6
37695494,"Design, Media & Creative","['attention to detail', 'illustrator', 'education']",0,Master's,3
93301686,"Design, Media & Creative","['research', 'education', 'operations', 'safety', '3d modeling', 'aviation', 'powerpoint', 'excel']",0,Master's,8
36856210,Technology & IT,"['education', 'risk management', 'html', 'photoshop', 'compliance', 'illustrator', 'troubleshooting', 'linux', 'analytical']",0,Master's,9
21780877,Technology & IT,"['ticketing system', 'project management', 'education', 'troubleshooting']",0,High School / Diploma,4
33241454,Technology & IT,"['education', 'manufacturing', 'operations', 'communication', 'project management', 'excel', 'critical thinking']",1,High School / Diploma,7
25990239,Technology & IT,"['education', 'customer service', 'html', 'conflict resolution', 'photoshop', 'illustrator', 'project management', 'problem solving', 'powerpoint', 'excel', 'troubleshooting', 'curriculum development', 'php', 'technical support']",0,PhD,14
16899268,Technology & IT,"['education', 'communication', 'leadership', 'project management', 'strategic planning']",0,High School / Diploma,5
91635250,Technology & IT,"['education', 'operations', 'rehabilitation', 'safety', 'communication', 'troubleshooting', 'technical support', 'account management']",0,Bachelor's,8
19796840,Technology & IT,"['strategy', 'payroll', 'risk management', 'oracle', 'procurement', 'education', 'erp', 'auditing', 'financial reporting', 'compliance', 'onboarding', 'communication', 'leadership', 'troubleshooting', 'workday', 'sql']",0,Master's,16
15651486,Technology & IT,"['vendor management', 'unix', 'research', 'education', 'operations', 'erp', 'compliance', 'troubleshooting', 'linux', 'sql']",0,High School / Diploma,10
52246737,Technology & IT,"['strategy', 'education', 'risk management', 'operations', 'compliance', 'statistics', 'problem solving', 'troubleshooting', 'linux', 'mentoring', 'negotiation', 'strategic planning']",5,Bachelor's,12
12045067,Technology & IT,"['compliance', 'education', 'procurement', 'operations']",0,Master's,4
13836471,Technology & IT,"['research', 'education', 'technical support', 'sql']",0,High School / Diploma,4
14789139,Technology & IT,"['education', 'budgeting', 'patient care', 'safety', 'data warehouse', 'sap', 'compliance', 'leadership', 'communication', 'crm', 'project management', 'pmp', 'mentoring', 'sql']",15,Master's,14
36434348,Technology & IT,"['strategy', 'education', 'html', 'c', 'operations', 'oracle', 'photoshop', 'sap', 'communication', 'leadership', 'project management', 'troubleshooting', 'analytical', 'sql', 'strategic planning']",10,Master's,15
27536013,Technology & IT,"['education', 'oracle', 'erp', 'sap', 'data warehouse', 'safety', 'leadership', 'crm', 'project management', 'business intelligence', 'sql', 'strategic planning']",10,Master's,12
18301617,Technology & IT,"['research', 'education', 'manufacturing', 'budgeting', 'logistics', 'teamwork', 'safety', 'compliance', 'leadership', 'communication', 'project management', 'troubleshooting', 'linux', 'technical support', 'sql', 'strategic planning']",0,Bachelor's,16
24913648,Technology & IT,"['education', 'risk management', 'c', 'operations', 'compliance', 'communication', 'troubleshooting', 'technical support']",0,Master's,8
26801767,Technology & IT,"['mathematics', 'unix', 'research', 'education', 'customer service', 'c', 'budgeting', 'operations', 'auditing', 'leadership', 'communication', 'gis', 'excel', 'shell', 'strategic planning']",30,PhD,15
27372171,Technology & IT,"['unix', 'data entry', 'customer service', 'education', 'operations', 'triage', 'quality control', 'spark', 'communication', 'aviation', 'ticketing system', 'statistics', 'excel', 'analytical', 'technical support', 'strategic planning']",10,Master's,16
91697974,Technology & IT,"['research', 'education', 'customer service', 'procurement', 'operations', 'communication', 'leadership', 'time management', 'powerpoint', 'problem solving', 'legal research', 'excel', 'project management', 'presentation skills', 'technical support']",5,Bachelor's,15
28672970,Technology & IT,"['education', 'operations', 'erp', 'accounting', 'leadership', 'communication', 'project management', 'mentoring', 'technical support', 'strategic planning']",0,Master's,10
66832845,Technology & IT,"['unix', 'education', 'operations', 'azure', 'communication', 'troubleshooting', 'linux', 'account management']",0,Master's,8
25207620,Technology & IT,"['attention to detail', 'education', 'customer service', 'operations', 'sap', 'communication', 'troubleshooting', 'presentation skills', 'technical support']",2,Bachelor's,9
41344156,Technology & IT,"['strategy', 'education', 'budgeting', 'operations', 'sql', 'healthcare', 'compliance', 'leadership', 'crm', 'communication', 'business intelligence', 'hipaa', 'mentoring', 'negotiation']",8,Bachelor's,14
68460556,Technology & IT,"['education', 'customer service', 'operations', 'communication', 'problem solving', 'excel']",0,Bachelor's,6
10247517,Technology & IT,"['manufacturing', 'erp', 'leadership', 'education', 'budgeting', 'quality control', 'sap', 'project management', 'strategic planning', 'solidworks', 'compliance', 'communication', 'powerpoint', 'problem solving', 'excel', 'autocad', 'operations', 'troubleshooting', 'sql']",0,Master's,19
25959103,Technology & IT,"['research', 'education', 'operations', 'leadership', 'troubleshooting', 'technical support', 'sql']",0,Master's,7
13385306,Technology & IT,"['strategy', 'research', 'education', 'oracle', 'c', 'tableau', 'leadership', 'project management', 'business intelligence', 'sql']",0,Master's,10
38753827,Technology & IT,"['vendor management', 'strategy', 'education', 'budgeting', 'operations', 'treatment planning', 'salesforce', 'data warehouse', 'compliance', 'leadership', 'crm', 'financial reporting', 'project management', 'business intelligence', 'hipaa', 'email marketing', 'mentoring']",0,Master's,17
17681064,Technology & IT,"['vendor management', 'education', 'customer service', 'oracle', 'c', 'salesforce', 'leadership', 'crm', 'project management', 'technical support']",0,Master's,10
25905275,Technology & IT,"['education', 'customer service', 'operations', 'communication', 'leadership', 'ticketing system', 'powerpoint', 'problem solving', 'project management', 'excel', 'troubleshooting', 'analytical', 'technical support']",10,Bachelor's,13
11580408,Technology & IT,"['unix', 'education', 'c', 'erp', 'communication', 'r', 'problem solving', 'sql']",0,Bachelor's,8
19201175,Technology & IT,"['education', 'customer service', 'food safety', 'communication', 'problem solving', 'technical support']",0,Bachelor's,6
12635195,Technology & IT,"['education', 'c', 'java', 'python', 'project management', 'javascript', 'troubleshooting']",0,Master's,7
32959732,Technology & IT,"['manufacturing', 'erp', 'azure', 'tableau', 'leadership', 'hospitality', 'account management', 'education', 'budgeting', 'sap', 'accounting', 'crm', 'project management', 'linux', 'payroll', 'communication', 'scrum', 'ticketing system', 'employee relations', 'operations', 'sql']",3,Bachelor's,21
17688766,Technology & IT,"['unix', 'education', 'risk management', 'customer service', 'operations', 'compliance', 'communication', 'leadership', 'accounting', 'problem solving', 'troubleshooting', 'technical support', 'sql']",0,High School / Diploma,13
20024870,Technology & IT,"['education', 'c', 'html', 'photoshop', 'erp', 'healthcare', 'accounting', 'java', 'illustrator', 'crm', 'sem', 'statistics', 'nursing', 'excel', 'php', 'sql']",0,Master's,16
22450718,Technology & IT,"['unix', 'research', 'education', 'oracle', 'operations', 'communication', 'powerpoint', 'excel', 'troubleshooting', 'linux', 'analytical', 'technical support']",5,Master's,12
46260230,Technology & IT,"['spark', 'leadership', 'aviation', 'critical thinking', 'education', 'quality control', 'safety', 'project management', 'linux', 'analytical', 'technical support', 'research', 'compliance', 'communication', 'time management', 'problem solving', 'strategy', 'operations', 'multitasking', 'troubleshooting']",10,Master's,20
10839851,Technology & IT,"['technical support', 'troubleshooting']",0,Bachelor's,2
18752129,Technology & IT,"['cpr', 'education', 'c', 'conflict resolution', 'safety', 'teaching']",5,Bachelor's,6
37764298,Technology & IT,"['data entry', 'education', 'operations', 'quality control', 'compliance', 'crm', 'powerpoint', 'excel', 'troubleshooting', 'sql']",0,Master's,10
90867631,Technology & IT,"['education', 'customer service', 'c', 'html', 'operations', 'logistics', 'oracle', 'safety', 'communication', 'leadership', 'project management', 'troubleshooting', 'technical support', 'sql']",5,Master's,14
17641670,Technology & IT,"['research', 'education', 'customer service', 'html', 'teamwork', 'operations', 'ux', 'compliance', 'communication', 'leadership', 'project management', 'excel', 'troubleshooting', 'analytical']",0,Master's,14
24889109,Technology & IT,"['education', 'technical support', 'operations', 'leadership', 'troubleshooting', 'performance management']",3,Bachelor's,6
24083609,Technology & IT,"['time management', 'education', 'attention to detail']",0,Bachelor's,3
24038620,Technology & IT,"['education', 'operations', 'crm', 'leadership', 'project management', 'negotiation', 'strategic planning']",0,Master's,7
29051656,Technology & IT,"['aws', 'unix', 'bash', 'education', 'oracle', 'operations', 'mysql', 'ux', 'auditing', 'communication', 'problem solving', 'civil engineering', 'shell', 'troubleshooting', 'linux', 'analytical', 'technical support', 'sql']",0,Bachelor's,18
20237244,Technology & IT,"['bash', 'unix', 'education', 'operations', 'compliance', 'hipaa', 'troubleshooting', 'linux', 'analytical', 'technical support']",16,Bachelor's,10
20001721,Technology & IT,"['unix', 'vba', 'education', 'customer service', 'compliance', 'problem solving', 'excel', 'linux', 'analytical', 'sql']",0,Bachelor's,10
92069209,Technology & IT,"['education', 'operations', 'safety', 'leadership', 'communication', 'gis', 'project management']",0,High School / Diploma,7
13405733,Technology & IT,"['leadership', 'critical thinking', 'six sigma', 'education', 'budgeting', 'crm', 'project management', 'research', 'oracle', 'conflict resolution', 'compliance', 'time management', 'communication', 'python', 'social media', 'excel', 'operations', 'salesforce', 'business intelligence', 'perl', 'sql']",13,Master's,21
28697203,Technology & IT,"['education', 'procurement', 'agile methodology', 'scada', 'kanban', 'scrum', 'communication', 'project management', 'pmp']",7,Master's,9
28035460,Technology & IT,"['research', 'education', 'operations', 'safety', 'communication', 'problem solving', 'technical support']",0,Master's,7
21283365,Technology & IT,"['education', 'manufacturing', 'operations', 'erp', 'accounting', 'leadership', 'communication', 'r', 'project management', 'hipaa', 'technical support', 'strategic planning']",0,Master's,12
17987433,Technology & IT,"['research', 'education', 'analytical']",0,Master's,3
10553553,Technology & IT,"['education', 'operations', 'communication', 'scrum', 'technical support', 'sql']",0,Master's,6
15118506,Technology & IT,"['vendor management', 'strategy', 'education', 'budgeting', 'operations', 'erp', 'compliance', 'communication', 'leadership', 'r', 'project management']",0,Bachelor's,11
18176523,Technology & IT,"['strategy', 'education', 'operations', 'healthcare', 'leadership', 'problem solving', 'troubleshooting', 'sql']",0,Bachelor's,8
24020470,Technology & IT,"['education', 'customer service', 'operations', 'salesforce', 'photoshop', 'compliance', 'crm', 'illustrator', 'problem solving', 'troubleshooting']",0,Bachelor's,10
70089206,Technology & IT,"['unix', 'research', 'education', 'c', 'oracle', 'budgeting', 'compliance', 'java', 'project management', 'statistics', 'javascript', 'shell', 'perl', 'linux', 'sql']",0,Master's,15
27770859,Technology & IT,"['education', 'manufacturing', 'html', 'c', 'operations', 'intellectual property', 'mysql', 'communication', 'leadership', 'project management', 'troubleshooting', 'linux', 'php']",0,Bachelor's,13
57002858,Technology & IT,"['education', 'accounting', 'communication', 'time management', 'problem solving', 'excel', 'troubleshooting', 'sql']",0,Bachelor's,8
13477922,Technology & IT,"['teaching', 'education', 'troubleshooting']",0,High School / Diploma,3
28126340,Technology & IT,"['customer service', 'leadership', 'six sigma', 'education', 'html', 'project management', 'linux', 'analytical', 'technical support', 'research', 'payroll', 'oracle', 'photoshop', 'compliance', 'css', 'php', 'strategy', 'operations', 'mysql', 'javascript', 'sql']",9,Master's,21
37242217,Technology & IT,"['erp', 'healthcare', 'unix', 'education', 'risk management', 'after effects', 'java', 'illustrator', 'project management', 'linux', 'oracle', 'c', 'photoshop', 'compliance', 'social media', 'css', 'php', 'operations', 'mysql', 'seo', 'javascript', 'sql']",10,Master's,22
10089434,Technology & IT,"['bash', 'research', 'education', 'c', 'html', 'azure', 'java', 'css', 'troubleshooting', 'linux', 'sql']",0,Bachelor's,11
11957080,Technology & IT,"['customer service', 'tutoring', 'unix', 'education', 'html', 'sap', 'r', 'linux', 'technical support', 'research', 'procurement', 'teamwork', 'teaching', 'communication', 'powerpoint', 'excel', 'vue', 'troubleshooting', 'sql']",8,Master's,19
35325329,Technology & IT,"['strategy', 'education', 'risk management', 'operations', 'compliance', 'onboarding', 'scrum', 'project management', 'emr', 'hipaa', 'pmp', 'six sigma', 'strategic planning']",0,Master's,13
10840430,Technology & IT,"['research', 'education', 'customer service', 'logistics', 'operations', 'budgeting', 'procurement', 'scada', 'communication', 'project management', 'problem solving']",0,Master's,11
64017585,Technology & IT,"['strategy', 'education', 'linux', 'compliance', 'graphic design']",0,Master's,5
19850482,Technology & IT,"['strategy', 'education', 'budgeting', 'operations', 'conflict resolution', 'equities', 'teamwork', 'leadership', 'bloomberg', 'project management']",0,High School / Diploma,10
52618188,Technology & IT,"['attention to detail', 'customer service', 'manufacturing', 'erp', 'leadership', 'critical thinking', 'education', 'sap', 'auditing', 'crm', 'project management', 'research', 'oracle', 'supply chain', 'procurement', 'compliance', 'communication', 'ticketing system', 'problem solving', 'excel', 'shell', 'operations']",0,Bachelor's,22
28897981,Technology & IT,"['research', 'education', 'html', 'rehabilitation', 'operations', 'mysql', 'compliance', 'communication', 'leadership', 'r', 'css', 'problem solving', 'troubleshooting', 'linux', 'php']",0,Master's,15
51639418,Technology & IT,"['education', 'oracle', 'budgeting', 'operations', 'rehabilitation', 'mentoring', 'scada', 'compliance', 'communication', 'leadership', 'project management', 'linux', 'analytical', 'performance management', 'sql']",0,PhD,15
20674668,Technology & IT,"['unix', 'strategy', 'c', 'oracle', 'html', 'compliance', 'java', 'python', 'php', 'problem solving', 'javascript', 'css', 'statistics', 'business intelligence', 'analytical', 'sql']",0,Master's,16
23527321,Technology & IT,"['strategy', 'education', 'manufacturing', 'supply chain', 'logistics', 'operations', 'procurement', 'erp', 'sap', 'healthcare', 'accounting', 'communication', 'leadership', 'r', 'analytical', 'account management']",0,Master's,16
18159866,Technology & IT,"['education', 'manufacturing', 'oracle', 'supply chain', 'operations', 'customer service', 'budgeting', 'erp', 'leadership', 'financial reporting', 'kanban', 'project management', 'mentoring', 'technical support', 'analytical', 'strategic planning']",0,High School / Diploma,16
22776912,Technology & IT,"['customer service', 'manufacturing', 'lean manufacturing', 'erp', 'leadership', 'b2c', 'education', 'budgeting', 'accounting', 'crm', 'r', 'strategic planning', 'supply chain', 'negotiation', 'compliance', 'time management', 'ticketing system', 'data entry', 'sql']",0,High School / Diploma,19
23864648,Technology & IT,"['unix', 'education', 'c', 'oracle', 'operations', 'erp', 'healthcare', 'compliance', 'leadership', 'crm', 'hipaa', 'troubleshooting', 'linux', 'shell', 'technical support', 'negotiation']",20,Master's,16
18187364,Technology & IT,"['unix', 'education', 'oracle', 'procurement', 'c', 'auditing', 'statistics', 'shell', 'troubleshooting', 'linux', 'mentoring', 'sql', 'account management']",0,Master's,13
83816738,Technology & IT,"['aws', 'mongodb', 'jenkins', 'education', 'html', 'safety', 'java', 'project management', 'linux', 'analytical', 'research', 'postgresql', 'oracle', 'c', 'agile methodology', 'communication', 'scrum', 'css', 'php', 'spring boot', 'data entry', 'robotics', 'mysql', 'javascript', 'sql']",3,Master's,25
20824105,Technology & IT,"['aws', 'bash', 'education', 'oracle', 'communication', 'python', 'linux']",0,Master's,7
33381211,Technology & IT,"['aws', 'strategy', 'education', 'customer service', 'oracle', 'c', 'leadership', 'inventory management', 'sql']",20,Master's,9
16533554,Technology & IT,"['education', 'operations', 'photoshop', 'communication', 'illustrator', 'project management', 'troubleshooting', 'technical support']",16,Master's,8
20879311,Technology & IT,"['strategy', 'education', 'risk management', 'manufacturing', 'logistics', 'operations', 'procurement', 'sql', 'compliance', 'leadership', 'project management', 'troubleshooting', 'mentoring', 'negotiation', 'strategic planning']",15,Associate's,15
31111279,Technology & IT,"['vba', 'unix', 'education', 'payroll', 'c', 'conflict resolution', 'healthcare', 'accounting', 'communication', 'leadership', 'onboarding', 'project management', 'portfolio management', 'emr', 'pmp', 'sql', 'hris']",17,Master's,17
17111768,Technology & IT,"['unix', 'research', 'education', 'customer service', 'oracle', 'logistics', 'operations', 'budgeting', 'sap', 'compliance', 'financial reporting', 'accounting', 'communication', 'project management', 'leadership', 'linux', 'pmp', 'sql']",0,Master's,18
11584809,Technology & IT,"['education', 'ux', 'communication', 'leadership', 'project management', 'linux', 'pmp']",0,Master's,7
20408458,Technology & IT,"['leadership', 'communication']",10,High School / Diploma,2
91121135,Technology & IT,"['attention to detail', 'payroll', 'education', 'safety', 'sap', 'communication', 'powerpoint', 'statistics', 'excel', 'accounts payable']",0,High School / Diploma,10
24230851,Technology & IT,"['education', 'customer service', 'recruitment', 'operations', 'conflict resolution', 'quality control', 'safety', 'healthcare', 'leadership', 'communication', 'time management', 'excel', 'analytical']",0,Bachelor's,13
40018190,Technology & IT,"['education', 'customer service', 'operations', 'sap', 'accounting', 'troubleshooting', 'analytical', 'technical support']",0,Bachelor's,8
16186411,Technology & IT,"['research', 'education', 'html', 'c', 'mysql', 'data warehouse', 'java', 'scrum', 'css', 'javascript', 'excel', 'tutoring', 'sql']",2,Master's,13
29975124,Technology & IT,"['unix', 'education', 'c', 'oracle', 'html', 'ux', 'communication', 'leadership', 'gis', 'project management', 'shell', 'php', 'sql']",20,Bachelor's,13
26746496,Technology & IT,"['research', 'education', 'html', 'c', 'mysql', 'data warehouse', 'java', 'scrum', 'css', 'javascript', 'excel', 'tutoring', 'sql']",2,Master's,13
89413122,Technology & IT,"['research', 'education', 'budgeting', 'operations', 'project management', 'event planning', 'technical support']",0,Master's,7
12334140,Technology & IT,"['education', 'risk management', 'operations', 'accounting', 'communication', 'statistics', 'troubleshooting', 'technical support']",0,Master's,8
10641230,Technology & IT,"['video editing', 'education', 'html', 'budgeting', 'seo', 'linux', 'java', 'social media', 'css', 'project management', 'javascript', 'troubleshooting', 'graphic design', 'php']",4,High School / Diploma,14
10265057,Technology & IT,"['research', 'education', 'manufacturing', 'c', 'data mining', 'operations', 'java', 'communication', 'python', 'statistics', 'excel', 'troubleshooting', 'matlab', 'sql']",0,Master's,14
30223363,Technology & IT,"['data warehouse', 'education', 'html', 'quality control', 'sap', 'java', 'crm', 'project management', 'linux', 'research', 'c', 'oracle', 'communication', 'ticketing system', 'php', 'mysql', 'public relations', 'business intelligence', 'perl', 'troubleshooting', 'email marketing', 'sql']",0,Master's,22
15791766,Technology & IT,"['education', 'customer service', 'budgeting', 'quality control', 'communication', 'critical thinking', 'project management', 'problem solving', 'troubleshooting', 'technical support']",9,Master's,10
29075857,Technology & IT,"['vendor management', 'strategy', 'research', 'education', 'oracle', 'procurement', 'quality control', 'negotiation', 'data warehouse', 'communication', 'leadership', 'business intelligence', 'project management', 'portfolio management', 'excel', 'mentoring', 'sql', 'strategic planning']",0,Master's,18
12763627,Technology & IT,"['education', 'c', 'html', 'oracle', 'mysql', 'sap', 'communication', 'css', 'javascript', 'sql']",0,Master's,10
39718499,Technology & IT,"['education', 'customer service', 'teamwork', 'leadership', 'communication']",0,Bachelor's,5
27058381,Technology & IT,"['education', 'risk management', 'c', 'operations', 'auditing', 'communication', 'compliance', 'r', 'project management', 'problem solving', 'powerpoint', 'excel', 'troubleshooting']",7,High School / Diploma,13
25857360,Technology & IT,"['data entry', 'customer service', 'education', 'procurement', 'logistics', 'triage', 'compliance', 'communication', 'accounting', 'hipaa', 'excel', 'event planning']",14,Bachelor's,12
26768723,Technology & IT,"['research', 'education', 'onboarding', 'css', 'tutoring', 'troubleshooting', 'linux', 'technical support']",0,Bachelor's,8
31243710,Technology & IT,"['solidworks', 'education', 'manufacturing', 'c', 'mysql', 'erp', 'teaching', 'compliance', 'crm', 'project management', 'excel', 'troubleshooting', 'linux', 'hipaa', 'sql']",0,High School / Diploma,15
15297298,Technology & IT,"['healthcare', 'leadership', 'education', 'budgeting', 'accounting', 'project management', 'technical support', 'strategic planning', 'procurement', 'conflict resolution', 'compliance', 'communication', 'emr', 'excel', 'hipaa', 'employee relations', 'performance management', 'patient care', 'operations', 'inventory management', 'public relations']",0,Master's,21
27295996,Technology & IT,"['research', 'education', 'procurement', 'budgeting', 'negotiation', 'salesforce', 'erp', 'azure', 'compliance', 'communication', 'crm', 'project management', 'linux', 'technical support', 'sql', 'strategic planning']",0,Bachelor's,16
39413067,Technology & IT,"['education', 'c', 'html', 'operations', 'time management', 'communication', 'java', 'project management', 'problem solving', 'php', 'troubleshooting', 'analytical', 'technical support', 'sql']",0,Master's,14
48037995,Technology & IT,"['research', 'education', 'customer service', 'patient care', 'pharmacology', 'safety', 'teaching', 'healthcare', 'inventory management', 'powerpoint', 'excel', 'analytical']",0,Master's,12
15802627,Technology & IT,"['strategy', 'education', 'procurement', 'operations']",0,Master's,4
51363762,Technology & IT,"['attention to detail', 'strategy', 'education', 'c', 'procurement', 'conflict resolution', 'compliance', 'leadership', 'project management', 'troubleshooting', 'analytical']",0,Bachelor's,11
18067556,Technology & IT,"['aws', 'vba', 'manufacturing', 'erp', 'data warehouse', 'azure', 'tableau', 'education', 'risk management', 'html', 'budgeting', 'accounting', 'crm', 'r', 'project management', 'linux', 'pmp', 'strategic planning', 'supply chain', 'oracle', 'logistics', 'procurement', 'data mining', 'compliance', 'css', 'python', 'excel', 'strategy', 'data entry', 'farming', 'operations', 'business intelligence', 'sql']",0,Master's,33
27485716,Technology & IT,"['education', 'budgeting', 'procurement', 'operations', 'erp', 'compliance', 'leadership', 'project management', 'technical support', 'strategic planning']",0,Bachelor's,10
26480367,Technology & IT,"['education', 'c', 'html', 'python', 'project management', 'technical support']",0,Bachelor's,6
81761658,Technology & IT,"['research', 'education', 'communication', 'leadership', 'project management', 'hipaa', 'troubleshooting', 'linux']",0,Bachelor's,8
79541391,Technology & IT,"['education', 'customer service', 'operations', 'conflict resolution', 'quality control', 'sap', 'compliance', 'statistics', 'excel', 'autocad', 'technical support', 'sql', 'troubleshooting']",0,Master's,13
23666211,Technology & IT,"['research', 'education', 'customer service', 'operations', 'quality control', 'leadership', 'problem solving', 'curriculum development']",10,Master's,8
12467531,Education & Training,"['mathematics', 'research', 'education', 'robotics', 'instructional design', 'operations', 'teaching', 'photoshop', 'leadership', 'social media', 'portfolio management', 'excel', 'financial analysis']",5,Master's,13
19918523,Education & Training,"['education', 'customer service', 'advocacy', 'teaching', 'leadership', 'communication', 'troubleshooting', 'curriculum development']",0,Master's,8
62184086,Education & Training,"['education', 'instructional design', 'conflict resolution', 'lesson planning', 'teaching', 'communication', 'time management', 'leadership', 'problem solving', 'critical thinking']",0,Master's,10
28063132,Education & Training,"['attention to detail', 'education', 'customer service', 'salesforce', 'photoshop', 'communication', 'ticketing system', 'powerpoint', 'nursing', 'analytical']",0,Bachelor's,10
29797594,Education & Training,"['research', 'education', 'c', 'teaching', 'leadership', 'r', 'critical thinking']",0,Bachelor's,7
22408666,Education & Training,"['mathematics', 'cpr', 'education', 'safety', 'classroom management', 'teaching', 'communication', 'tutoring']",4,Bachelor's,8
13087952,Education & Training,"['education', 'teaching', 'communication', 'leadership', 'mentoring']",0,High School / Diploma,5
15850434,Education & Training,"['education', 'lesson planning', 'teaching', 'classroom management', 'communication', 'problem solving', 'special education']",0,Bachelor's,7
28772892,Education & Training,"['education', 'budgeting', 'rehabilitation', 'advocacy', 'teaching', 'classroom management', 'compliance', 'communication', 'leadership', 'special education']",0,Master's,10
33704389,Education & Training,"['education', 'lesson planning', 'teaching', 'communication', 'special education']",0,High School / Diploma,5
16210888,Education & Training,"['mathematics', 'research', 'education', 'operations', 'safety', 'teaching', 'leadership', 'public relations', 'communication', 'critical thinking']",0,Master's,10
38750659,Education & Training,"['education', 'recruitment', 'instructional design', 'operations', 'lesson planning', 'photoshop', 'compliance', 'communication', 'powerpoint', 'curriculum development']",0,Master's,10
90363254,Education & Training,"['research', 'education', 'instructional design', 'conflict resolution', 'teaching', 'communication', 'problem solving', 'tutoring', 'graphic design', 'curriculum development', 'critical thinking']",5,Master's,11
66906212,Education & Training,"['education', 'operations', 'lesson planning', 'classroom management', 'teaching', 'communication', 'tutoring', 'event planning', 'special education']",0,Bachelor's,9
34745915,Education & Training,"['education', 'customer service', 'seo', 'teaching', 'problem solving']",0,Bachelor's,5
34689720,Education & Training,"['research', 'education', 'customer service', 'quality control', 'teaching', 'compliance', 'leadership', 'hospitality']",1,Master's,8
48547319,Education & Training,"['cpr', 'education', 'safety', 'classroom management', 'teaching', 'communication']",0,Bachelor's,6
19464810,Education & Training,"['education', 'customer service', 'data entry', 'logistics', 'accounts receivable', 'teaching', 'multitasking', 'accounting', 'social media', 'time management', 'compliance', 'powerpoint', 'excel', 'tutoring', 'hipaa']",10,Bachelor's,15
28086303,Education & Training,"['education', 'lesson planning', 'classroom management', 'teaching', 'communication', 'problem solving', 'curriculum development', 'special education']",0,Bachelor's,8
13855004,Education & Training,"['mathematics', 'education', 'communication', 'powerpoint', 'excel', 'special education']",0,High School / Diploma,6
35421497,Education & Training,"['cpr', 'education', 'lesson planning', 'teaching', 'sap', 'classroom management', 'communication', 'problem solving']",0,Bachelor's,8
69005326,Education & Training,"['cpr', 'education', 'operations', 'safety', 'bls', 'compliance', 'communication', 'time management', 'hipaa', 'nursing']",0,High School / Diploma,10
18001081,Education & Training,"['education', 'teaching', 'classroom management', 'communication', 'problem solving', 'curriculum development']",0,Master's,6
14958913,Education & Training,"['cpr', 'education', 'patient care', 'teaching', 'leadership', 'nursing']",0,High School / Diploma,6
13296856,Education & Training,"['education', 'teaching', 'communication', 'time management', 'leadership', 'problem solving', 'dispute resolution', 'mentoring', 'strategic planning']",9,Master's,9
63391085,Education & Training,"['research', 'education', 'payroll', 'compliance', 'communication', 'leadership', 'powerpoint', 'excel', 'special education']",0,Master's,9
23939133,Education & Training,"['education', 'recruitment', 'safety', 'teaching', 'compliance']",5,Bachelor's,5
96547039,Education & Training,"['cpr', 'education', 'c', 'conflict resolution', 'teaching', 'safety', 'communication', 'time management']",5,High School / Diploma,8
22807104,Education & Training,"['attention to detail', 'mathematics', 'education', 'customer service', 'operations', 'conflict resolution', 'teaching', 'safety', 'accounting', 'leadership', 'inventory management', 'communication', 'problem solving', 'excel', 'nursing']",5,High School / Diploma,15
23628651,Education & Training,"['mathematics', 'education', 'robotics', 'teaching', 'photoshop', 'public speaking', 'communication', 'public relations', 'leadership', 'illustrator', 'problem solving', 'project management', 'special education']",5,Bachelor's,13
29486525,Education & Training,"['mathematics', 'education', 'teaching', 'communication', 'problem solving']",5,Bachelor's,5
22510753,Education & Training,"['education', 'teamwork', 'teaching', 'communication', 'leadership', 'time management', 'powerpoint', 'problem solving', 'excel', 'curriculum development']",0,High School / Diploma,10
21773106,Education & Training,"['cpr', 'education', 'lesson planning', 'classroom management', 'teaching', 'public speaking', 'time management', 'communication', 'leadership', 'mentoring']",2,Master's,10
34465087,Education & Training,"['cpr', 'research', 'education', 'customer service', 'conflict resolution', 'operations', 'communication', 'account management']",10,Bachelor's,8
24791126,Education & Training,"['research', 'education', 'c', 'data mining', 'food safety', 'quality control', 'teaching', 'safety', 'r', 'statistics', 'curriculum development', 'php']",0,High School / Diploma,12
15899269,Education & Training,['education'],0,Bachelor's,1
37402097,Education & Training,"['medical terminology', 'education', 'customer service', 'anatomy', 'patient care', 'communication', 'emr', 'physiology']",4,High School / Diploma,8
36206485,Education & Training,"['education', 'lesson planning', 'classroom management', 'teaching', 'communication', 'leadership', 'powerpoint', 'problem solving', 'excel', 'special education']",0,Master's,10
36569713,Education & Training,"['mathematics', 'education', 'lesson planning', 'teaching', 'communication', 'time management']",20,Master's,6
28013287,Education & Training,"['research', 'data entry', 'customer service', 'education', 'lesson planning', 'accounts receivable', 'teaching', 'safety', 'communication', 'powerpoint', 'problem solving', 'excel']",3,Bachelor's,12
29267293,Education & Training,"['leadership', 'teaching', 'education', 'time management']",0,Bachelor's,4
45286020,Education & Training,"['mathematics', 'cpr', 'education', 'lesson planning', 'teaching', 'excel']",19,Master's,6
13330982,Education & Training,"['cpr', 'education', 'classroom management', 'safety', 'leadership', 'critical thinking']",0,High School / Diploma,6
22551979,Education & Training,"['attention to detail', 'education', 'operations', 'lesson planning', 'teaching', 'time management', 'leadership', 'communication', 'social media', 'statistics', 'excel', 'tutoring', 'critical thinking']",0,Master's,13
29639533,Education & Training,"['mathematics', 'education', 'c', 'teamwork', 'teaching', 'classroom management', 'r', 'mentoring']",10,Master's,8
49285644,Education & Training,"['attention to detail', 'cpr', 'research', 'education', 'customer service', 'logistics', 'operations', 'teaching', 'safety', 'leadership', 'communication', 'powerpoint', 'excel']",0,Master's,13
16270906,Education & Training,"['research', 'education', 'customer service', 'supply chain', 'data entry', 'operations', 'budgeting', 'procurement', 'accounts receivable', 'healthcare', 'auditing', 'compliance', 'accounting', 'aviation', 'leadership', 'accounts payable']",0,Bachelor's,16
27531694,Education & Training,"['cpr', 'education', 'payroll', 'customer service', 'operations', 'lesson planning', 'classroom management', 'teaching', 'sap', 'accounting', 'communication', 'auditing', 'tutoring', 'excel', 'special education']",10,Master's,15
74816727,Education & Training,"['mathematics', 'education', 'operations', 'teaching', 'safety', 'communication', 'tutoring', 'special education']",0,Master's,8
23398843,Education & Training,"['research', 'education', 'budgeting', 'safety', 'communication', 'powerpoint', 'project management', 'excel', 'analytical']",10,Master's,9
31552617,Education & Training,"['education', 'operations', 'teaching', 'sap', 'communication', 'leadership']",0,Master's,6
19556300,Education & Training,"['attention to detail', 'education', 'payroll', 'time management']",9,Bachelor's,4
66683238,Education & Training,"['education', 'supply chain', 'logistics', 'teaching', 'communication', 'powerpoint', 'excel']",0,Master's,7
17311685,Education & Training,"['education', 'classroom management', 'teaching', 'leadership', 'powerpoint', 'excel']",0,Master's,6
17481570,Education & Training,"['cpr', 'education', 'classroom management', 'teaching', 'communication', 'special education']",0,Master's,6
22884757,Education & Training,"['education', 'customer service', 'teamwork', 'rehabilitation', 'lesson planning', 'teaching', 'classroom management', 'compliance', 'communication', 'powerpoint', 'excel', 'curriculum development']",0,Master's,12
58708773,Education & Training,"['teaching', 'education']",0,Bachelor's,2
10527994,Education & Training,"['powerpoint', 'education', 'excel']",0,Bachelor's,3
69532425,Education & Training,"['cpr', 'education', 'customer service', 'classroom management', 'teaching', 'time management', 'communication', 'critical thinking']",0,Bachelor's,8
20399718,Education & Training,"['education', 'classroom management', 'compliance', 'communication', 'technical support', 'special education']",0,Bachelor's,6
19302310,Education & Training,"['education', 'safety', 'teaching', 'leadership', 'time management', 'problem solving', 'dispute resolution']",0,Bachelor's,7
51209395,Education & Training,"['education', 'customer service', 'leadership', 'communication', 'mentoring']",0,Bachelor's,5
22632070,Education & Training,"['teaching', 'education', 'instructional design']",25,Master's,3
22056333,Education & Training,"['cpr', 'education']",5,Bachelor's,2
11336022,Education & Training,"['education', 'customer service', 'communication', 'powerpoint', 'excel']",0,High School / Diploma,5
11616482,Education & Training,"['education', 'html', 'lesson planning', 'compliance', 'communication', 'critical thinking']",0,Master's,6
34033933,Education & Training,"['attention to detail', 'education', 'customer service', 'operations', 'healthcare', 'communication', 'powerpoint', 'problem solving', 'excel']",4,Bachelor's,9
21531811,Education & Training,"['education', 'lesson planning', 'teaching', 'accounting', 'tutoring', 'critical thinking']",0,High School / Diploma,6
20626794,Education & Training,"['cpr', 'education', 'customer service', 'c', 'teaching', 'excel']",0,Bachelor's,6
58665241,Education & Training,"['research', 'education', 'teaching', 'classroom management', 'critical thinking', 'special education']",0,PhD,6
37660306,Education & Training,"['education', 'operations', 'lesson planning', 'teaching', 'agriculture', 'r', 'taxation']",0,Bachelor's,7
13583538,Education & Training,"['communication', 'education', 'teamwork', 'accounting']",0,Bachelor's,4
20230207,Education & Training,"['education', 'lesson planning', 'classroom management', 'teaching', 'safety', 'leadership', 'curriculum development']",3,Master's,7
28642819,Education & Training,"['cpr', 'education', 'lesson planning', 'classroom management', 'teaching', 'safety', 'leadership', 'communication', 'tutoring', 'special education']",0,Master's,10
16820422,Education & Training,"['social media', 'education', 'recruitment', 'operations']",1,Bachelor's,4
29930479,Education & Training,"['education', 'lesson planning', 'teaching', 'powerpoint', 'tutoring', 'excel', 'special education']",0,Master's,7
25588694,Education & Training,"['classroom management', 'education', 'teaching']",12,High School / Diploma,3
86597425,Education & Training,"['attention to detail', 'research', 'payroll', 'customer service', 'education', 'data entry', 'teaching', 'safety', 'accounting', 'communication', 'time management', 'onboarding', 'powerpoint', 'excel', 'critical thinking']",0,Master's,15
10909720,Education & Training,"['classroom management', 'education']",0,Master's,2
28933005,Education & Training,"['cpr', 'education', 'advocacy', 'classroom management', 'teaching', 'compliance', 'leadership', 'tutoring', 'special education']",0,Bachelor's,9
53129155,Education & Training,"['education', 'customer service', 'classroom management', 'agriculture', 'leadership', 'time management', 'communication', 'social media', 'problem solving']",0,Bachelor's,9
11943065,Education & Training,"['cpr', 'mathematics', 'education', 'conflict resolution', 'lesson planning', 'classroom management', 'teaching', 'bls', 'safety', 'tutoring']",0,Master's,10
45987048,Education & Training,"['mathematics', 'research', 'education', 'operations', 'safety', 'multitasking', 'compliance', 'leadership', 'troubleshooting']",0,Bachelor's,9
99244405,Education & Training,"['education', 'customer service', 'operations', 'conflict resolution', 'teaching', 'classroom management', 'public speaking', 'communication', 'leadership', 'problem solving']",0,Master's,10
32067700,Education & Training,"['education', 'safety', 'teaching', 'communication', 'social media', 'hospitality']",0,Master's,6
27126818,Education & Training,"['research', 'education', 'teamwork', 'operations', 'lesson planning', 'classroom management', 'teaching', 'safety', 'spark', 'leadership', 'communication', 'tutoring', 'critical thinking', 'special education']",0,PhD,14
19786924,Education & Training,"['cpr', 'education', 'payroll', 'classroom management', 'teaching', 'excel']",25,High School / Diploma,6
70892619,Education & Training,"['cpr', 'mathematics', 'education', 'operations', 'problem solving']",0,High School / Diploma,5
25729119,Education & Training,"['mathematics', 'payroll', 'customer service', 'education', 'compliance', 'financial reporting', 'excel', 'accounts payable']",0,Master's,8
58105060,Education & Training,"['mathematics', 'education', 'customer service', 'teaching', 'time management', 'powerpoint', 'excel']",0,Master's,7
12587973,Education & Training,"['strategy', 'cold calling', 'payroll', 'education', 'customer service', 'recruitment', 'operations', 'budgeting', 'teaching', 'communication', 'leadership', 'time management', 'critical thinking', 'negotiation']",8,High School / Diploma,14
21611212,Education & Training,"['cpr', 'education', 'safety']",0,High School / Diploma,3
21550454,Education & Training,"['attention to detail', 'payroll', 'education', 'customer service', 'conflict resolution', 'operations', 'accounts receivable', 'teaching', 'accounting', 'communication', 'problem solving', 'special education']",16,Master's,12
86322251,Education & Training,"['education', 'lesson planning', 'classroom management', 'teaching', 'public speaking', 'leadership', 'communication', 'critical thinking']",15,Bachelor's,8
22968380,Education & Training,"['mathematics', 'education', 'teaching', 'leadership', 'communication', 'social media', 'excel']",0,Bachelor's,7
10504237,Education & Training,"['research', 'education', 'operations', 'anatomy', 'quality control', 'teaching', 'statistics', 'physiology', 'special education']",0,Bachelor's,9
24240349,Education & Training,"['research', 'education', 'public speaking', 'communication', 'social media', 'leadership', 'public relations', 'powerpoint', 'r', 'excel']",16,High School / Diploma,10
20478831,Education & Training,"['research', 'education', 'procurement', 'food safety', 'lesson planning', 'classroom management', 'leadership', 'communication', 'hospitality']",0,Master's,9
79663360,Education & Training,"['education', 'budgeting', 'mentoring', 'safety', 'communication', 'leadership', 'analytical']",0,Master's,7
76196367,Education & Training,"['mathematics', 'research', 'education', 'instructional design', 'teaching', 'event planning', 'curriculum development', 'strategic planning']",20,Master's,8
27524018,Education & Training,"['education', 'customer service', 'safety', 'teaching', 'time management']",0,PhD,5
27798860,Education & Training,"['engineering design', 'leadership', 'gis', 'civil engineering', 'revit', 'education', 'html', 'budgeting', 'quality control', 'hvac', 'project management', 'analytical', 'mathematics', 'solidworks', 'teaching', 'photoshop', 'compliance', 'communication', 'css', 'excel', 'autocad', 'troubleshooting', 'mentoring']",6,Master's,23
14445309,Legal & Compliance,"['education', 'advocacy', 'leadership', 'communication', 'special education']",0,Bachelor's,5
35474904,Legal & Compliance,"['attention to detail', 'research', 'education', 'customer service', 'data entry', 'communication', 'excel']",5,Master's,7
37348041,Legal & Compliance,"['education', 'payroll', 'conflict resolution', 'teaching', 'healthcare', 'leadership', 'mentoring', 'six sigma']",10,Bachelor's,8
89508407,Legal & Compliance,"['strategy', 'education', 'salesforce', 'teaching', 'safety', 'time management', 'communication', 'crm']",0,Bachelor's,8
25873425,Legal & Compliance,"['cpr', 'data entry', 'education', 'operations', 'safety', 'healthcare', 'communication', 'time management', 'r']",0,Master's,9
31040875,Legal & Compliance,['education'],0,Bachelor's,1
11188218,Legal & Compliance,"['research', 'payroll', 'customer service', 'education', 'accounts receivable', 'multitasking', 'accounting', 'communication', 'accounts payable', 'problem solving', 'excel', 'troubleshooting', 'graphic design', 'critical thinking']",4,Bachelor's,14
73448369,Legal & Compliance,"['cpr', 'data entry', 'customer service', 'c', 'communication', 'excel']",0,High School / Diploma,6
42164460,Legal & Compliance,"['data entry', 'customer service', 'education', 'communication', 'leadership', 'project management', 'problem solving', 'excel']",0,Associate's,8
18725071,Legal & Compliance,"['education', 'advocacy', 'teaching', 'powerpoint', 'excel', 'special education']",10,Master's,6
28974459,Legal & Compliance,"['customer service', 'healthcare', 'nursing', 'cpr', 'education', 'bls', 'auditing', 'technical support', 'medical billing', 'conflict resolution', 'compliance', 'communication', 'powerpoint', 'problem solving', 'excel', 'hipaa', 'data entry', 'operations', 'patient care', 'triage']",0,Bachelor's,20
38291889,Legal & Compliance,"['education', 'operations', 'healthcare', 'communication', 'powerpoint', 'excel', 'mentoring']",0,Master's,7
12171093,Legal & Compliance,"['cpr', 'education', 'customer service', 'operations', 'leadership', 'time management']",0,High School / Diploma,6
13967854,Legal & Compliance,"['cpr', 'education', 'advocacy', 'safety', 'public speaking', 'leadership', 'problem solving', 'strategic planning']",0,High School / Diploma,8
90468982,Legal & Compliance,"['research', 'education', 'customer service', 'safety', 'auditing', 'communication']",4,High School / Diploma,6
49475708,Legal & Compliance,"['education', 'c', 'safety', 'compliance', 'r']",4,High School / Diploma,5
54067174,Legal & Compliance,"['education', 'customer service', 'patient care', 'statistics', 'problem solving']",0,High School / Diploma,5
49486820,Legal & Compliance,"['research', 'education', 'customer service', 'data entry', 'payroll', 'conflict resolution', 'medical billing', 'healthcare', 'crm', 'communication', 'social media', 'powerpoint', 'excel', 'troubleshooting', 'employee relations', 'accounts payable', 'negotiation']",0,Master's,17
38860712,Legal & Compliance,"['cpr', 'education', 'advocacy', 'leadership', 'analytical']",0,Bachelor's,5
16332348,Legal & Compliance,"['attention to detail', 'research', 'education', 'customer service', 'advocacy', 'rehabilitation', 'operations', 'safety', 'multitasking', 'time management', 'communication', 'inventory management', 'problem solving', 'excel', 'surgery', 'analytical', 'critical thinking']",0,Master's,17
34970271,Legal & Compliance,"['education', 'customer service', 'patient care', 'rehabilitation', 'compliance', 'statistics', 'nursing']",0,Bachelor's,7
14064815,Legal & Compliance,"['customer service', 'healthcare', 'leadership', 'education', 'risk management', 'analytical', 'medical billing', 'research', 'conflict resolution', 'teaching', 'compliance', 'communication', 'powerpoint', 'problem solving', 'excel', 'employee relations', 'medical terminology', 'data entry', 'patient care', 'troubleshooting', 'negotiation']",0,Master's,21
12544735,Legal & Compliance,"['attention to detail', 'medical terminology', 'data entry', 'education', 'patient care', 'safety', 'healthcare', 'compliance', 'communication', 'leadership', 'hipaa']",7,Master's,11
20138606,Legal & Compliance,"['education', 'risk management', 'data entry', 'advocacy', 'customer service', 'safety', 'compliance', 'leadership', 'communication', 'powerpoint', 'excel', 'event planning']",12,Bachelor's,12
36694627,Legal & Compliance,"['research', 'education', 'customer service', 'c', 'advocacy', 'conflict resolution', 'data entry', 'safety', 'accounting', 'communication', 'public relations', 'powerpoint', 'problem solving', 'statistics', 'excel', 'event planning']",0,High School / Diploma,16
29926588,Legal & Compliance,"['attention to detail', 'research', 'education', 'customer service', 'data entry', 'healthcare', 'leadership', 'communication', 'time management', 'statistics', 'powerpoint', 'excel']",10,Master's,12
28206098,Legal & Compliance,"['research', 'medical terminology', 'customer service', 'data entry', 'conflict resolution', 'anatomy', 'patient care', 'safety', 'communication', 'analytical', 'account management']",15,Bachelor's,11
20765795,Legal & Compliance,"['payroll', 'education', 'manufacturing', 'advocacy', 'conflict resolution', 'customer service', 'safety', 'communication', 'leadership', 'public relations']",10,Bachelor's,10
20272792,Legal & Compliance,"['research', 'education', 'customer service', 'adaptability', 'communication', 'time management', 'leadership', 'problem solving']",0,Bachelor's,8
20324037,Legal & Compliance,"['vendor management', 'education', 'manufacturing', 'supply chain', 'oracle', 'logistics', 'operations', 'customer service', 'gaap', 'erp', 'sap', 'safety', 'accounting', 'communication', 'statistics', 'linux', 'analytical', 'negotiation']",8,Bachelor's,18
53169257,Legal & Compliance,"['research', 'education', 'c', 'logistics', 'rehabilitation', 'patient care', 'operations', 'communication', 'public relations', 'project management']",0,PhD,10
24588864,Legal & Compliance,"['customer service', 'healthcare', 'leadership', 'critical thinking', 'cpr', 'education', 'risk management', 'accounting', 'auditing', 'project management', 'analytical', 'hris', 'research', 'payroll', 'conflict resolution', 'time management', 'communication', 'powerpoint', 'problem solving', 'excel', 'performance management', 'medical terminology', 'rehabilitation']",0,Master's,23
11963737,Legal & Compliance,"['research', 'education', 'operations', 'brand management', 'healthcare', 'accounting', 'communication', 'sql', 'strategic planning']",2,Master's,9
13593241,Legal & Compliance,"['education', 'recruitment', 'advocacy', 'leadership', 'problem solving', 'tutoring', 'mentoring', 'critical thinking']",0,High School / Diploma,8
22391901,Legal & Compliance,"['education', 'customer service', 'operations', 'social media', 'time management', 'communication', 'mentoring']",5,Bachelor's,7
10344379,Legal & Compliance,"['research', 'education', 'customer service', 'supply chain', 'logistics', 'operations', 'safety', 'compliance', 'leadership', 'communication', 'troubleshooting', 'technical support']",0,High School / Diploma,12
74126637,Legal & Compliance,"['education', 'customer service', 'operations', 'communication', 'leadership', 'excel']",0,Bachelor's,6
26071861,Legal & Compliance,"['education', 'html', 'operations', 'python', 'powerpoint', 'javascript', 'excel', 'troubleshooting', 'linux', 'php']",0,High School / Diploma,10
24410405,Legal & Compliance,"['attention to detail', 'data entry', 'customer service', 'education', 'procurement', 'conflict resolution', 'oracle', 'compliance', 'communication', 'public speaking', 'problem solving', 'excel', 'linux', 'presentation skills', 'account management']",0,Master's,15
14146106,Legal & Compliance,"['research', 'education', 'customer service', 'operations', 'accounting', 'communication', 'time management', 'powerpoint']",0,Master's,8
74191424,Legal & Compliance,"['education', 'adaptability', 'operations', 'safety', 'time management', 'leadership', 'problem solving', 'critical thinking']",0,Master's,8
10186968,Legal & Compliance,"['education', 'customer service', 'recruitment', 'operations', 'safety', 'accounting', 'leadership', 'excel']",0,Bachelor's,8
20400279,Legal & Compliance,"['payroll', 'customer service', 'data entry', 'education', 'conflict resolution', 'operations', 'communication', 'time management', 'problem solving']",15,Master's,9
23427369,Legal & Compliance,"['attention to detail', 'mathematics', 'research', 'data entry', 'customer service', 'education', 'healthcare', 'compliance', 'communication', 'surgery', 'excel']",18,Bachelor's,11
95714702,Legal & Compliance,"['data entry', 'customer service', 'education', 'operations', 'auditing', 'leadership', 'problem solving', 'troubleshooting', 'mentoring']",0,Master's,9
18997135,Legal & Compliance,"['mathematics', 'strategy', 'payroll', 'data entry', 'education', 'leadership', 'powerpoint', 'excel', 'accounts payable']",8,Bachelor's,9
11773767,Legal & Compliance,"['cc', 'education', 'customer service', 'research', 'operations', 'salesforce', 'healthcare', 'onboarding', 'project management', 'problem solving', 'excel', 'mentoring', 'technical support', 'account management']",0,Master's,14
78538268,Legal & Compliance,"['strategy', 'education', 'customer service', 'recruitment', 'operations', 'communication', 'time management', 'public relations', 'powerpoint', 'problem solving', 'excel', 'hipaa', 'special education']",0,Bachelor's,13
13909762,Legal & Compliance,"['data entry', 'customer service', 'c', 'payroll', 'accounting', 'excel']",0,High School / Diploma,6
20604208,Legal & Compliance,"['education', 'data entry', 'advocacy', 'safety', 'public speaking', 'leadership', 'communication', 'problem solving', 'excel']",0,High School / Diploma,9
72652441,Legal & Compliance,"['attention to detail', 'education', 'customer service', 'teamwork', 'communication']",0,Master's,5
24754689,Legal & Compliance,"['research', 'education', 'customer service', 'operations', 'teaching', 'multitasking', 'compliance', 'leadership']",0,Master's,8
75057933,Legal & Compliance,"['data entry', 'education', 'advocacy', 'conflict resolution', 'client retention', 'communication', 'leadership']",4,Master's,7
19063156,Legal & Compliance,"['research', 'data entry', 'customer service', 'education', 'mysql', 'auditing', 'accounting', 'leadership', 'excel', 'troubleshooting', 'accounts payable']",20,Master's,11
91051945,Legal & Compliance,"['research', 'education', 'oracle', 'logistics', 'operations', 'procurement', 'budgeting', 'conflict resolution', 'erp', 'salesforce', 'communication', 'crm', 'leadership', 'project management', 'account management']",0,Bachelor's,15
14176254,Legal & Compliance,"['education', 'customer service', 'teaching', 'multitasking', 'mentoring', 'analytical']",0,Bachelor's,6
22259475,Legal & Compliance,"['data entry', 'customer service', 'payroll', 'education', 'conflict resolution', 'compliance', 'statistics', 'excel']",0,High School / Diploma,8
37560528,Legal & Compliance,"['education', 'customer service', 'advocacy', 'conflict resolution', 'operations', 'accounts receivable', 'safety', 'teaching', 'communication', 'excel', 'accounts payable']",2,High School / Diploma,11
23577836,Legal & Compliance,"['attention to detail', 'education', 'adaptability', 'operations', 'patient care', 'communication', 'tutoring', 'critical thinking']",0,Master's,8
36392131,Legal & Compliance,"['attention to detail', 'medical terminology', 'research', 'customer service', 'education', 'operations', 'time management', 'excel', 'medical billing']",20,Master's,9
32965335,Legal & Compliance,"['aws', 'unix', 'education', 'leadership', 'communication', 'troubleshooting', 'negotiation']",3,Bachelor's,7
21614256,Legal & Compliance,"['research', 'education', 'advocacy', 'safety', 'healthcare', 'leadership', 'r', 'excel']",0,Master's,8
97405769,Legal & Compliance,"['payroll', 'customer service', 'data entry', 'education', 'operations', 'communication', 'time management']",15,Master's,7
95970987,Legal & Compliance,"['research', 'education', 'excel']",0,Master's,3
17021141,Legal & Compliance,"['strategy', 'education', 'customer service', 'manufacturing', 'teamwork', 'accounting', 'leadership', 'powerpoint', 'surgery', 'excel', 'employee relations']",0,Master's,11
15337481,Legal & Compliance,"['attention to detail', 'education', 'customer service', 'data entry', 'conflict resolution', 'operations', 'accounts receivable', 'safety', 'compliance', 'time management']",0,Bachelor's,10
75950464,Legal & Compliance,"['education', 'html', 'lesson planning', 'classroom management', 'teaching', 'multitasking', 'communication', 'tutoring', 'excel']",6,Master's,9
19518606,Legal & Compliance,"['payroll', 'customer service', 'education', 'logistics', 'operations', 'communication', 'crm', 'leadership', 'problem solving', 'employee relations']",0,Bachelor's,10
15727656,Legal & Compliance,"['education', 'customer service', 'teamwork', 'advocacy', 'safety', 'communication', 'excel']",0,Bachelor's,7
31242382,Legal & Compliance,"['attention to detail', 'education', 'customer service', 'operations', 'conflict resolution', 'communication', 'excel', 'troubleshooting']",0,High School / Diploma,8
29173771,Legal & Compliance,"['education', 'advocacy', 'operations', 'teaching', 'classroom management', 'compliance', 'communication', 'leadership', 'time management']",0,High School / Diploma,9
19108760,Legal & Compliance,"['customer service', 'healthcare', 'leadership', 'presentation skills', 'nursing', 'six sigma', 'account management', 'education', 'risk management', 'project management', 'analytical', 'research', 'c', 'teamwork', 'teaching', 'communication', 'time management', 'problem solving', 'strategy', 'cold calling', 'patient care', 'multitasking', 'public relations', 'negotiation']",0,Master's,24
14708590,Legal & Compliance,"['research', 'medical terminology', 'education', 'healthcare', 'compliance', 'communication', 'project management', 'nursing', 'analytical']",10,Bachelor's,9
77439230,Legal & Compliance,"['customer service', 'healthcare', 'tableau', 'leadership', 'critical thinking', 'six sigma', 'education', 'recruitment', 'project management', 'hris', 'research', 'compliance', 'communication', 'hipaa', 'employee relations', 'strategy', 'operations', 'salesforce', 'negotiation']",0,Bachelor's,19
40088790,Legal & Compliance,"['payroll', 'customer service', 'education', 'operations', 'client retention', 'compliance', 'leadership', 'public relations', 'communication', 'project management', 'negotiation']",0,Bachelor's,11
22042181,Legal & Compliance,"['research', 'education', 'customer service', 'accounting', 'communication', 'leadership', 'problem solving']",29,High School / Diploma,7
29415426,Legal & Compliance,"['payroll', 'customer service', 'education', 'budgeting', 'accounting']",10,Bachelor's,5
37333719,Legal & Compliance,"['cc', 'education', 'advocacy', 'curriculum development', 'nursing']",0,Master's,5
15313140,Legal & Compliance,"['education', 'advocacy', 'operations']",6,Master's,3
13072354,Legal & Compliance,"['strategy', 'research', 'education', 'customer service', 'data entry', 'advocacy', 'conflict resolution', 'safety', 'multitasking', 'public speaking', 'time management', 'problem solving', 'excel', 'presentation skills']",0,Bachelor's,14
20544228,Legal & Compliance,"['data entry', 'customer service', 'education', 'safety', 'leadership', 'communication', 'strategic planning']",0,Bachelor's,7
30741799,Legal & Compliance,"['research', 'education']",7,Master's,2
17847636,Legal & Compliance,"['attention to detail', 'cpr', 'medical terminology', 'data entry', 'customer service', 'strategy', 'education', 'compliance', 'communication', 'excel', 'medical billing']",3,Bachelor's,11
80503242,Legal & Compliance,"['research', 'education', 'html', 'google analytics', 'seo', 'data warehouse', 'healthcare', 'social media', 'crm', 'google ads', 'powerpoint', 'excel', 'sql', 'strategic planning']",19,Master's,14
26456474,Legal & Compliance,"['cpr', 'education', 'customer service', 'patient care', 'time management', 'nursing']",9,Bachelor's,6
10818478,Legal & Compliance,"['communication', 'education', 'customer service']",0,High School / Diploma,3
24124250,Legal & Compliance,"['education', 'customer service', 'conflict resolution', 'healthcare', 'communication', 'leadership', 'r', 'powerpoint', 'excel', 'troubleshooting', 'technical support']",0,Bachelor's,11
37640804,Legal & Compliance,"['research', 'acls', 'education', 'patient care', 'bls', 'compliance', 'communication', 'powerpoint', 'excel', 'nursing']",4,Bachelor's,10
27182111,Legal & Compliance,"['cpr', 'education', 'patient care', 'triage', 'operations', 'compliance', 'leadership', 'communication', 'problem solving', 'nursing', 'hipaa', 'surgery', 'mentoring']",4,Master's,13
11174187,Legal & Compliance,"['payroll', 'education', 'triage', 'r', 'tutoring', 'nursing']",2,High School / Diploma,6
47133747,Legal & Compliance,"['payroll', 'customer service', 'recruitment', 'education', 'food safety', 'operations', 'quality control', 'safety', 'compliance', 'leadership', 'accounting', 'communication', 'problem solving', 'excel', 'analytical', 'performance management', 'six sigma', 'strategic planning']",0,High School / Diploma,18
10659182,Legal & Compliance,"['cpr', 'medical terminology', 'education', 'customer service', 'adaptability', 'operations', 'teaching', 'communication']",10,Bachelor's,8
35344611,Legal & Compliance,"['strategy', 'payroll', 'customer service', 'education', 'operations', 'healthcare', 'leadership', 'onboarding', 'r', 'analytical', 'performance management', 'strategic planning']",0,High School / Diploma,12
13342150,Legal & Compliance,"['medical terminology', 'payroll', 'customer service', 'education', 'budgeting', 'operations', 'safety', 'compliance', 'communication', 'social media', 'onboarding', 'powerpoint', 'time management', 'emr', 'hipaa', 'excel', 'critical thinking', 'account management']",0,Bachelor's,18
28111403,Legal & Compliance,"['research', 'education', 'c', 'budgeting', 'operations', 'advocacy', 'quality control', 'teaching', 'compliance', 'communication', 'leadership', 'project management', 'employee relations', 'nursing', 'strategic planning']",0,Master's,15
34327438,Legal & Compliance,"['research', 'education', 'c', 'procurement', 'operations', 'compliance', 'communication', 'legal research', 'taxation']",0,High School / Diploma,9
15958967,Legal & Compliance,"['research', 'education', 'physiology', 'html', 'patient care', 'anatomy', 'teaching', 'safety', 'leadership', 'surgery', 'troubleshooting', 'nursing', 'critical thinking']",0,PhD,13
13115648,Legal & Compliance,"['education', 'customer service', 'recruitment', 'safety', 'teaching', 'compliance', 'leadership', 'project management', 'problem solving', 'excel', 'event planning']",0,Bachelor's,11
46772262,Legal & Compliance,"['research', 'education', 'teamwork', 'patient care', 'healthcare', 'patient assessment', 'communication', 'leadership', 'nursing', 'critical thinking']",0,Master's,10
38059130,Legal & Compliance,"['payroll', 'education', 'recruitment', 'operations', 'compliance', 'leadership', 'project management', 'powerpoint', 'excel', 'employee relations', 'strategic planning']",0,Master's,11
24695561,Legal & Compliance,"['strategy', 'education', 'c', 'procurement', 'operations', 'healthcare', 'compliance', 'leadership']",0,Bachelor's,8
93512385,Legal & Compliance,"['financial modeling', 'education', 'equities', 'corporate finance', 'investment banking', 'accounting']",0,Bachelor's,6
38698573,Legal & Compliance,"['education', 'customer service', 'teamwork', 'conflict resolution', 'safety', 'compliance', 'onboarding', 'communication', 'excel', 'employee relations', 'hris']",0,High School / Diploma,11
18090899,Legal & Compliance,"['strategy', 'education', 'operations', 'crm', 'litigation', 'project management', 'excel']",0,Bachelor's,7
23804341,Legal & Compliance,"['education', 'customer service', 'budgeting', 'operations', 'communication', 'nursing']",10,Bachelor's,6
29177904,Legal & Compliance,"['research', 'payroll', 'education', 'c', 'operations', 'project management', 'excel']",13,Master's,7
17911230,Legal & Compliance,"['education', 'conflict resolution', 'lesson planning', 'quality control', 'classroom management', 'teaching', 'public speaking', 'leadership', 'mentoring']",18,Bachelor's,9
19926135,Legal & Compliance,"['education', 'data entry', 'conflict resolution', 'operations', 'safety', 'healthcare', 'compliance', 'communication', 'problem solving', 'excel', 'nursing', 'critical thinking', 'negotiation']",0,Bachelor's,13
44115326,Legal & Compliance,"['aws', 'unix', 'bash', 'education', 'oracle', 'operations', 'react', 'ux', 'communication', 'java', 'perl', 'shell', 'troubleshooting', 'linux', 'sql']",0,Master's,15
75435017,Legal & Compliance,"['cpr', 'education', 'adaptability', 'patient care', 'safety', 'healthcare', 'auditing', 'surgery', 'nursing', 'critical thinking']",10,High School / Diploma,10
19234823,Legal & Compliance,"['payroll', 'customer service', 'education', 'budgeting', 'operations', 'accounts receivable', 'accounting', 'financial reporting', 'communication', 'time management', 'leadership', 'problem solving', 'financial analysis', 'excel', 'analytical', 'accounts payable']",0,Bachelor's,16
13809698,Legal & Compliance,"['education', 'payroll', 'customer service', 'quality control', 'safety', 'healthcare', 'compliance', 'powerpoint', 'problem solving', 'excel', 'nursing']",0,Master's,11
17254634,Legal & Compliance,"['attention to detail', 'medical terminology', 'education', 'customer service', 'pharmacology', 'anatomy', 'patient care', 'inventory management', 'powerpoint', 'excel', 'hipaa', 'nursing', 'physiology', 'troubleshooting']",0,Master's,14
28871170,Legal & Compliance,"['strategy', 'research', 'education', 'advocacy', 'communication', 'leadership', 'problem solving', 'special education']",0,Bachelor's,8
24946537,Legal & Compliance,"['ppc', 'strategy', 'research', 'cold calling', 'education', 'google analytics', 'operations', 'salesforce', 'seo', 'compliance', 'accounting', 'sem', 'excel', 'analytical']",0,Bachelor's,14
28635795,Legal & Compliance,"['education', 'rehabilitation', 'compliance', 'communication', 'powerpoint', 'excel']",0,Bachelor's,6
24763208,Legal & Compliance,"['cpr', 'education', 'customer service', 'operations', 'teaching', 'compliance', 'communication', 'special education', 'strategic planning']",0,Bachelor's,9
17165107,Legal & Compliance,"['research', 'education', 'operations', 'social media', 'powerpoint', 'excel', 'physiology']",0,Master's,7
65708020,Sales & Retail,"['cold calling', 'education', 'customer service', 'logistics', 'operations', 'budgeting', 'sales strategy', 'strategic planning', 'compliance', 'inventory management', 'leadership', 'statistics', 'analytical', 'accounts payable', 'account management']",10,Bachelor's,15
36805025,Sales & Retail,"['research', 'education', 'operations', 'compliance', 'leadership', 'communication', 'project management', 'six sigma', 'negotiation', 'account management']",17,Bachelor's,10
13080868,Sales & Retail,"['payroll', 'education', 'food safety', 'operations', 'photoshop', 'social media', 'illustrator', 'mentoring']",0,Bachelor's,8
20748929,Sales & Retail,"['education', 'customer service', 'sales strategy', 'operations', 'quality control', 'negotiation', 'safety', 'crm', 'communication', 'excel', 'troubleshooting', 'sql', 'strategic planning']",0,Bachelor's,13
26581830,Sales & Retail,"['attention to detail', 'research', 'education', 'customer service', 'data entry', 'logistics', 'content marketing', 'communication', 'critical thinking', 'project management', 'problem solving', 'excel', 'analytical', 'performance management']",0,High School / Diploma,14
38688388,Sales & Retail,"['cold calling', 'education', 'customer service', 'logistics', 'operations', 'strategic planning', 'compliance', 'leadership', 'auditing', 'inventory management', 'account management']",0,Bachelor's,11
25397102,Sales & Retail,"['attention to detail', 'research', 'education', 'customer service', 'oracle', 'budgeting', 'quality control', 'negotiation', 'sap', 'public speaking', 'communication', 'leadership', 'time management', 'python', 'problem solving', 'excel', 'analytical', 'sql']",0,Bachelor's,18
12059198,Sales & Retail,"['education', 'customer service', 'operations', 'quality control', 'strategic planning', 'compliance', 'communication', 'leadership', 'account management']",0,Master's,9
10228751,Sales & Retail,"['attention to detail', 'cpr', 'cold calling', 'education', 'payroll', 'recruitment', 'content marketing', 'strategic planning', 'healthcare', 'compliance', 'powerpoint', 'problem solving', 'excel', 'hipaa', 'nursing', 'critical thinking', 'account management']",10,Bachelor's,17
61677751,Sales & Retail,"['b2b sales', 'research', 'education', 'customer service', 'c', 'supply chain', 'operations', 'logistics', 'salesforce', 'photoshop', 'accounting', 'crm', 'illustrator', 'project management', 'technical support', 'six sigma']",15,Bachelor's,16
20553895,Sales & Retail,"['customer service', 'conflict resolution', 'crm', 'communication', 'time management', 'leadership', 'social media']",0,Bachelor's,7
18757174,Sales & Retail,"['research', 'education', 'teamwork', 'operations', 'quality control', 'accounting', 'leadership', 'compliance', 'problem solving', 'excel', 'technical support']",8,Bachelor's,11
14726000,Sales & Retail,"['education', 'risk management', 'oracle', 'operations', 'compliance', 'communication', 'project management', 'powerpoint', 'statistics', 'excel', 'mentoring']",0,Master's,11
29208172,Sales & Retail,"['attention to detail', 'customer service', 'leadership', 'portfolio management', 'critical thinking', 'account management', 'education', 'risk management', 'recruitment', 'budgeting', 'lead generation', 'sap', 'accounting', 'crm', 'project management', 'oracle', 'supply chain', 'c', 'communication', 'social media', 'problem solving', 'wealth management', 'performance management', 'operations', 'business intelligence']",0,Master's,25
40792022,Sales & Retail,"['education', 'customer service', 'supply chain', 'advocacy', 'operations', 'budgeting', 'safety', 'healthcare', 'leadership', 'project management', 'negotiation', 'strategic planning']",0,Master's,12
17095812,Sales & Retail,"['research', 'data entry', 'customer service', 'pharmacology', 'healthcare', 'communication', 'public relations', 'problem solving']",1,High School / Diploma,8
27850777,Sales & Retail,"['research', 'cold calling', 'education', 'logistics', 'lead generation', 'content marketing', 'crm', 'talent acquisition', 'analytical', 'negotiation', 'account management']",0,Bachelor's,11
90629382,Sales & Retail,"['research', 'education', 'budgeting', 'procurement', 'accounting', 'leadership', 'public relations', 'communication', 'project management', 'problem solving', 'compliance', 'excel', 'financial analysis', 'account management']",0,Master's,14
34797369,Sales & Retail,"['research', 'education', 'social media', 'communication', 'powerpoint', 'excel', 'mentoring']",0,Master's,7
98379112,Sales & Retail,"['research', 'payroll', 'customer service', 'education', 'budgeting', 'operations', 'compliance', 'leadership', 'analytical']",0,Bachelor's,9
37521676,Sales & Retail,"['education', 'account management', 'c', 'oracle', 'conflict resolution', 'operations', 'erp', 'sap', 'leadership', 'communication', 'project management', 'negotiation', 'strategic planning']",20,Bachelor's,13
10501991,Sales & Retail,"['attention to detail', 'cpr', 'research', 'education', 'customer service', 'operations', 'salesforce', 'leadership']",0,PhD,8
18293620,Sales & Retail,"['cold calling', 'education', 'research', 'logistics', 'operations', 'conflict resolution', 'healthcare', 'accounting', 'compliance', 'social media', 'hospitality', 'crm', 'accounts payable']",12,Bachelor's,13
19557384,Sales & Retail,"['strategy', 'research', 'education', 'manufacturing', 'supply chain', 'html', 'c', 'logistics', 'photoshop', 'teaching', 'leadership', 'analytical']",7,Master's,12
15423153,Sales & Retail,"['attention to detail', 'customer service', 'leadership', 'b2c', 'education', 'recruitment', 'lead generation', 'google analytics', 'html', 'crm', 'project management', 'content marketing', 'social media', 'communication', 'time management', 'ppc', 'facebook ads', 'strategy', 'operations', 'seo', 'hubspot', 'email marketing']",3,Master's,22
20357858,Sales & Retail,"['strategy', 'education', 'sales strategy', 'operations', 'content marketing', 'lead generation', 'salesforce', 'teaching', 'communication', 'public relations', 'leadership', 'powerpoint', 'statistics', 'excel', 'email marketing', 'negotiation', 'account management']",0,Bachelor's,17
12546838,Sales & Retail,"['strategy', 'research', 'education', 'manufacturing', 'oracle', 'customer service', 'erp', 'sap', 'photoshop', 'communication', 'time management', 'r', 'powerpoint', 'project management', 'aviation', 'excel', 'python', 'linux']",11,Master's,18
24647386,Sales & Retail,"['cold calling', 'payroll', 'risk management', 'education', 'operations', 'equities', 'accounting', 'auditing', 'crm', 'financial analysis', 'negotiation', 'account management']",0,Bachelor's,12
23568641,Sales & Retail,"['education', 'teamwork', 'lead generation', 'salesforce', 'healthcare', 'crm', 'public relations', 'financial analysis', 'negotiation']",20,Bachelor's,9
22423839,Sales & Retail,"['strategy', 'education', 'logistics', 'operations', 'inventory management', 'communication', 'statistics']",10,High School / Diploma,7
19738730,Sales & Retail,"['education', 'culinary skills', 'safety', 'communication', 'restaurant management']",0,Bachelor's,5
32531824,Sales & Retail,"['strategy', 'education', 'operations', 'zendesk', 'tableau', 'communication']",0,Bachelor's,6
34046031,Sales & Retail,"['research', 'payroll', 'education', 'recruitment', 'operations', 'teaching', 'compliance', 'presentation skills']",0,Master's,8
14825300,Sales & Retail,"['strategy', 'education', 'c', 'operations', 'salesforce', 'accounting', 'leadership', 'project management', 'mentoring', 'account management']",0,Master's,10
37391947,Sales & Retail,"['research', 'education', 'customer service', 'compliance', 'excel']",10,Bachelor's,5
26896699,Sales & Retail,"['education', 'manufacturing', 'c', 'operations', 'salesforce', 'healthcare', 'crm', 'six sigma']",0,High School / Diploma,8
11289482,Sales & Retail,"['vendor management', 'strategy', 'education', 'customer service', 'operations', 'quality control', 'compliance', 'communication', 'leadership', 'project management', 'strategic planning']",0,Bachelor's,11
29908929,Sales & Retail,"['attention to detail', 'research', 'education', 'operations', 'safety', 'leadership', 'public relations', 'social media', 'powerpoint', 'nursing']",5,Bachelor's,10
10704573,Sales & Retail,"['education', 'budgeting', 'operations', 'sales strategy', 'accounts receivable', 'public speaking', 'leadership', 'financial analysis', 'analytical']",10,Bachelor's,9
14990354,Sales & Retail,"['strategy', 'education', 'c', 'communication', 'leadership', 'project management', 'account management']",0,Master's,7
24964303,Sales & Retail,"['strategy', 'education', 'c', 'sales strategy', 'operations', 'content marketing', 'salesforce', 'ux', 'communication', 'onboarding', 'leadership', 'project management', 'crm']",0,Master's,13
82118447,Sales & Retail,"['research', 'payroll', 'customer service', 'c', 'lead generation', 'education', 'brand management', 'corporate finance', 'leadership', 'time management', 'problem solving', 'account management']",0,PhD,12
18236085,Sales & Retail,"['education', 'healthcare', 'communication', 'leadership', 'nursing']",6,Bachelor's,5
29825044,Sales & Retail,"['strategy', 'research', 'education', 'quality control', 'salesforce', 'photoshop', 'crm', 'media relations', 'illustrator', 'analytical']",0,Master's,10
77576845,Sales & Retail,"['strategy', 'education', 'risk management', 'budgeting', 'operations', 'safety', 'leadership', 'powerpoint', 'excel', 'six sigma', 'strategic planning']",22,Bachelor's,11
39237915,Sales & Retail,"['cpr', 'research', 'education', 'risk management', 'customer service', 'budgeting', 'supply chain', 'manufacturing', 'operations', 'client retention', 'accounting', 'inventory management', 'leadership', 'communication', 'project management']",15,Master's,15
28916894,Sales & Retail,"['strategy', 'education', 'budgeting', 'teaching', 'leadership', 'aviation', 'communication', 'public relations', 'strategic planning']",0,Master's,9
26278597,Sales & Retail,"['strategy', 'research', 'education', 'customer service', 'c', 'operations', 'safety', 'erp', 'communication', 'leadership', 'r', 'powerpoint', 'excel', 'analytical', 'negotiation']",0,Master's,15
80275976,Sales & Retail,"['mathematics', 'education', 'manufacturing', 'c', 'supply chain', 'compliance', 'communication', 'leadership', 'technical support', 'six sigma', 'account management']",0,Master's,11
11088337,Sales & Retail,"['research', 'education', 'customer service', 'excel', 'wealth management']",0,Bachelor's,5
23396633,Sales & Retail,"['strategy', 'research', 'education', 'unix', 'lead generation', 'ux', 'healthcare', 'onboarding', 'media relations', 'bloomberg']",0,Master's,10
12814706,Sales & Retail,"['strategy', 'cold calling', 'education', 'customer service', 'operations', 'communication', 'crm', 'r', 'problem solving', 'excel', 'negotiation', 'account management']",0,Bachelor's,12
39875803,Sales & Retail,"['education', 'operations', 'client retention', 'leadership', 'r', 'negotiation', 'account management']",1,Bachelor's,7
30938994,Sales & Retail,"['education', 'customer service', 'operations', 'safety', 'compliance', 'leadership', 'strategic planning']",0,Master's,7
16694152,Sales & Retail,"['cold calling', 'education', 'client retention', 'leadership', 'statistics', 'strategic planning']",0,Bachelor's,6
15233524,Sales & Retail,"['strategy', 'research', 'education', 'manufacturing', 'sales strategy', 'rehabilitation', 'safety', 'healthcare', 'leadership', 'excel']",0,Master's,10
81310245,Sales & Retail,"['b2b sales', 'education', 'risk management', 'operations', 'social media', 'communication']",0,High School / Diploma,6
22025574,Sales & Retail,"['education', 'operations', 'patient care', 'communication', 'nursing']",8,Master's,5
13888506,Sales & Retail,"['cold calling', 'education', 'customer service', 'c', 'procurement', 'salesforce', 'photoshop', 'safety', 'client retention', 'accounting', 'social media', 'crm', 'public speaking', 'leadership', 'public relations', 'illustrator', 'excel', 'powerpoint']",0,High School / Diploma,18
79759716,Sales & Retail,"['strategy', 'stakeholder management', 'education', 'google analytics', 'procurement', 'content marketing', 'social media', 'hubspot', 'powerpoint', 'excel', 'negotiation']",0,High School / Diploma,11
10541358,Sales & Retail,"['strategy', 'education', 'customer service', 'recruitment', 'conflict resolution', 'client retention', 'time management', 'inventory management', 'social media', 'communication', 'problem solving', 'powerpoint', 'excel', 'leadership', 'public relations']",0,High School / Diploma,15
31638814,Sales & Retail,"['research', 'education', 'customer service', 'negotiation']",6,Bachelor's,4
25370801,Sales & Retail,"['education', 'c']",0,Bachelor's,2
27796199,Sales & Retail,"['education', 'operations', 'rehabilitation', 'communication', 'time management']",0,High School / Diploma,5
10289113,Sales & Retail,"['education', 'c', 'operations', 'leadership', 'strategic planning']",3,Bachelor's,5
27219200,Sales & Retail,"['strategy', 'education', 'customer service', 'account management', 'budgeting', 'sales strategy', 'procurement', 'salesforce', 'compliance', 'leadership', 'crm', 'strategic planning']",0,Bachelor's,12
10235211,Sales & Retail,"['cold calling', 'education', 'spark', 'communication', 'problem solving', 'analytical', 'negotiation']",0,Bachelor's,7
14287992,Sales & Retail,"['education', 'customer service', 'teamwork', 'budgeting', 'content marketing', 'operations', 'safety', 'sap', 'accounting', 'leadership', 'time management', 'financial reporting', 'powerpoint', 'problem solving', 'financial analysis', 'excel', 'analytical', 'critical thinking']",0,Master's,18
47067533,Sales & Retail,"['cold calling', 'research', 'education', 'lead generation', 'healthcare', 'leadership', 'communication', 'crm']",0,Bachelor's,8
14241621,Sales & Retail,"['payroll', 'customer service', 'education', 'operations', 'compliance', 'leadership', 'communication', 'problem solving', 'account management']",7,High School / Diploma,9
27213082,Sales & Retail,"['strategy', 'education', 'manufacturing', 'risk management', 'budgeting', 'conflict resolution', 'logistics', 'safety', 'leadership', 'communication', 'project management', 'autocad', 'six sigma']",0,Master's,13
31813535,Sales & Retail,"['strategy', 'education', 'risk management', 'budgeting', 'conflict resolution', 'logistics', 'lean manufacturing', 'safety', 'leadership', 'aviation', 'communication', 'project management', 'autocad', 'six sigma']",0,Master's,14
17115815,Sales & Retail,"['strategy', 'cold calling', 'education', 'c', 'recruitment', 'lead generation', 'sap', 'communication', 'crm', 'excel', 'analytical']",0,Master's,11
20317319,Sales & Retail,"['research', 'cold calling', 'customer service', 'education', 'teaching', 'crm', 'public relations', 'powerpoint', 'excel', 'event planning', 'account management']",10,Bachelor's,11
38007664,Sales & Retail,"['education', 'c', 'healthcare', 'leadership', 'hipaa', 'taxation', 'analytical']",20,Bachelor's,7
24412546,Sales & Retail,"['cold calling', 'education', 'operations', 'accounting', 'public relations', 'r', 'hospitality', 'restaurant management', 'excel']",5,Master's,9
29014805,Sales & Retail,"['leadership', 'b2c', 'critical thinking', 'six sigma', 'account management', 'education', 'sap', 'project management', 'strategic planning', 'research', 'c', 'data mining', 'compliance', 'communication', 'social media', 'powerpoint', 'excel', 'strategy', 'operations', 'business intelligence', 'mentoring']",0,Master's,21
12377803,Sales & Retail,"['payroll', 'customer service', 'education', 'budgeting', 'accounts receivable', 'accounting', 'compliance', 'leadership', 'accounts payable']",0,Master's,9
32385553,Sales & Retail,"['payroll', 'education', 'operations', 'auditing', 'communication', 'accounting', 'leadership', 'accounts payable']",0,High School / Diploma,8
13199813,Sales & Retail,"['strategy', 'research', 'education', 'customer service', 'cold calling', 'conflict resolution', 'salesforce', 'public speaking', 'leadership', 'communication', 'crm', 'powerpoint', 'critical thinking', 'account management']",0,Bachelor's,14
11551946,Sales & Retail,"['strategy', 'education', 'manufacturing', 'operations', 'seo', 'auditing', 'leadership', 'strategic planning']",2,Master's,8
22765255,Sales & Retail,"['strategy', 'education', 'manufacturing', 'operations', 'safety', 'sap', 'leadership', 'communication', 'social media', 'project management', 'problem solving', 'crm', 'autocad', 'mentoring', 'six sigma', 'account management']",12,Master's,16
20427934,Sales & Retail,"['education', 'oracle', 'budgeting', 'operations', 'logistics', 'recruitment', 'accounting', 'java', 'social media', 'financial reporting', 'powerpoint', 'leadership', 'hospitality', 'excel']",0,Bachelor's,14
35673335,Sales & Retail,"['strategy', 'education', 'lead generation', 'operations', 'accounting', 'crm', 'business intelligence', 'negotiation']",2,High School / Diploma,8
16846478,Sales & Retail,"['strategy', 'cold calling', 'research', 'education', 'sales strategy', 'salesforce', 'crm']",0,Master's,7
89197180,Sales & Retail,"['data entry', 'customer service', 'supply chain', 'logistics', 'operations', 'education', 'accounting', 'project management', 'powerpoint', 'excel', 'negotiation']",0,Bachelor's,11
36574147,Sales & Retail,"['strategy', 'education', 'customer service', 'mentoring', 'compliance', 'leadership', 'analytical']",15,Bachelor's,7
27004930,Sales & Retail,"['education', 'customer service', 'compliance', 'leadership', 'crm', 'social media', 'project management', 'mentoring']",0,Associate's,8
12230301,Sales & Retail,"['presentation skills', 'education', 'budgeting', 'google analytics', 'crm', 'project management', 'graphic design', 'research', 'c', 'procurement', 'logistics', 'photoshop', 'brand management', 'corporate communications', 'communication', 'statistics', 'problem solving', 'powerpoint', 'excel', 'ppc', 'operations', 'seo', 'negotiation']",2,High School / Diploma,23
59696315,Sales & Retail,"['strategy', 'research', 'cold calling', 'customer service', 'c', 'sales strategy', 'farming', 'teamwork', 'education', 'seo', 'communication', 'leadership', 'sem', 'project management', 'problem solving', 'social media', 'presentation skills']",0,Bachelor's,17
20633855,Sales & Retail,"['cold calling', 'education', 'lead generation', 'salesforce', 'social media', 'communication', 'workday', 'account management']",0,Bachelor's,8
18311419,Sales & Retail,"['strategy', 'research', 'cold calling', 'education', 'recruitment', 'budgeting', 'healthcare', 'compliance', 'leadership', 'special education']",0,Bachelor's,10
16091352,Sales & Retail,"['cold calling', 'education', 'customer service', 'lead generation', 'rehabilitation', 'salesforce', 'teaching']",2,Master's,7
27375577,Sales & Retail,"['strategy', 'education', 'budgeting', 'operations', 'equities', 'salesforce', 'corporate finance', 'clinical research', 'crm', 'r']",7,Master's,10
25813953,Sales & Retail,"['payroll', 'customer service', 'education', 'operations', 'content marketing', 'social media', 'powerpoint', 'problem solving', 'excel', 'event planning']",0,High School / Diploma,10
76916835,Sales & Retail,"['education', 'customer service', 'manufacturing', 'multitasking', 'time management', 'communication']",1,Bachelor's,6
17730889,Sales & Retail,"['education', 'customer service', 'c', 'budgeting', 'communication', 'time management', 'public relations', 'leadership', 'negotiation']",0,Master's,9
67501448,Sales & Retail,"['education', 'c', 'teamwork', 'operations', 'accounting', 'social media', 'public relations', 'communication', 'problem solving', 'negotiation']",0,High School / Diploma,10
17421910,Sales & Retail,"['education', 'compliance', 'social media', 'powerpoint', 'financial analysis', 'excel', 'analytical', 'account management']",0,Master's,8
12632728,Sales & Retail,[],0,Bachelor's,0
91467795,Sales & Retail,"['research', 'cold calling', 'education', 'c', 'oracle', 'lead generation', 'quality control', 'salesforce', 'communication', 'public relations', 'r', 'project management', 'crm', 'event planning', 'analytical', 'account management']",0,Bachelor's,16
13574264,Sales & Retail,"['strategy', 'education', 'customer service', 'lead generation', 'operations', 'seo', 'spark', 'leadership', 'crm', 'sem', 'mentoring', 'account management']",0,Bachelor's,12
27139412,Sales & Retail,"['strategy', 'research', 'education', 'sales strategy', 'salesforce', 'sap', 'communication', 'leadership', 'account management']",0,Bachelor's,9
14070138,Sales & Retail,"['strategy', 'education', 'c', 'sales strategy', 'recruitment', 'compliance', 'communication', 'onboarding', 'physiology', 'strategic planning']",0,Bachelor's,10
15811992,Sales & Retail,"['strategy', 'payroll', 'customer service', 'education', 'accounting', 'leadership', 'event planning']",10,Master's,7
14871762,Sales & Retail,"['vendor management', 'education', 'manufacturing', 'adaptability', 'supply chain', 'operations', 'erp', 'tableau', 'leadership', 'java', 'python', 'business intelligence', 'r', 'project management', 'excel', 'sql']",0,Master's,16
17597372,Sales & Retail,"['safety', 'manufacturing', 'education']",0,Bachelor's,3
18937778,Sales & Retail,"['strategy', 'education', 'supply chain', 'sales strategy', 'communication', 'analytical']",15,Bachelor's,6
14861855,Sales & Retail,"['education', 'risk management', 'customer service', 'teamwork', 'operations', 'compliance', 'leadership', 'communication', 'social media', 'financial analysis', 'accounts payable', 'negotiation']",0,Master's,12
36170003,Sales & Retail,"['education', 'c', 'lead generation', 'salesforce', 'healthcare', 'leadership', 'communication', 'crm', 'civil engineering', 'negotiation', 'account management']",13,Bachelor's,11
27937592,Sales & Retail,"['strategy', 'education', 'customer service', 'sales strategy', 'operations', 'public relations', 'graphic design', 'email marketing', 'account management']",0,Bachelor's,9
16519708,Sales & Retail,"['strategy', 'education', 'recruitment', 'budgeting', 'operations', 'leadership', 'negotiation', 'strategic planning']",0,Master's,8
17602815,Sales & Retail,"['education', 'customer service', 'risk management', 'gaap', 'conflict resolution', 'safety', 'accounting', 'leadership', 'communication']",12,High School / Diploma,9
28337049,Sales & Retail,"['vendor management', 'data entry', 'customer service', 'education', 'logistics', 'operations', 'salesforce', 'multitasking', 'compliance', 'time management', 'problem solving', 'troubleshooting', 'technical support']",0,Bachelor's,13
33424600,Sales & Retail,"['cc', 'education', 'customer service', 'recruitment', 'operations', 'compliance', 'leadership', 'accounting', 'performance management', 'hris']",10,Bachelor's,10
32042584,Sales & Retail,"['research', 'education', 'c', 'sem', 'r', 'statistics', 'sql']",0,Bachelor's,7
14752209,Sales & Retail,"['education', 'account management', 'operations', 'salesforce', 'sap', 'project management', 'excel', 'strategic planning']",23,High School / Diploma,8
31273310,Sales & Retail,"['cold calling', 'research', 'education', 'customer service', 'html', 'operations', 'communication', 'leadership', 'time management', 'crm', 'social media', 'problem solving', 'analytical', 'account management']",0,Master's,14
14055971,Sales & Retail,"['attention to detail', 'payroll', 'education', 'customer service', 'communication', 'social media', 'gis', 'project management', 'problem solving', 'powerpoint', 'hipaa', 'excel', 'analytical']",1,High School / Diploma,13
95382114,Sales & Retail,"['attention to detail', 'strategy', 'research', 'financial modeling', 'education', 'lead generation', 'operations', 'content marketing', 'teamwork', 'strategic planning', 'financial reporting', 'leadership', 'crm', 'project management', 'problem solving', 'analytical', 'negotiation', 'account management']",0,Master's,18
23617240,Healthcare & Medical,"['manufacturing', 'healthcare', 'litigation', 'nursing', 'education', 'risk management', 'budgeting', 'safety', 'strategic planning', 'research', 'procurement', 'teaching', 'patient assessment', 'compliance', 'communication', 'strategy', 'gcp', 'rehabilitation', 'operations', 'triage', 'patient care']",0,Bachelor's,21
23138078,Healthcare & Medical,"['customer service', 'healthcare', 'leadership', 'critical thinking', 'vendor management', 'education', 'accounting', 'research', 'payroll', 'logistics', 'compliance', 'communication', 'time management', 'powerpoint', 'problem solving', 'excel', 'medical terminology', 'data entry', 'operations']",0,Master's,19
51777546,Healthcare & Medical,"['research', 'payroll', 'education', 'recruitment', 'c', 'operations', 'healthcare', 'accounting', 'onboarding', 'compliance', 'communication', 'powerpoint', 'excel']",0,Master's,13
69199666,Healthcare & Medical,"['research', 'payroll', 'education', 'healthcare', 'social media']",0,Bachelor's,5
93988900,Healthcare & Medical,"['healthcare', 'leadership', 'critical thinking', 'cpr', 'education', 'bls', 'public speaking', 'project management', 'solidworks', 'research', 'supply chain', 'logistics', 'photoshop', 'compliance', 'powerpoint', 'problem solving', 'excel', 'operations', 'patient care', 'public relations', 'event planning']",0,High School / Diploma,21
41910253,Healthcare & Medical,"['research', 'education', 'risk management', 'teamwork', 'operations', 'patient care', 'healthcare', 'compliance', 'leadership', 'communication', 'time management', 'powerpoint', 'project management', 'excel', 'strategic planning']",0,Bachelor's,15
28670024,Healthcare & Medical,"['education', 'adaptability', 'customer service', 'teamwork', 'operations', 'lesson planning', 'safety', 'teaching', 'healthcare', 'strategic planning', 'communication', 'social media', 'tutoring', 'analytical', 'technical support', 'account management']",0,Master's,16
36625776,Healthcare & Medical,"['cpr', 'education', 'healthcare', 'leadership', 'negotiation', 'strategic planning']",0,Master's,6
96260484,Healthcare & Medical,"['strategy', 'education', 'rehabilitation', 'patient care', 'teaching', 'healthcare', 'accounting', 'leadership', 'fitness training']",0,Master's,9
11378657,Healthcare & Medical,"['education', 'customer service', 'recruitment', 'healthcare', 'leadership', 'communication', 'powerpoint', 'excel']",0,High School / Diploma,8
34962725,Healthcare & Medical,"['cpr', 'data entry', 'education', 'patient care', 'operations', 'healthcare', 'compliance', 'leadership', 'hipaa', 'nursing']",0,High School / Diploma,10
18365443,Healthcare & Medical,"['strategy', 'education', 'customer service', 'operations', 'intellectual property', 'accounts receivable', 'healthcare', 'accounting', 'auditing', 'leadership', 'compliance', 'project management', 'kanban', 'technical support', 'sql']",10,Master's,15
26125407,Healthcare & Medical,"['research', 'education', 'patient care', 'quality control', 'healthcare', 'bls', 'accounting', 'communication', 'statistics', 'nursing', 'troubleshooting', 'analytical', 'technical support', 'strategic planning']",0,Bachelor's,14
54934269,Healthcare & Medical,"['cpr', 'attention to detail', 'education', 'customer service', 'teaching', 'healthcare', 'communication', 'excel', 'nursing', 'critical thinking', 'analytical']",5,Master's,11
37374340,Healthcare & Medical,"['research', 'data entry', 'customer service', 'payroll', 'education', 'operations', 'safety', 'healthcare', 'compliance', 'communication', 'leadership']",20,Master's,11
25328428,Healthcare & Medical,"['cpr', 'medical terminology', 'education', 'patient care', 'quality control', 'teaching', 'bls', 'healthcare', 'compliance', 'communication', 'time management', 'hipaa', 'nursing']",0,Bachelor's,13
56520872,Healthcare & Medical,"['bls', 'education', 'nursing', 'healthcare']",0,Master's,4
23944036,Healthcare & Medical,"['research', 'education', 'recruitment', 'operations', 'healthcare', 'clinical research', 'compliance', 'nursing']",0,Master's,8
19090468,Healthcare & Medical,"['bash', 'unix', 'engineering design', 'manufacturing', 'oracle', 'education', 'hadoop', 'ux', 'healthcare', 'auditing', 'java', 'compliance', 'accounting', 'project management', 'shell', 'troubleshooting', 'linux', 'account management']",0,Bachelor's,18
16132195,Healthcare & Medical,"['cpr', 'medical terminology', 'education', 'healthcare', 'communication', 'time management', 'nursing']",4,High School / Diploma,7
27030979,Healthcare & Medical,"['education', 'payroll', 'customer service', 'technical support', 'multitasking', 'healthcare', 'compliance', 'communication', 'time management', 'leadership', 'powerpoint', 'project management', 'statistics', 'excel', 'performance management', 'account management']",4,High School / Diploma,16
17960690,Healthcare & Medical,"['education', 'healthcare', 'communication', 'surgery', 'nursing']",15,Master's,5
17624934,Healthcare & Medical,"['strategy', 'research', 'education', 'c', 'operations', 'patient care', 'healthcare', 'leadership', 'communication', 'project management', 'nursing']",1,Master's,11
22008817,Healthcare & Medical,"['vendor management', 'education', 'supply chain', 'recruitment', 'operations', 'teaching', 'safety', 'healthcare', 'compliance', 'communication', 'leadership', 'project management', 'problem solving', 'excel', 'analytical', 'six sigma']",0,High School / Diploma,16
20835760,Healthcare & Medical,"['education', 'customer service', 'healthcare', 'communication', 'leadership']",2,Master's,5
87520378,Healthcare & Medical,"['customer service', 'healthcare', 'leadership', 'account management', 'education', 'budgeting', 'accounting', 'analytical', 'payroll', 'conflict resolution', 'photoshop', 'communication', 'social media', 'statistics', 'powerpoint', 'excel', 'medical terminology', 'patient care', 'operations', 'multitasking', 'event planning']",0,High School / Diploma,21
58879993,Healthcare & Medical,"['customer service', 'healthcare', 'leadership', 'account management', 'education', 'budgeting', 'accounting', 'analytical', 'payroll', 'conflict resolution', 'photoshop', 'communication', 'social media', 'statistics', 'powerpoint', 'excel', 'medical terminology', 'patient care', 'operations', 'multitasking', 'event planning']",0,Bachelor's,21
64471954,Healthcare & Medical,"['education', 'customer service', 'healthcare', 'compliance', 'time management', 'communication', 'r', 'statistics', 'problem solving', 'onboarding', 'hipaa', 'excel']",0,High School / Diploma,12
18714571,Healthcare & Medical,"['education', 'customer service', 'safety', 'teaching', 'healthcare', 'communication', 'nursing']",0,High School / Diploma,7
20748468,Healthcare & Medical,"['healthcare', 'education', 'html', 'accounting', 'r', 'analytical', 'medical billing', 'research', 'payroll', 'logistics', 'accounts receivable', 'compliance', 'social media', 'communication', 'css', 'powerpoint', 'problem solving', 'statistics', 'excel', 'operations', 'troubleshooting']",0,Master's,21
98300955,Healthcare & Medical,"['strategy', 'research', 'education', 'html', 'c', 'operations', 'data warehouse', 'healthcare', 'communication', 'scrum', 'kanban', 'business intelligence', 'css', 'java', 'javascript', 'linux', 'devops', 'sql']",8,Bachelor's,18
11653906,Healthcare & Medical,"['education', 'oracle', 'budgeting', 'operations', 'accounts receivable', 'salesforce', 'healthcare', 'accounting', 'leadership', 'communication', 'strategic planning']",0,Master's,11
10466208,Healthcare & Medical,"['education', 'recruitment', 'healthcare', 'strategic planning', 'public speaking', 'leadership', 'public relations', 'event planning', 'account management']",0,Bachelor's,9
13352113,Healthcare & Medical,"['education', 'customer service', 'operations', 'healthcare', 'compliance', 'time management', 'communication', 'problem solving', 'hipaa', 'negotiation']",0,High School / Diploma,10
20110597,Healthcare & Medical,"['education', 'customer service', 'html', 'operations', 'salesforce', 'photoshop', 'healthcare', 'compliance', 'time management', 'communication', 'public relations', 'illustrator', 'problem solving', 'hipaa', 'troubleshooting', 'negotiation']",0,High School / Diploma,16
20211577,Healthcare & Medical,"['attention to detail', 'education', 'customer service', 'data entry', 'healthcare', 'compliance', 'communication', 'technical support', 'medical billing']",0,High School / Diploma,9
12315079,Healthcare & Medical,"['customer service', 'manufacturing', 'healthcare', 'leadership', 'nursing', 'account management', 'education', 'budgeting', 'lead generation', 'crm', 'r', 'research', 'c', 'supply chain', 'compliance', 'communication', 'employee relations', 'data entry', 'operations', 'negotiation']",0,High School / Diploma,20
10480456,Healthcare & Medical,"['cpr', 'strategy', 'research', 'education', 'manufacturing', 'budgeting', 'quality control', 'teaching', 'healthcare', 'leadership', 'communication', 'r', 'project management', 'analytical', 'technical support', 'negotiation']",0,PhD,16
75297735,Healthcare & Medical,"['strategy', 'education', 'risk management', 'healthcare', 'accounting', 'leadership', 'compliance', 'crm', 'excel']",25,Master's,9
49325370,Healthcare & Medical,"['cpr', 'medical terminology', 'payroll', 'customer service', 'education', 'operations', 'anatomy', 'accounts receivable', 'safety', 'multitasking', 'healthcare', 'compliance', 'communication', 'accounting', 'hipaa', 'physiology', 'medical billing']",0,Master's,17
21866029,Healthcare & Medical,"['vba', 'education', 'healthcare', 'tableau', 'inventory management', 'communication', 'business intelligence', 'problem solving', 'excel', 'analytical', 'critical thinking', 'sql']",9,Master's,12
14667957,Healthcare & Medical,"['education', 'payroll', 'operations', 'patient care', 'safety', 'teaching', 'healthcare', 'compliance', 'leadership', 'nursing']",2,Master's,10
10062724,Healthcare & Medical,"['payroll', 'education', 'teamwork', 'treatment planning', 'healthcare', 'compliance', 'powerpoint', 'excel']",10,Master's,8
43994605,Healthcare & Medical,"['medical terminology', 'education', 'risk management', 'budgeting', 'operations', 'safety', 'healthcare', 'leadership', 'communication', 'time management', 'excel', 'critical thinking']",15,Bachelor's,12
23814777,Healthcare & Medical,"['data entry', 'customer service', 'patient care', 'operations', 'quality control', 'anatomy', 'bls', 'healthcare', 'leadership', 'communication', 'public relations', 'excel', 'surgery', 'physiology', 'medical billing']",0,High School / Diploma,15
28745844,Healthcare & Medical,"['cpr', 'education', 'customer service', 'data entry', 'operations', 'bls', 'healthcare', 'compliance', 'mentoring', 'account management']",0,Bachelor's,10
17864043,Healthcare & Medical,"['education', 'recruitment', 'operations', 'corporate communications', 'presentation skills', 'healthcare', 'strategic planning', 'compliance', 'public relations', 'media relations', 'statistics', 'problem solving', 'talent acquisition', 'hris']",0,High School / Diploma,14
16121387,Healthcare & Medical,"['customer service', 'healthcare', 'leadership', 'six sigma', 'cpr', 'education', 'quality control', 'safety', 'accounting', 'analytical', 'compliance', 'communication', 'powerpoint', 'problem solving', 'emr', 'hipaa', 'excel', 'operations', 'patient care']",0,Master's,19
10076271,Healthcare & Medical,"['strategy', 'education', 'advocacy', 'operations', 'healthcare', 'leadership', 'project management', 'excel']",0,Master's,8
80876647,Healthcare & Medical,"['attention to detail', 'cpr', 'education', 'customer service', 'logistics', 'patient care', 'safety', 'healthcare', 'statistics']",0,High School / Diploma,9
36861863,Healthcare & Medical,"['education', 'customer service', 'conflict resolution', 'healthcare', 'compliance', 'crm', 'problem solving']",0,Bachelor's,7
24025053,Healthcare & Medical,"['medical terminology', 'payroll', 'research', 'education', 'operations', 'rehabilitation', 'quality control', 'multitasking', 'healthcare', 'accounting', 'leadership', 'time management', 'financial reporting', 'hipaa', 'surgery', 'critical thinking']",0,Master's,16
17545780,Healthcare & Medical,"['payroll', 'education', 'budgeting', 'operations', 'patient care', 'teamwork', 'healthcare', 'accounting', 'leadership', 'communication', 'problem solving', 'surgery']",0,Bachelor's,12
95011061,Healthcare & Medical,"['education', 'customer service', 'operations', 'healthcare', 'leadership', 'powerpoint', 'emr', 'excel']",0,High School / Diploma,8
13565152,Healthcare & Medical,"['customer service', 'healthcare', 'leadership', 'nursing', 'critical thinking', 'education', 'sales strategy', 'crm', 'r', 'research', 'payroll', 'conflict resolution', 'compliance', 'communication', 'problem solving', 'strategy', 'patient care', 'operations', 'triage']",0,Bachelor's,19
75744306,Healthcare & Medical,"['education', 'customer service', 'conflict resolution', 'healthcare', 'communication', 'time management', 'excel', 'troubleshooting']",0,Bachelor's,8
26908066,Healthcare & Medical,"['strategy', 'cold calling', 'education', 'recruitment', 'healthcare', 'compliance', 'leadership', 'crm', 'social media', 'project management', 'negotiation']",0,Bachelor's,11
11704150,Healthcare & Medical,"['education', 'operations', 'safety', 'healthcare', 'communication', 'hipaa', 'mechatronics']",0,High School / Diploma,7
27917969,Healthcare & Medical,"['vendor management', 'strategy', 'education', 'operations', 'healthcare', 'strategic planning', 'leadership', 'onboarding', 'portfolio management', 'account management']",0,Master's,10
12613221,Healthcare & Medical,"['cpr', 'medical terminology', 'education', 'healthcare', 'communication', 'problem solving', 'troubleshooting', 'analytical', 'critical thinking', 'strategic planning']",0,Bachelor's,10
15680735,Healthcare & Medical,"['education', 'recruitment', 'c', 'operations', 'lead generation', 'healthcare', 'clinical research', 'client retention', 'leadership', 'nursing', 'account management']",18,Master's,11
13575312,Healthcare & Medical,"['healthcare', 'education', 'risk management', 'html', 'budgeting', 'crm', 'java', 'project management', 'pmp', 'supply chain', 'c', 'oracle', 'postgresql', 'agile methodology', 'scrum', 'wealth management', 'strategy', 'operations', 'javascript', 'sql']",20,Master's,20
15636923,Healthcare & Medical,"['cpr', 'education', 'customer service', 'anatomy', 'patient care', 'safety', 'healthcare', 'leadership', 'communication', 'nursing']",4,Master's,10
14062078,Healthcare & Medical,"['medical terminology', 'education', 'research', 'anatomy', 'patient care', 'triage', 'safety', 'healthcare', 'communication', 'powerpoint', 'statistics', 'excel', 'hipaa', 'nursing', 'physiology']",8,High School / Diploma,15
37001381,Healthcare & Medical,"['education', 'customer service', 'data entry', 'anatomy', 'healthcare', 'compliance', 'communication', 'emr', 'hipaa', 'physiology', 'medical billing']",16,Master's,11
32219038,Healthcare & Medical,"['attention to detail', 'research', 'data entry', 'customer service', 'education', 'sap', 'healthcare', 'time management', 'powerpoint', 'excel', 'hipaa', 'nursing', 'medical billing']",0,High School / Diploma,13
10251432,Healthcare & Medical,"['attention to detail', 'payroll', 'customer service', 'education', 'c', 'healthcare', 'accounting', 'r', 'powerpoint', 'excel', 'accounts payable']",15,Master's,11
28423028,Healthcare & Medical,"['medical terminology', 'education', 'customer service', 'risk management', 'research', 'operations', 'anatomy', 'quality control', 'safety', 'healthcare', 'compliance', 'leadership', 'communication', 'onboarding', 'emr', 'surgery', 'hipaa', 'physiology']",10,High School / Diploma,18
46349752,Healthcare & Medical,"['cpr', 'medical terminology', 'research', 'education', 'patient care', 'teaching', 'safety', 'healthcare', 'compliance', 'communication', 'time management', 'surgery', 'nursing', 'critical thinking']",0,High School / Diploma,14
26958533,Healthcare & Medical,"['education', 'adaptability', 'photoshop', 'healthcare', 'hvac', 'compliance', 'excel']",0,High School / Diploma,7
23110214,Healthcare & Medical,"['education', 'customer service', 'mentoring', 'healthcare', 'compliance', 'leadership', 'time management', 'six sigma', 'project management', 'emr', 'excel', 'nursing', 'negotiation', 'strategic planning']",1,Master's,14
17963031,Healthcare & Medical,"['unix', 'education', 'logistics', 'operations', 'healthcare', 'clinical research', 'java', 'troubleshooting']",20,Master's,8
60624892,Healthcare & Medical,"['education', 'customer service', 'recruitment', 'operations', 'rehabilitation', 'healthcare', 'compliance', 'leadership', 'communication', 'accounting', 'project management', 'problem solving', 'powerpoint', 'excel', 'nursing', 'presentation skills', 'mentoring']",0,Master's,17
23918545,Healthcare & Medical,"['attention to detail', 'research', 'medical terminology', 'customer service', 'data entry', 'education', 'healthcare', 'compliance', 'communication', 'time management', 'accounting', 'surgery', 'excel', 'nursing', 'medical billing']",3,Master's,15
20172393,Healthcare & Medical,"['research', 'education', 'patient care', 'safety', 'healthcare', 'clinical research', 'compliance', 'project management']",0,Master's,8
39082090,Healthcare & Medical,"['research', 'payroll', 'customer service', 'education', 'healthcare', 'leadership', 'communication']",10,Master's,7
98309114,Healthcare & Medical,"['data entry', 'education', 'acls', 'patient care', 'teaching', 'safety', 'healthcare', 'photoshop', 'compliance', 'leadership', 'public relations', 'statistics', 'nursing', 'excel', 'mentoring', 'six sigma', 'strategic planning']",20,Master's,17
16702198,Healthcare & Medical,"['education', 'c', 'operations', 'healthcare', 'compliance', 'powerpoint', 'project management', 'excel', 'account management']",25,Master's,9
45907524,Healthcare & Medical,"['cpr', 'medical terminology', 'education', 'customer service', 'data entry', 'operations', 'safety', 'teaching', 'healthcare', 'leadership', 'time management', 'excel']",0,Bachelor's,12
12333703,Healthcare & Medical,"['education', 'customer service', 'procurement', 'operations', 'safety', 'healthcare', 'hvac', 'compliance', 'communication', 'r', 'project management', 'troubleshooting', 'accounts payable']",0,Bachelor's,13
15499825,Healthcare & Medical,"['research', 'payroll', 'customer service', 'education', 'guest relations', 'healthcare', 'compliance', 'leadership', 'problem solving', 'emr', 'hipaa']",10,Master's,11
85417107,Healthcare & Medical,"['research', 'education', 'account management', 'recruitment', 'healthcare', 'compliance', 'communication', 'social media', 'talent acquisition', 'nursing', 'negotiation', 'special education']",0,Master's,12
33750209,Healthcare & Medical,"['strategy', 'education', 'data entry', 'risk management', 'healthcare', 'emr', 'hipaa', 'six sigma']",7,Bachelor's,8
24548333,Healthcare & Medical,"['strategy', 'education', 'customer service', 'teaching', 'photoshop', 'healthcare', 'leadership', 'illustrator', 'project management', 'powerpoint', 'excel', 'account management']",1,Master's,12
16356151,Healthcare & Medical,"['cpr', 'education', 'customer service', 'advocacy', 'patient care', 'triage', 'quality control', 'safety', 'teaching', 'healthcare', 'patient assessment', 'compliance', 'communication', 'surgery', 'nursing', 'critical thinking']",19,Bachelor's,16
20736486,Healthcare & Medical,"['medical terminology', 'data entry', 'customer service', 'education', 'patient care', 'operations', 'healthcare', 'communication', 'leadership', 'time management', 'excel', 'workday', 'nursing']",21,Bachelor's,13
18784594,Healthcare & Medical,"['research', 'education', 'customer service', 'patient care', 'operations', 'safety', 'healthcare', 'accounting', 'time management', 'leadership', 'problem solving', 'six sigma']",6,Master's,12
85421438,Healthcare & Medical,"['strategy', 'education', 'customer service', 'google analytics', 'content marketing', 'seo', 'healthcare', 'communication', 'sem', 'leadership', 'event planning']",0,Bachelor's,11
33803142,Healthcare & Medical,"['attention to detail', 'education', 'customer service', 'budgeting', 'operations', 'patient care', 'teaching', 'healthcare', 'accounting', 'leadership', 'communication', 'compliance', 'employee relations', 'nursing', 'strategic planning']",9,Bachelor's,15
47996197,Healthcare & Medical,"['education', 'budgeting', 'seo', 'healthcare', 'crm', 'sem', 'public relations', 'project management', 'social media']",10,High School / Diploma,9
11605833,Healthcare & Medical,"['education', 'customer service', 'healthcare', 'accounting', 'leadership', 'communication', 'compliance', 'problem solving', 'troubleshooting', 'analytical']",4,Bachelor's,10
25451319,Healthcare & Medical,"['education', 'customer service', 'payroll', 'budgeting', 'operations', 'patient care', 'teamwork', 'safety', 'healthcare', 'accounting', 'time management', 'leadership', 'communication', 'compliance', 'problem solving', 'financial reporting', 'analytical', 'strategic planning']",28,Bachelor's,18
91478356,Healthcare & Medical,"['attention to detail', 'data entry', 'education', 'patient care', 'safety', 'healthcare', 'nursing']",6,High School / Diploma,7
29134372,Healthcare & Medical,"['education', 'customer service', 'recruitment', 'oracle', 'anatomy', 'healthcare', 'accounting', 'leadership', 'communication', 'compliance', 'time management', 'nursing', 'physiology']",0,Master's,13
35579812,Healthcare & Medical,"['cpr', 'education', 'budgeting', 'safety', 'healthcare', 'leadership', 'communication']",20,Bachelor's,7
12938200,Healthcare & Medical,"['cpr', 'education', 'customer service', 'teaching', 'healthcare', 'communication', 'excel']",0,Master's,7
31926950,Healthcare & Medical,"['research', 'data entry', 'manufacturing', 'customer service', 'education', 'recruitment', 'healthcare', 'compliance', 'communication', 'onboarding', 'leadership', 'excel', 'talent acquisition']",0,Bachelor's,13
32563518,Healthcare & Medical,"['vendor management', 'strategy', 'education', 'procurement', 'operations', 'triage', 'healthcare', 'bls', 'compliance', 'communication', 'leadership', 'project management', 'problem solving', 'analytical', 'sql']",0,Master's,15
29992154,Healthcare & Medical,"['cpr', 'education', 'customer service', 'operations', 'food safety', 'safety', 'healthcare', 'communication', 'leadership', 'hospitality']",3,High School / Diploma,10
25974844,Healthcare & Medical,"['education', 'advocacy', 'operations', 'healthcare', 'compliance', 'communication', 'auditing', 'powerpoint', 'emr', 'excel', 'hipaa', 'graphic design', 'critical thinking', 'medical billing']",0,Master's,14
18129173,Healthcare & Medical,"['payroll', 'account management', 'education', 'operations', 'salesforce', 'healthcare', 'client retention', 'ruby', 'leadership', 'problem solving', 'mentoring', 'strategic planning']",0,Master's,12
26585242,Healthcare & Medical,"['education', 'customer service', 'budgeting', 'operations', 'healthcare', 'tableau', 'compliance', 'project management', 'hipaa', 'excel', 'sql', 'troubleshooting']",0,Master's,12
26695839,Healthcare & Medical,"['research', 'data entry', 'education', 'operations', 'salesforce', 'healthcare', 'compliance', 'leadership', 'accounting', 'project management', 'powerpoint', 'excel', 'troubleshooting', 'analytical']",0,Master's,14
10568183,Healthcare & Medical,"['payroll', 'customer service', 'education', 'healthcare', 'communication', 'powerpoint', 'excel']",0,Master's,7
24550866,Healthcare & Medical,"['vendor management', 'education', 'conflict resolution', 'operations', 'healthcare', 'accounting', 'communication', 'compliance', 'business intelligence', 'project management', 'troubleshooting', 'critical thinking']",0,Master's,12
34594746,Healthcare & Medical,"['vendor management', 'research', 'data entry', 'customer service', 'education', 'operations', 'sap', 'healthcare', 'compliance', 'communication', 'time management', 'powerpoint', 'problem solving', 'dispute resolution', 'hipaa', 'excel', 'critical thinking', 'account management']",0,High School / Diploma,18
25834360,Healthcare & Medical,"['education', 'patient care', 'teaching', 'healthcare', 'statistics', 'nursing']",25,Bachelor's,6
27090089,Healthcare & Medical,"['customer service', 'healthcare', 'leadership', 'tutoring', 'critical thinking', 'account management', 'education', 'recruitment', 'classroom management', 'public speaking', 'research', 'conflict resolution', 'teaching', 'communication', 'social media', 'curriculum development', 'operations', 'lesson planning', 'event planning']",0,Bachelor's,19
35422305,Healthcare & Medical,"['strategy', 'education', 'recruitment', 'operations', 'patient care', 'rehabilitation', 'safety', 'healthcare', 'leadership', 'six sigma', 'strategic planning']",0,Master's,11
18484846,Healthcare & Medical,"['education', 'recruitment', 'patient care', 'healthcare', 'crm', 'powerpoint', 'excel', 'nursing']",0,High School / Diploma,8
18949843,Healthcare & Medical,"['research', 'education', 'patient care', 'healthcare', 'clinical research', 'compliance', 'communication', 'leadership', 'accounting', 'auditing', 'project management', 'hipaa']",0,Bachelor's,12
17539842,Healthcare & Medical,"['research', 'education', 'teaching', 'healthcare', 'communication', 'nursing', 'special education']",0,Master's,7
36868767,Healthcare & Medical,"['payroll', 'education', 'c', 'safety', 'multitasking', 'healthcare', 'powerpoint', 'excel', 'surgery']",10,Master's,9
97169343,Healthcare & Medical,"['education', 'customer service', 'recruitment', 'patient care', 'safety', 'healthcare', 'compliance', 'time management', 'social media', 'communication', 'statistics', 'surgery', 'nursing']",0,High School / Diploma,13
31395710,Healthcare & Medical,"['education', 'patient care', 'triage', 'safety', 'healthcare', 'statistics', 'surgery', 'nursing']",15,Bachelor's,8
17576030,Healthcare & Medical,"['cpr', 'education', 'special education']",0,Bachelor's,3
24444525,Healthcare & Medical,"['cpr', 'education', 'anatomy', 'operations', 'leadership', 'statistics', 'excel']",10,Master's,7
10268614,Healthcare & Medical,"['cpr', 'education', 'healthcare', 'leadership', 'communication', 'r', 'powerpoint', 'excel']",0,Master's,8
29792535,Healthcare & Medical,"['cpr', 'research', 'education', 'operations', 'safety', 'photoshop', 'illustrator', 'excel']",0,Master's,8
15932017,Healthcare & Medical,"['cpr', 'education', 'customer service', 'patient care', 'communication']",0,High School / Diploma,5
23063986,Healthcare & Medical,"['research', 'education', 'customer service', 'operations', 'accounting', 'communication', 'leadership', 'social media', 'powerpoint', 'project management', 'statistics', 'excel', 'event planning']",4,Bachelor's,13
10816645,Healthcare & Medical,"['communication', 'education', 'advocacy', 'cpr']",0,Bachelor's,4
11522068,Healthcare & Medical,"['education', 'teaching', 'leadership', 'communication', 'time management']",0,Bachelor's,5
10568350,Healthcare & Medical,"['education', 'customer service', 'conflict resolution', 'safety', 'communication', 'statistics', 'problem solving', 'account management']",0,High School / Diploma,8
18767449,Healthcare & Medical,"['research', 'data entry', 'education', 'leadership', 'problem solving', 'critical thinking']",0,Master's,6
20457611,Healthcare & Medical,"['customer service', 'aviation', 'financial analysis', 'cpr', 'education', 'budgeting', 'safety', 'accounting', 'auditing', 'project management', 'technical support', 'research', 'payroll', 'accounts receivable', 'teaching', 'communication', 'accounts payable', 'data entry', 'rehabilitation', 'operations', 'mentoring']",2,Master's,21
54259150,Healthcare & Medical,"['cpr', 'education', 'customer service', 'teamwork', 'safety', 'teaching', 'leadership', 'public relations', 'communication']",0,Bachelor's,9
67032711,Healthcare & Medical,"['education', 'customer service', 'teaching', 'leadership', 'surgery']",0,Associate's,5
12019284,Healthcare & Medical,"['payroll', 'customer service', 'education', 'leadership', 'communication', 'project management', 'problem solving']",0,Master's,7
38650096,Healthcare & Medical,"['cpr', 'education', 'customer service', 'safety', 'excel']",0,Bachelor's,5
32651555,Healthcare & Medical,"['cpr', 'payroll', 'customer service', 'education', 'teamwork', 'operations', 'quality control', 'safety', 'leadership', 'aviation', 'hospitality']",0,High School / Diploma,11
55746506,Healthcare & Medical,"['cpr', 'education', 'customer service', 'recruitment', 'public speaking', 'strategic planning']",0,High School / Diploma,6
10235429,Healthcare & Medical,"['strategy', 'education', 'payroll', 'operations', 'leadership', 'inventory management', 'social media', 'excel', 'account management']",0,Master's,9
30757456,Healthcare & Medical,"['education', 'payroll', 'recruitment', 'procurement', 'operations', 'safety', 'leadership', 'communication']",2,Bachelor's,8
19037403,Healthcare & Medical,"['education', 'customer service', 'accounting', 'leadership', 'problem solving', 'fitness training']",0,High School / Diploma,6
32636041,Healthcare & Medical,"['cpr', 'education', 'customer service', 'operations', 'communication', 'leadership', 'social media', 'project management', 'problem solving', 'presentation skills', 'analytical', 'physiology']",0,Master's,12
27974588,Healthcare & Medical,"['cpr', 'teaching', 'manufacturing', 'education']",14,Bachelor's,4
24251588,Healthcare & Medical,"['cpr', 'education', 'customer service', 'recruitment', 'operations', 'leadership', 'technical support']",10,Bachelor's,7
97123005,Healthcare & Medical,"['attention to detail', 'research', 'education', 'customer service', 'recruitment', 'data entry', 'conflict resolution', 'hvac', 'accounting', 'compliance', 'time management', 'powerpoint', 'excel', 'critical thinking', 'account management']",5,Bachelor's,15
38642923,Healthcare & Medical,"['research', 'education', 'customer service', 'anatomy', 'accounting', 'leadership', 'communication', 'public relations']",0,Master's,8
39805617,Healthcare & Medical,"['attention to detail', 'education', 'risk management', 'customer service', 'operations', 'healthcare', 'leadership', 'project management', 'problem solving', 'nursing']",5,Master's,10
20565486,Healthcare & Medical,"['cpr', 'education', 'customer service', 'oracle', 'teaching', 'compliance', 'communication', 'social media', 'leadership', 'powerpoint', 'excel']",4,Bachelor's,11
28669770,Healthcare & Medical,"['education', 'risk management', 'customer service', 'payroll', 'operations']",3,Master's,5
17660419,Healthcare & Medical,"['strategy', 'safety', 'education']",0,High School / Diploma,3
22855060,Healthcare & Medical,"['cpr', 'payroll', 'customer service', 'education', 'operations', 'inventory management', 'social media', 'leadership', 'account management']",10,High School / Diploma,9
17163375,Healthcare & Medical,"['leadership', 'safety', 'education', 'cpr']",0,Bachelor's,4
35302620,Healthcare & Medical,"['education', 'customer service', 'recruitment', 'payroll', 'operations', 'accounting', 'mentoring', 'accounts payable']",5,Bachelor's,8
19599699,Healthcare & Medical,"['education', 'safety', 'social media', 'powerpoint', 'excel']",0,Bachelor's,5
17286050,Healthcare & Medical,"['research', 'education', 'customer service', 'teaching', 'communication', 'negotiation']",0,Master's,6
15293959,Healthcare & Medical,"['cpr', 'education', 'teamwork', 'photoshop', 'healthcare', 'communication', 'statistics', 'excel']",0,Master's,8
10428916,Healthcare & Medical,"['cpr', 'education', 'customer service', 'recruitment', 'operations', 'safety', 'leadership']",0,Bachelor's,7
52684666,Healthcare & Medical,"['cpr', 'research', 'education', 'customer service', 'acls', 'c', 'operations', 'safety', 'bls', 'communication', 'leadership', 'emr', 'nursing']",0,Bachelor's,13
19774173,Healthcare & Medical,"['education', 'customer service', 'c', 'accounting', 'communication', 'time management', 'r']",0,Master's,7
23011221,Healthcare & Medical,"['cpr', 'research', 'payroll', 'education', 'recruitment', 'oracle', 'conflict resolution', 'safety', 'compliance', 'leadership', 'project management', 'problem solving', 'powerpoint']",0,Master's,13
13367322,Healthcare & Medical,"['cpr', 'education', 'customer service', 'safety', 'multitasking', 'compliance', 'communication', 'hipaa']",0,High School / Diploma,8
16038911,Healthcare & Medical,"['cpr', 'research', 'education', 'anatomy', 'safety', 'compliance']",0,High School / Diploma,6
30990885,Healthcare & Medical,"['cpr', 'education', 'c', 'accounting', 'communication', 'powerpoint', 'excel', 'account management']",0,Bachelor's,8
12923795,Healthcare & Medical,"['education', 'customer service', 'manufacturing', 'supply chain', 'operations', 'budgeting', 'oracle', 'quality control', 'communication', 'crm', 'leadership', 'r', 'six sigma', 'presentation skills', 'technical support', 'negotiation', 'strategic planning']",0,Bachelor's,17
20279756,Healthcare & Medical,"['cpr', 'education', 'customer service', 'operations', 'content marketing', 'leadership', 'communication', 'project management', 'employee relations']",20,Bachelor's,9
25838512,Healthcare & Medical,"['education', 'operations', 'leadership', 'communication', 'strategic planning']",1,Bachelor's,5
17431847,Healthcare & Medical,"['cpr', 'education', 'teamwork', 'rehabilitation', 'operations', 'leadership', 'time management', 'powerpoint', 'excel']",0,Master's,9
28321954,Healthcare & Medical,"['education', 'logistics', 'safety', 'leadership', 'communication']",2,High School / Diploma,5
11332602,Healthcare & Medical,"['payroll', 'customer service', 'education', 'budgeting', 'operations', 'c', 'safety', 'statistics', 'problem solving', 'excel', 'strategic planning']",10,Bachelor's,11
17166018,Healthcare & Medical,"['cpr', 'education', 'teamwork', 'lesson planning', 'teaching', 'powerpoint', 'curriculum development']",0,Bachelor's,7
29573698,Healthcare & Medical,"['communication', 'education', 'customer service']",1,High School / Diploma,3
95769832,Healthcare & Medical,"['communication', 'education', 'customer service', 'operations']",3,Bachelor's,4
89858892,Healthcare & Medical,"['cpr', 'strategy', 'payroll', 'customer service', 'education', 'logistics', 'operations', 'safety', 'accounting', 'communication', 'inventory management', 'crm', 'mentoring']",0,High School / Diploma,13
22488036,Healthcare & Medical,"['manufacturing', 'ansys', 'education', 'safety', 'sap', 'project management', 'linux', 'plc programming', 'structural analysis', 'solidworks', 'c', 'communication', 'python', 'powerpoint', 'excel', 'autocad', 'shell', 'catia', 'operations', 'mechanical design', 'matlab', 'sql']",1,Master's,22
22093368,Healthcare & Medical,"['cpr', 'research', 'education', 'customer service', 'operations', 'anatomy', 'teaching', 'safety', 'time management', 'leadership', 'scrum', 'excel', 'analytical', 'physiology']",8,Master's,14
31042953,Healthcare & Medical,"['cpr', 'education', 'customer service', 'teaching', 'client retention', 'compliance', 'project management']",0,Bachelor's,7
24994145,Healthcare & Medical,"['physiology', 'education', 'anatomy', 'compliance', 'social media', 'communication', 'media relations', 'fitness training']",0,High School / Diploma,8
56286525,Healthcare & Medical,"['payroll', 'customer service', 'education', 'budgeting', 'operations', 'conflict resolution', 'safety', 'spark', 'compliance', 'leadership', 'communication', 'dispute resolution', 'performance management', 'strategic planning']",12,Master's,14
32517106,Healthcare & Medical,"['cpr', 'attention to detail', 'education', 'customer service', 'anatomy', 'operations', 'problem solving', 'employee relations', 'physiology']",0,Master's,9
38108845,Healthcare & Medical,"['payroll', 'customer service', 'education', 'operations', 'communication', 'financial reporting', 'leadership', 'statistics', 'problem solving', 'strategic planning']",0,Bachelor's,10
28172023,Healthcare & Medical,"['research', 'education', 'customer service', 'operations', 'communication', 'time management', 'powerpoint', 'excel', 'critical thinking', 'strategic planning']",0,Bachelor's,10
45656814,Healthcare & Medical,"['education', 'anatomy', 'lesson planning', 'classroom management', 'teaching', 'safety', 'communication', 'troubleshooting', 'critical thinking']",5,Bachelor's,9
24767027,Healthcare & Medical,"['strategy', 'cold calling', 'education', 'operations', 'intellectual property', 'safety', 'healthcare', 'accounting', 'leadership', 'bloomberg', 'account management']",0,Master's,11
25507648,Healthcare & Medical,"['payroll', 'education', 'c', 'logistics', 'operations', 'sap', 'compliance', 'communication', 'leadership', 'illustrator', 'excel', 'animation', 'performance management']",0,High School / Diploma,13
17915015,Healthcare & Medical,"['cpr', 'medical terminology', 'payroll', 'customer service', 'education', 'teamwork', 'teaching', 'leadership', 'public relations', 'event planning', 'critical thinking']",0,Master's,11
36139251,Healthcare & Medical,"['education', 'payroll', 'safety', 'compliance', 'leadership', 'social media', 'accounting', 'powerpoint']",0,High School / Diploma,8
16474898,Healthcare & Medical,"['cpr', 'research', 'education', 'anatomy', 'teaching', 'healthcare', 'communication', 'problem solving', 'excel', 'analytical']",2,Master's,10
25482567,Healthcare & Medical,"['education', 'customer service', 'budgeting', 'operations', 'client retention', 'leadership', 'communication', 'account management']",22,Master's,8
29165698,Healthcare & Medical,"['cpr', 'payroll', 'customer service', 'education', 'operations', 'conflict resolution', 'safety', 'leadership', 'time management', 'statistics']",0,High School / Diploma,10
27084878,Healthcare & Medical,"['cpr', 'data entry', 'education', 'payroll', 'risk management', 'operations', 'customer service', 'safety', 'auditing', 'compliance', 'accounting', 'nursing', 'accounts payable', 'negotiation']",13,Bachelor's,14
26459032,Healthcare & Medical,"['attention to detail', 'cpr', 'research', 'education', 'safety', 'communication', 'powerpoint', 'statistics', 'excel', 'analytical', 'accounts payable']",0,Master's,11
70603826,Healthcare & Medical,"['cpr', 'education', 'teamwork', 'anatomy', 'safety', 'teaching', 'leadership', 'communication', 'mentoring', 'physiology']",0,Master's,10
95085510,Healthcare & Medical,"['communication', 'education']",0,High School / Diploma,2
21238396,Healthcare & Medical,"['education', 'operations', 'teaching', 'multitasking', 'time management', 'excel']",12,Bachelor's,6
20255404,Healthcare & Medical,"['strategy', 'cold calling', 'payroll', 'customer service', 'education', 'budgeting', 'operations', 'content marketing', 'auditing', 'project management', 'problem solving', 'nursing', 'analytical', 'accounts payable', 'negotiation', 'account management']",12,Bachelor's,16
69666645,Healthcare & Medical,"['education', 'anatomy', 'pharmacology', 'patient assessment', 'surgery', 'nursing', 'physiology']",0,High School / Diploma,7
19938081,Healthcare & Medical,"['payroll', 'customer service', 'education', 'operations', 'accounting', 'leadership', 'communication', 'account management']",0,Bachelor's,8
12092347,Healthcare & Medical,"['education', 'operations', 'safety', 'time management', 'communication', 'leadership', 'problem solving']",0,High School / Diploma,7
62870550,Healthcare & Medical,"['payroll', 'customer service', 'recruitment', 'education', 'operations', 'conflict resolution', 'compliance', 'leadership', 'social media', 'accounting']",0,Bachelor's,10
76530505,Healthcare & Medical,"['payroll', 'customer service', 'education', 'operations', 'teaching', 'communication', 'time management']",0,Bachelor's,7
10333051,Healthcare & Medical,"['cpr', 'education', 'risk management', 'acls', 'operations', 'rehabilitation', 'safety', 'healthcare', 'bls', 'compliance', 'leadership', 'auditing', 'communication', 'emr', 'surgery', 'nursing']",12,Master's,16
29319314,Healthcare & Medical,"['attention to detail', 'strategy', 'education', 'conflict resolution', 'salesforce', 'teaching', 'communication', 'project management', 'analytical']",1,Master's,9
77266989,Healthcare & Medical,"['cpr', 'education', 'customer service', 'recruitment', 'budgeting', 'rehabilitation', 'patient care', 'safety', 'bls', 'compliance', 'communication', 'leadership', 'excel']",14,Bachelor's,13
59487170,Healthcare & Medical,"['cpr', 'research', 'payroll', 'education', 'operations', 'safety', 'leadership', 'communication', 'excel']",2,Bachelor's,9
24219583,Healthcare & Medical,"['research', 'education', 'acls', 'patient care', 'teaching', 'safety', 'healthcare', 'bls', 'communication', 'powerpoint', 'surgery', 'excel', 'nursing']",0,Bachelor's,13
27397245,Healthcare & Medical,"['customer service', 'conflict resolution', 'operations', 'rehabilitation', 'communication', 'problem solving', 'excel']",14,Master's,7
29425788,Healthcare & Medical,"['communication', 'research', 'education', 'physiology']",0,Master's,4
11130200,Healthcare & Medical,"['education', 'c', 'procurement', 'safety', 'time management']",0,High School / Diploma,5
10969918,Healthcare & Medical,"['medical terminology', 'education', 'advocacy', 'patient care', 'safety', 'compliance', 'nursing']",0,High School / Diploma,7
21178545,Healthcare & Medical,"['research', 'education', 'c', 'clinical research', 'leadership', 'surgery']",0,PhD,6
12938389,Healthcare & Medical,"['attention to detail', 'education', 'customer service', 'conflict resolution', 'operations', 'compliance', 'leadership', 'communication', 'hospitality', 'problem solving', 'workday', 'strategic planning']",0,High School / Diploma,12
57575888,Healthcare & Medical,"['cpr', 'strategy', 'education', 'payroll', 'c', 'operations', 'salesforce', 'social media', 'leadership', 'communication']",8,Master's,10
37087824,Healthcare & Medical,"['attention to detail', 'vendor management', 'research', 'education', 'risk management', 'customer service', 'logistics', 'operations', 'healthcare', 'communication', 'time management', 'leadership', 'powerpoint', 'excel', 'accounts payable', 'negotiation', 'account management']",20,Master's,17
21122155,Healthcare & Medical,"['research', 'education', 'gcp', 'recruitment', 'rehabilitation', 'anatomy', 'safety', 'teaching', 'bls', 'clinical research', 'compliance', 'healthcare', 'emr', 'surgery', 'physiology']",0,Master's,15
24708621,Healthcare & Medical,"['strategy', 'education', 'manufacturing', 'procurement', 'operations', 'logistics', 'compliance', 'leadership', 'portfolio management', 'business intelligence', 'six sigma']",0,Bachelor's,11
27903191,Healthcare & Medical,"['payroll', 'customer service', 'education', 'safety', 'social media', 'leadership', 'time management']",0,Master's,7
24905947,Healthcare & Medical,"['education', 'customer service', 'operations', 'communication', 'public relations', 'hospitality']",0,Bachelor's,6
75156649,Healthcare & Medical,"['communication', 'education', 'customer service']",0,Bachelor's,3
96761538,Healthcare & Medical,"['education', 'customer service', 'operations']",0,Master's,3
19975121,Healthcare & Medical,"['payroll', 'data entry', 'education', 'after effects', 'photoshop', 'social media', 'time management', 'communication', 'powerpoint', 'excel']",0,Bachelor's,10
12695799,Healthcare & Medical,"['education', 'customer service', 'teamwork', 'operations', 'photoshop', 'social media', 'leadership', 'communication', 'project management', 'excel', 'event planning']",10,Master's,11
14515954,Healthcare & Medical,"['strategy', 'research', 'education', 'teamwork', 'procurement', 'budgeting', 'communication', 'leadership', 'time management', 'project management']",0,Master's,10
13675377,Healthcare & Medical,"['research', 'medical terminology', 'customer service', 'education', 'anatomy', 'patient care', 'rehabilitation', 'compliance', 'emr', 'physiology']",0,High School / Diploma,10
34151183,Healthcare & Medical,"['medical terminology', 'data entry', 'customer service', 'research', 'operations', 'safety', 'compliance', 'accounting']",15,Bachelor's,8
16605352,Healthcare & Medical,"['attention to detail', 'vendor management', 'research', 'medical terminology', 'customer service', 'cpr', 'education', 'accounts receivable', 'time management', 'communication', 'excel', 'financial analysis', 'accounts payable']",0,Master's,13
34792238,Healthcare & Medical,"['education', 'conflict resolution', 'operations', 'quality control', 'rehabilitation', 'safety', 'accounting', 'leadership', 'public relations', 'communication', 'statistics', 'compliance']",20,Bachelor's,12
23004695,Healthcare & Medical,"['education', 'customer service', 'payroll', 'operations', 'safety', 'leadership', 'hospitality', 'problem solving']",0,Bachelor's,8
35164503,Healthcare & Medical,"['education', 'customer service', 'c', 'advocacy', 'operations', 'google analytics', 'compliance', 'social media', 'communication', 'accounting', 'public relations', 'excel']",11,Master's,12
63282405,Healthcare & Medical,"['cpr', 'education', 'customer service', 'time management', 'communication', 'problem solving', 'accounts payable']",0,Master's,7
31556198,Healthcare & Medical,"['cold calling', 'education', 'customer service', 'safety', 'time management', 'communication']",0,High School / Diploma,6
12791244,Healthcare & Medical,"['cpr', 'research', 'education', 'customer service', 'logistics', 'patient care', 'accounting', 'communication', 'accounts payable']",0,Master's,9
14107571,Healthcare & Medical,"['vba', 'research', 'education', 'intellectual property', 'compliance', 'leadership', 'auditing', 'gis', 'powerpoint', 'excel']",22,Bachelor's,10
17658471,Healthcare & Medical,"['attention to detail', 'education', 'nursing', 'public speaking']",0,Bachelor's,4
80000092,Healthcare & Medical,"['communication', 'hospitality', 'education']",0,High School / Diploma,3
13037145,Healthcare & Medical,"['education', 'customer service', 'social media', 'communication', 'public relations', 'mentoring', 'critical thinking']",0,Bachelor's,7
23477199,Healthcare & Medical,"['attention to detail', 'education', 'manufacturing', 'operations', 'conflict resolution', 'lean manufacturing', 'quality control', 'multitasking', 'kanban', 'leadership', 'r', 'excel', 'troubleshooting', 'analytical']",5,Bachelor's,14
29306433,Healthcare & Medical,"['payroll', 'customer service', 'operations', 'accounts receivable', 'safety', 'compliance', 'leadership', 'financial reporting', 'r', 'accounting']",0,Bachelor's,10
90365216,Healthcare & Medical,"['research', 'education', 'customer service', 'recruitment', 'anatomy', 'communication', 'excel', 'nursing', 'physiology']",0,Master's,9
54246169,Operations & Supply Chain,"['research', 'education', 'c', 'food safety', 'agriculture', 'communication', 'excel', 'strategic planning']",0,Bachelor's,8
28165687,Operations & Supply Chain,"['research', 'education', 'advocacy', 'teamwork', 'lesson planning', 'teaching', 'agriculture', 'leadership', 'time management', 'project management', 'nursing', 'tutoring', 'surgery', 'analytical']",4,Master's,14
21134923,Operations & Supply Chain,"['research', 'education', 'c', 'budgeting', 'agriculture', 'social media', 'illustrator', 'communication', 'financial reporting', 'compliance', 'project management', 'excel', 'strategic planning']",0,Master's,13
37292350,Operations & Supply Chain,"['research', 'education', 'recruitment', 'instructional design', 'operations', 'c', 'teaching', 'agriculture', 'accounting', 'leadership', 'social media', 'powerpoint', 'curriculum development', 'elearning', 'technical support']",2,Master's,15
84512719,Operations & Supply Chain,"['attention to detail', 'research', 'education', 'teamwork', 'logistics', 'safety', 'multitasking', 'agriculture', 'problem solving', 'excel', 'troubleshooting', 'strategic planning']",0,Bachelor's,12
21868149,Operations & Supply Chain,"['education', 'farming', 'data entry', 'agriculture', 'communication', 'public relations', 'compliance', 'project management', 'critical thinking']",0,Bachelor's,9
37201447,Operations & Supply Chain,"['education', 'lesson planning', 'teaching', 'classroom management', 'agriculture', 'leadership', 'communication']",20,High School / Diploma,7
29897742,Operations & Supply Chain,"['research', 'education', 'lesson planning', 'classroom management', 'teaching', 'agriculture', 'leadership', 'communication', 'project management', 'presentation skills']",20,Bachelor's,10
55500538,Operations & Supply Chain,"['research', 'education', 'safety', 'agriculture', 'leadership', 'gis', 'excel']",2,Bachelor's,7
15053703,Operations & Supply Chain,"['attention to detail', 'cpr', 'education', 'advocacy', 'food safety', 'safety', 'agriculture', 'leadership', 'communication', 'public relations', 'powerpoint', 'public speaking', 'excel', 'tutoring', 'curriculum development']",0,High School / Diploma,15
15603319,Operations & Supply Chain,"['research', 'education', 'mentoring', 'agriculture', 'communication', 'leadership', 'analytical']",0,Master's,7
69336473,Operations & Supply Chain,"['research', 'education', 'budgeting', 'food safety', 'powerpoint']",0,Master's,5
18242317,Operations & Supply Chain,"['research', 'education', 'mentoring', 'agriculture', 'communication', 'leadership', 'analytical']",0,Master's,7
30437583,Operations & Supply Chain,"['strategy', 'research', 'education', 'anatomy', 'photoshop', 'agriculture', 'social media', 'leadership', 'gis', 'powerpoint', 'communication', 'statistics', 'excel', 'physiology']",0,Master's,14
14140903,Operations & Supply Chain,"['research', 'education', 'c', 'food safety', 'teaching', 'healthcare', 'agriculture', 'communication', 'r', 'analytical']",0,PhD,10
17312146,Operations & Supply Chain,"['attention to detail', 'research', 'education', 'customer service', 'leadership', 'excel']",0,Bachelor's,6
29746235,Operations & Supply Chain,"['cpr', 'research', 'data entry', 'risk management', 'education', 'conflict resolution', 'patient care', 'rehabilitation', 'safety', 'healthcare', 'communication', 'leadership', 'project management', 'excel']",0,High School / Diploma,14
62994611,Operations & Supply Chain,"['attention to detail', 'pandas', 'healthcare', 'tableau', 'leadership', 'scikit-learn', 'mongodb', 'education', 'html', 'project management', 'keras', 'mathematics', 'c', 'node js', 'communication', 'python', 'css', 'node.js', 'tensorflow', 'flask', 'javascript', 'matlab', 'sql']",5,Bachelor's,23
38216888,Operations & Supply Chain,"['attention to detail', 'research', 'education', 'customer service']",4,Bachelor's,4
19851252,Operations & Supply Chain,"['safety', 'customer service', 'education', 'excel']",0,Bachelor's,4
11813872,Operations & Supply Chain,"['aws', 'strategy', 'payroll', 'education', 'oracle', 'pandas', 'matplotlib', 'agriculture', 'java', 'accounting', 'python', 'portfolio management', 'inventory management', 'leadership', 'analytical', 'sql']",20,Master's,16
16849128,Operations & Supply Chain,"['cpr', 'education', 'manufacturing', 'safety', 'communication', 'time management', 'troubleshooting']",5,Bachelor's,7
23631188,Operations & Supply Chain,"['attention to detail', 'research', 'education', 'accounts receivable', 'accounting', 'communication', 'time management', 'excel', 'accounts payable']",0,Master's,9
24001783,Operations & Supply Chain,"['research', 'education', 'operations', 'safety', 'agriculture', 'excel']",12,PhD,6
12341902,Operations & Supply Chain,"['leadership', 'r', 'education', 'communication']",0,Master's,4
11197262,Operations & Supply Chain,"['cpr', 'video editing', 'research', 'education', 'agriculture', 'communication', 'analytical']",0,Master's,7
10953078,Operations & Supply Chain,"['communication', 'education', 'nursing', 'teamwork']",0,Bachelor's,4
69859102,Operations & Supply Chain,"['attention to detail', 'education', 'customer service', 'operations', 'safety', 'compliance', 'communication']",0,High School / Diploma,7
40882926,Operations & Supply Chain,"['education', 'recruitment', 'operations', 'agriculture', 'communication', 'leadership', 'public relations', 'project management', 'public speaking', 'legal research', 'event planning', 'mentoring']",0,Bachelor's,12
16653657,Operations & Supply Chain,"['gcp', 'manufacturing', 'education', 'quality control', 'compliance', 'agriculture', 'communication', 'leadership', 'analytical']",0,Master's,9
24397882,Operations & Supply Chain,"['payroll', 'education', 'oracle', 'budgeting', 'accounts receivable', 'sap', 'compliance', 'leadership', 'accounting', 'r', 'powerpoint', 'financial reporting', 'excel', 'financial analysis', 'accounts payable']",0,Master's,15
16172429,Operations & Supply Chain,"['education', 'risk management', 'c', 'teamwork', 'operations', 'safety', 'accounting', 'compliance', 'bloomberg', 'powerpoint', 'excel', 'analytical']",0,Master's,12
36102323,Operations & Supply Chain,"['cpr', 'research', 'acls', 'manufacturing', 'customer service', 'education', 'safety', 'bls', 'accounting', 'communication', 'leadership', 'linux', 'nursing']",0,Bachelor's,13
81042872,Operations & Supply Chain,"['research', 'education', 'c', 'agriculture', 'communication', 'r', 'powerpoint', 'excel', 'analytical']",0,Master's,9
19532392,Operations & Supply Chain,"['research', 'education', 'risk management', 'supply chain', 'logistics', 'conflict resolution', 'operations', 'data entry', 'sap', 'healthcare', 'compliance', 'inventory management', 'accounting', 'critical thinking', 'business intelligence', 'physiology', 'sql']",5,Bachelor's,17
34141299,Operations & Supply Chain,"['data entry', 'customer service', 'education', 'agriculture', 'communication', 'statistics', 'excel', 'accounts payable']",0,High School / Diploma,8
89740812,Operations & Supply Chain,"['research', 'education', 'customer service', 'engineering design', 'operations', 'after effects', 'photoshop', 'agriculture', 'leadership', 'public relations', 'social media', 'excel', 'autocad', 'strategic planning']",0,Master's,14
20969119,Operations & Supply Chain,"['strategy', 'education', 'customer service', 'recruitment', 'operations', 'salesforce', 'leadership', 'communication', 'crm', 'mentoring', 'performance management', 'strategic planning']",2,Master's,12
27689009,Operations & Supply Chain,"['cpr', 'payroll', 'education', 'operations', 'public speaking', 'communication']",24,Bachelor's,6
29510501,Operations & Supply Chain,"['education', 'lesson planning', 'teaching', 'classroom management', 'communication', 'leadership', 'time management', 'powerpoint', 'problem solving', 'excel', 'curriculum development']",0,Master's,11
17640785,Operations & Supply Chain,"['advocacy', 'healthcare', 'agriculture', 'leadership', 'critical thinking', 'education', 'recruitment', 'public speaking', 'r', 'project management', 'research', 'compliance', 'social media', 'time management', 'powerpoint', 'problem solving', 'excel', 'strategy', 'public relations', 'mentoring']",0,Master's,20
29968330,Operations & Supply Chain,"['research', 'education', 'farming', 'c', 'operations', 'agriculture', 'powerpoint', 'excel', 'analytical']",0,Bachelor's,9
28733974,Operations & Supply Chain,"['payroll', 'customer service', 'education', 'budgeting', 'operations', 'corporate communications', 'accounting', 'communication', 'public relations', 'public speaking', 'project management', 'problem solving', 'agriculture', 'negotiation']",28,Master's,14
15546686,Operations & Supply Chain,"['research', 'education', 'teaching', 'clinical research', 'clinical diagnostics', 'troubleshooting']",0,Master's,6
56068028,Operations & Supply Chain,"['education', 'erp', 'sap', 'compliance', 'accounting', 'r', 'excel', 'analytical', 'critical thinking']",2,Master's,9
24068423,Operations & Supply Chain,"['research', 'education', 'farming', 'gis', 'r', 'javascript', 'php', 'physiology']",5,PhD,8
12674256,Operations & Supply Chain,"['research', 'education', 'customer service', 'operations', 'accounts receivable', 'safety', 'compliance', 'hospitality', 'strategic planning']",0,Bachelor's,9
27888251,Operations & Supply Chain,"['research', 'data entry', 'education', 'quality control', 'compliance', 'gis', 'project management', 'powerpoint', 'mentoring']",0,Bachelor's,9
16507693,Operations & Supply Chain,"['vba', 'research', 'payroll', 'education', 'procurement', 'operations', 'budgeting', 'safety', 'accounting', 'financial reporting', 'leadership', 'compliance', 'excel']",0,High School / Diploma,13
55712978,Operations & Supply Chain,"['research', 'education', 'teaching', 'leadership', 'analytical']",16,PhD,5
26835781,Operations & Supply Chain,"['mathematics', 'bash', 'research', 'education', 'recruitment', 'classroom management', 'agriculture', 'compliance', 'leadership']",0,Master's,9
26921245,Operations & Supply Chain,"['research', 'education', 'logistics', 'quality control', 'teaching', 'safety', 'agriculture', 'communication', 'onboarding', 'gis', 'leadership', 'statistics', 'excel', 'analytical']",5,Master's,14
20006992,Operations & Supply Chain,"['attention to detail', 'data entry', 'customer service', 'recruitment', 'education', 'teaching', 'leadership']",3,Master's,7
11676151,Operations & Supply Chain,"['education', 'html', 'conflict resolution', 'communication', 'statistics', 'powerpoint', 'project management', 'excel', 'troubleshooting', 'pmp', 'technical support']",0,Bachelor's,11
24416961,Operations & Supply Chain,"['vendor management', 'research', 'education', 'risk management', 'engineering design', 'procurement', 'manufacturing', 'leadership', 'communication', 'project management', 'portfolio management', 'mentoring', 'analytical']",17,Master's,13
69360287,Operations & Supply Chain,"['education', 'customer service', 'oracle', 'data entry', 'operations', 'auditing', 'compliance', 'litigation', 'powerpoint', 'excel']",0,Master's,10
18264694,Operations & Supply Chain,"['research', 'cold calling', 'education', 'risk management', 'procurement', 'public speaking', 'communication', 'agriculture', 'leadership', 'event planning']",0,Master's,10
16661264,Operations & Supply Chain,"['education', 'rehabilitation', 'compliance', 'litigation', 'agriculture', 'powerpoint', 'excel']",5,Bachelor's,7
26070334,Operations & Supply Chain,"['research', 'education', 'manufacturing', 'customer service', 'budgeting', 'patient care', 'quality control', 'auditing', 'communication', 'accounting', 'compliance', 'statistics']",0,Bachelor's,12
29142288,Operations & Supply Chain,"['cpr', 'strategy', 'education', 'customer service', 'recruitment', 'budgeting', 'patient care', 'quality control', 'safety', 'communication', 'r', 'project management', 'problem solving', 'statistics', 'excel', 'analytical', 'accounts payable', 'strategic planning']",20,Master's,18
28247753,Operations & Supply Chain,"['research', 'education', 'customer service', 'recruitment', 'c', 'conflict resolution', 'operations', 'compliance', 'communication', 'leadership', 'public relations', 'project management', 'time management', 'curriculum development', 'negotiation', 'strategic planning']",0,Master's,16
79536879,Operations & Supply Chain,"['mathematics', 'research', 'customer service', 'conflict resolution', 'operations', 'anatomy', 'quality control', 'safety', 'mentoring', 'communication', 'problem solving', 'excel', 'tutoring', 'analytical', 'physiology']",0,Bachelor's,15
17499196,Operations & Supply Chain,"['research', 'education', 'operations', 'leadership', 'communication', 'gis']",0,Bachelor's,6
79261033,Customer Service,"['strategy', 'education', 'customer service', 'sales strategy', 'operations', 'leadership', 'problem solving', 'performance management']",15,Bachelor's,8
16492045,Customer Service,"['vendor management', 'research', 'data entry', 'payroll', 'education', 'customer service', 'operations', 'data warehouse', 'sap', 'auditing', 'onboarding', 'time management', 'powerpoint', 'problem solving', 'excel', 'critical thinking', 'account management']",0,Master's,17
18589927,Customer Service,"['attention to detail', 'strategy', 'education', 'risk management', 'leadership', 'accounts payable', 'strategic planning']",7,Bachelor's,7
23933031,Customer Service,"['education', 'customer service', 'operations', 'client retention', 'compliance', 'leadership', 'social media', 'business intelligence', 'technical support', 'account management']",0,Bachelor's,10
13964744,Customer Service,"['strategy', 'data entry', 'customer service', 'education', 'operations', 'accounting', 'java', 'communication', 'leadership', 'project management', 'powerpoint', 'excel', 'troubleshooting', 'pmp', 'mentoring', 'sql']",4,Master's,16
89512321,Customer Service,"['education', 'recruitment', 'oracle', 'compliance', 'leadership', 'time management', 'communication', 'employee relations', 'talent acquisition', 'performance management']",3,Master's,10
30709029,Customer Service,"['research', 'education', 'conflict resolution', 'time management', 'leadership', 'social media', 'portfolio management', 'problem solving', 'negotiation']",16,Bachelor's,9
11183737,Customer Service,"['vendor management', 'attention to detail', 'research', 'education', 'customer service', 'procurement', 'operations', 'safety', 'sap', 'communication', 'inventory management']",8,Bachelor's,11
63158213,Customer Service,"['education', 'operations', 'accounting', 'communication', 'css', 'troubleshooting', 'mentoring', 'technical support']",0,Master's,8
24727739,Customer Service,"['data entry', 'customer service', 'communication', 'leadership', 'excel', 'troubleshooting', 'mentoring', 'technical support']",0,Bachelor's,8
15145575,Customer Service,"['ppc', 'education', 'operations', 'erp', 'sap', 'problem solving', 'troubleshooting', 'analytical', 'technical support']",6,High School / Diploma,9
69097572,Customer Service,"['attention to detail', 'education', 'customer service', 'quality control', 'sap', 'compliance', 'leadership', 'financial reporting', 'illustrator', 'powerpoint', 'problem solving', 'communication', 'excel', 'troubleshooting', 'graphic design', 'animation']",6,Bachelor's,16
31064969,Customer Service,"['mathematics', 'education', 'risk management', 'budgeting', 'operations', 'procurement', 'compliance', 'leadership', 'project management', 'strategic planning']",0,Bachelor's,10
38707449,Customer Service,"['education', 'recruitment', 'sap', 'social media', 'crm', 'project management', 'excel', 'hris']",10,High School / Diploma,8
57706851,Customer Service,"['education', 'customer service', 'c', 'oracle', 'operations', 'compliance', 'leadership', 'troubleshooting', 'sql']",0,Master's,9
41152404,Customer Service,"['research', 'education', 'risk management', 'c', 'html', 'operations', 'communication', 'java', 'gis', 'project management', 'problem solving', 'javascript', 'statistics', 'linux', 'analytical', 'sql']",3,Master's,16
27710853,Customer Service,"['strategy', 'research', 'data entry', 'education', 'recruitment', 'c', 'operations', 'technical support', 'mentoring', 'safety', 'healthcare', 'clinical research', 'compliance', 'leadership', 'statistics', 'analytical', 'performance management', 'negotiation']",2,Master's,18
15573418,Customer Service,"['strategy', 'education', 'account management', 'customer service', 'operations', 'healthcare', 'client retention', 'leadership', 'crm', 'b2c', 'technical support', 'strategic planning']",0,Bachelor's,12
26829350,Customer Service,"['vendor management', 'education', 'oracle', 'procurement', 'operations', 'sap', 'powerpoint', 'problem solving', 'excel', 'accounts payable']",1,Master's,10
95625660,Customer Service,"['vendor management', 'cc', 'education', 'manufacturing', 'c', 'operations', 'problem solving', 'negotiation']",0,Master's,8
19362586,Customer Service,"['strategy', 'cold calling', 'education', 'risk management', 'operations', 'auditing', 'excel']",0,Master's,7
45077654,Customer Service,"['attention to detail', 'research', 'medical terminology', 'customer service', 'education', 'advocacy', 'healthcare', 'compliance', 'communication', 'powerpoint', 'excel', 'nursing']",10,Bachelor's,12
87118391,Sales & Retail,"['attention to detail', 'education', 'customer service', 'logistics', 'operations', 'safety', 'compliance', 'communication', 'aviation', 'leadership', 'public speaking', 'problem solving', 'excel']",0,Bachelor's,13
33578873,Sales & Retail,"['cold calling', 'education', 'customer service']",0,High School / Diploma,3
27607632,Sales & Retail,"['education', 'accounts receivable', 'safety', 'sap', 'accounting', 'time management', 'excel']",0,Bachelor's,7
23760084,Sales & Retail,"['education', 'customer service', 'operations', 'safety', 'accounting', 'communication', 'leadership', 'time management', 'employee relations', 'strategic planning']",0,Bachelor's,10
30083943,Sales & Retail,"['acls', 'education', 'patient care', 'quality control', 'bls', 'compliance', 'surgery', 'nursing']",20,High School / Diploma,8
20552814,Sales & Retail,"['education', 'customer service', 'operations', 'safety', 'accounting', 'communication', 'surgery']",0,Master's,7
40987524,Sales & Retail,"['payroll', 'customer service', 'education', 'conflict resolution', 'operations', 'leadership', 'communication', 'mentoring']",4,Bachelor's,8
29134721,Sales & Retail,"['customer service', 'data warehouse', 'leadership', 'presentation skills', 'critical thinking', 'education', 'adaptability', 'project management', 'linux', 'analytical', 'technical support', 'research', 'teamwork', 'communication', 'powerpoint', 'problem solving', 'excel', 'curriculum development', 'business intelligence', 'troubleshooting']",0,Master's,20
18062906,Sales & Retail,"['education', 'customer service', 'operations', 'safety', 'excel']",0,Bachelor's,5
29399491,Sales & Retail,"['education', 'customer service', 'accounting', 'communication', 'powerpoint', 'statistics', 'analytical']",5,Master's,7
19473948,Sales & Retail,"['research', 'education', 'customer service', 'communication', 'time management', 'problem solving', 'excel']",0,High School / Diploma,7
71772815,Sales & Retail,"['research', 'education', 'customer service', 'communication', 'time management', 'problem solving', 'excel']",0,High School / Diploma,7
15765660,Sales & Retail,"['manufacturing', 'healthcare', 'leadership', 'google ads', 'account management', 'education', 'html', 'lead generation', 'google analytics', 'budgeting', 'safety', 'crm', 'project management', 'research', 'logistics', 'photoshop', 'social media', 'sem', 'communication', 'powerpoint', 'excel', 'strategy', 'salesforce', 'hubspot', 'media relations', 'email marketing', 'sql']",0,Master's,27
29184740,Sales & Retail,"['strategy', 'education', 'social media', 'communication', 'problem solving']",15,Bachelor's,5
17781039,Sales & Retail,"['education', 'customer service', 'payroll', 'operations', 'safety', 'compliance', 'social media', 'leadership', 'project management', 'problem solving', 'negotiation']",2,High School / Diploma,11
19147947,Sales & Retail,"['education', 'manufacturing', 'safety', 'erp', 'compliance', 'communication']",0,High School / Diploma,6
18328743,Sales & Retail,"['education', 'excel', 'accounting']",2,Master's,3
37540732,Sales & Retail,"['attention to detail', 'education', 'customer service', 'teamwork', 'operations', 'procurement', 'communication', 'public relations', 'leadership', 'powerpoint', 'excel']",0,Bachelor's,11
30608780,Sales & Retail,"['education', 'customer service', 'public speaking', 'leadership', 'time management']",29,Master's,5
15918496,Sales & Retail,"['cold calling', 'education', 'customer service', 'client retention', 'communication']",0,Master's,5
16223371,Sales & Retail,"['data entry', 'customer service', 'payroll', 'education', 'communication', 'leadership']",0,High School / Diploma,6
79376680,Sales & Retail,"['b2b sales', 'education', 'customer service', 'payroll', 'teamwork', 'sales strategy', 'accounts receivable', 'communication', 'inventory management', 'r', 'project management']",0,Master's,11
36904300,Sales & Retail,"['research', 'data entry', 'customer service', 'education', 'accounts receivable', 'multitasking', 'accounting', 'communication', 'time management', 'powerpoint', 'excel', 'accounts payable']",0,Master's,12
10724818,Sales & Retail,"['attention to detail', 'research', 'education', 'logistics', 'multitasking', 'onboarding', 'communication', 'time management', 'powerpoint', 'excel', 'critical thinking']",0,Bachelor's,11
26994282,Sales & Retail,"['attention to detail', 'research', 'education', 'customer service', 'operations', 'quality control', 'safety', 'leadership', 'communication', 'troubleshooting']",0,High School / Diploma,10
20819838,Sales & Retail,"['r', 'education', 'operations']",0,High School / Diploma,3
16511249,Sales & Retail,"['cpr', 'education', 'quality control', 'safety', 'compliance', 'leadership', 'accounting']",5,Bachelor's,7
36074301,Sales & Retail,"['bash', 'cold calling', 'education', 'customer service', 'operations', 'salesforce', 'leadership', 'communication', 'problem solving', 'analytical', 'account management']",0,Bachelor's,11
27624540,Sales & Retail,"['cpr', 'education', 'customer service', 'operations', 'bls', 'leadership', 'dispute resolution', 'mentoring']",12,Master's,8
20423658,Sales & Retail,"['leadership', 'education', 'customer service']",8,Master's,3
98509238,Sales & Retail,"['education', 'compliance', 'crm', 'communication', 'project management', 'accounts payable']",25,Bachelor's,6
25810233,Sales & Retail,"['research', 'education', 'operations', 'salesforce', 'communication']",0,Master's,5
15273850,Sales & Retail,"['attention to detail', 'education', 'customer service', 'operations', 'quality control', 'compliance']",0,High School / Diploma,6
26932091,Sales & Retail,"['strategy', 'customer service', 'operations', 'mentoring', 'compliance', 'leadership', 'time management', 'r', 'project management', 'problem solving', 'troubleshooting', 'analytical', 'performance management']",10,Bachelor's,13
13812481,Sales & Retail,"['attention to detail', 'education', 'customer service', 'safety', 'multitasking', 'communication']",0,High School / Diploma,6
55477468,Sales & Retail,"['research', 'education', 'customer service', 'patient care', 'teaching', 'time management', 'emr', 'hipaa', 'excel']",0,Master's,9
15973307,Sales & Retail,"['education', 'teamwork', 'healthcare', 'leadership', 'powerpoint', 'excel', 'event planning', 'mentoring', 'critical thinking']",0,Master's,9
22047665,Sales & Retail,"['education', 'customer service', 'problem solving']",0,Bachelor's,3
69155584,Sales & Retail,"['attention to detail', 'education', 'customer service', 'operations', 'compliance', 'communication']",0,High School / Diploma,6
30529547,Sales & Retail,"['mathematics', 'education', 'communication', 'time management', 'critical thinking']",0,High School / Diploma,5
23296286,Sales & Retail,"['communication', 'customer service', 'attention to detail', 'operations']",0,High School / Diploma,4
10603337,Sales & Retail,"['research', 'education', 'customer service']",0,High School / Diploma,3
22319662,Sales & Retail,"['education', 'customer service', 'communication', 'social media', 'hospitality', 'powerpoint', 'excel']",5,Bachelor's,7
15581242,Sales & Retail,"['research', 'education', 'customer service', 'sap', 'leadership', 'crm', 'inventory management', 'mentoring']",3,Bachelor's,8
90682785,Sales & Retail,"['education', 'customer service', 'communication', 'presentation skills', 'negotiation']",2,Bachelor's,5
98108571,Sales & Retail,"['education', 'photoshop', 'communication', 'illustrator', 'r', 'graphic design']",0,High School / Diploma,6
12351749,Sales & Retail,"['research', 'education', 'cold calling', 'c', 'tableau', 'communication', 'r', 'statistics', 'problem solving', 'excel', 'machine learning']",21,Master's,11
39581020,Sales & Retail,"['education', 'customer service', 'teamwork', 'safety', 'leadership', 'communication', 'problem solving']",0,High School / Diploma,7
14267489,Sales & Retail,"['customer service', 'leadership', 'physiology', 'education', 'html', 'anatomy', 'illustrator', 'supply chain', 'c', 'photoshop', 'communication', 'powerpoint', 'excel', 'data entry', 'operations', 'salesforce', 'multitasking', 'public relations', 'troubleshooting']",2,Master's,19
25839123,Sales & Retail,"['education', 'customer service', 'operations', 'communication', 'hospitality']",0,High School / Diploma,5
31454430,Sales & Retail,"['time management', 'education']",0,High School / Diploma,2
18368613,Sales & Retail,"['education', 'adaptability', 'business intelligence']",0,Bachelor's,3
51349448,Sales & Retail,"['education', 'customer service', 'photoshop', 'leadership', 'illustrator', 'communication', 'problem solving', 'excel']",4,Bachelor's,8
17509935,Sales & Retail,"['leadership', 'education', 'customer service', 'problem solving']",15,High School / Diploma,4
21595057,Sales & Retail,"['research', 'education', 'customer service', 'html', 'operations', 'salesforce', 'safety', 'photoshop', 'accounting', 'communication', 'public relations', 'hospitality', 'illustrator']",1,Bachelor's,13
12696104,Sales & Retail,"['time management', 'education', 'customer service', 'adaptability']",0,High School / Diploma,4
34303500,Sales & Retail,"['research', 'education', 'cold calling', 'c', 'html', 'safety', 'photoshop', 'communication', 'time management', 'leadership', 'illustrator', 'excel', 'presentation skills', 'nursing', 'critical thinking', 'negotiation']",4,Bachelor's,16
10898339,Sales & Retail,"['communication', 'education', 'customer service']",0,High School / Diploma,3
25315791,Sales & Retail,"['communication', 'education', 'customer service']",0,High School / Diploma,3
36621169,Sales & Retail,"['research', 'education', 'manufacturing', 'social media', 'excel']",0,Bachelor's,5
17378327,Sales & Retail,"['communication', 'customer service', 'public speaking']",30,Master's,3
33236701,Sales & Retail,"['cpr', 'education', 'customer service', 'inventory management', 'communication', 'leadership', 'excel']",0,Bachelor's,7
29211919,Sales & Retail,"['mathematics', 'education', 'customer service', 'auditing', 'communication', 'time management', 'leadership', 'excel']",0,Bachelor's,8
16121015,Sales & Retail,"['mathematics', 'education', 'time management', 'critical thinking', 'negotiation']",0,Bachelor's,5
19582792,Sales & Retail,"['attention to detail', 'customer service', 'leadership', 'nursing', 'six sigma', 'education', 'quality control', 'safety', 'accounting', 'onboarding', 'project management', 'research', 'payroll', 'accounts receivable', 'compliance', 'communication', 'powerpoint', 'problem solving', 'accounts payable', 'operations']",25,High School / Diploma,20
13348915,Sales & Retail,"['education', 'customer service', 'erp', 'inventory management', 'communication', 'time management', 'employee relations', 'analytical', 'negotiation']",0,High School / Diploma,9
59422148,Sales & Retail,"['strategy', 'education', 'customer service', 'recruitment', 'budgeting', 'compliance', 'leadership', 'employee relations', 'mentoring', 'performance management']",0,Bachelor's,10
10138632,Sales & Retail,"['education', 'operations', 'fitness training', 'accounting', 'critical thinking', 'negotiation']",0,High School / Diploma,6
29805310,Sales & Retail,"['inventory management', 'education', 'customer service', 'communication']",2,High School / Diploma,4
26425074,Sales & Retail,"['cold calling', 'education', 'customer service', 'sales strategy', 'operations', 'content marketing', 'hvac', 'crm', 'communication', 'negotiation', 'account management']",0,Master's,11
10464113,Sales & Retail,"['cold calling', 'education', 'customer service', 'c', 'accounts receivable', 'salesforce', 'client retention', 'communication', 'crm']",3,Master's,9
54101961,Sales & Retail,"['education', 'customer service', 'data entry', 'safety', 'technical support']",0,Master's,5
92200491,Sales & Retail,"['education', 'customer service', 'food safety', 'operations', 'safety', 'compliance', 'restaurant management']",0,High School / Diploma,7
26530696,Sales & Retail,"['attention to detail', 'customer service', 'conflict resolution', 'communication', 'r', 'powerpoint', 'problem solving', 'excel', 'troubleshooting', 'technical support', 'sql', 'account management']",10,Master's,12
29332616,Sales & Retail,"['education', 'customer service', 'operations', 'safety', 'communication', 'time management', 'critical thinking']",19,High School / Diploma,7
42304307,Sales & Retail,"['education', 'customer service', 'operations', 'safety', 'accounting', 'time management', 'communication', 'powerpoint', 'excel']",0,Master's,9
12820557,Sales & Retail,"['education', 'customer service', 'operations', 'communication', 'excel']",0,Master's,5
13178604,Sales & Retail,"['strategy', 'cold calling', 'education', 'c', 'lead generation', 'hospitality', 'project management', 'negotiation', 'account management']",0,Bachelor's,9
23929500,Sales & Retail,"['customer service', 'operations', 'compliance', 'communication', 'excel', 'nursing']",0,Master's,6
37360517,Sales & Retail,"['payroll', 'education', 'risk management', 'customer service', 'patient care', 'safety', 'compliance', 'time management', 'nursing']",0,High School / Diploma,9
28377361,Sales & Retail,"['education', 'customer service', 'operations', 'food safety', 'safety', 'communication']",0,Master's,6
18171955,Sales & Retail,"['education', 'customer service', 'operations', 'compliance', 'leadership', 'time management', 'communication', 'powerpoint', 'financial analysis', 'excel', 'performance management']",0,Master's,11
12082377,Sales & Retail,"['attention to detail', 'education', 'customer service', 'operations', 'communication']",13,High School / Diploma,5
28198029,Sales & Retail,"['medical terminology', 'data entry', 'customer service', 'education', 'pharmacology', 'healthcare', 'communication', 'time management', 'problem solving', 'troubleshooting']",0,Bachelor's,10
28867567,Sales & Retail,"['payroll', 'customer service', 'education', 'safety', 'brand management', 'accounting', 'leadership', 'time management', 'hospitality', 'communication', 'analytical', 'account management']",10,High School / Diploma,12
19147494,Sales & Retail,"['communication', 'education', 'customer service', 'troubleshooting']",4,High School / Diploma,4
14358578,Sales & Retail,"['education', 'customer service', 'operations', 'inventory management', 'surgery']",0,Bachelor's,5
37735467,Sales & Retail,"['research', 'education', 'customer service', 'operations', 'safety', 'communication', 'mentoring', 'account management']",0,Bachelor's,8
65456466,Sales & Retail,"['education', 'customer service', 'operations', 'communication', 'leadership', 'time management', 'hospitality']",0,Bachelor's,7
32140087,Sales & Retail,"['education', 'google analytics', 'operations', 'quality control', 'seo', 'leadership', 'sem', 'social media', 'project management', 'graphic design', 'email marketing', 'pmp', 'negotiation', 'strategic planning']",0,Master's,14
17704246,Sales & Retail,"['customer service', 'manufacturing', 'leadership', 'vendor management', 'education', 'quality control', 'safety', 'project management', 'supply chain', 'logistics', 'teamwork', 'compliance', 'time management', 'communication', 'excel', 'accounts payable', 'operations', 'food safety', 'inventory management', 'troubleshooting']",2,High School / Diploma,20
58428843,Sales & Retail,"['attention to detail', 'education', 'customer service', 'operations', 'communication', 'ticketing system']",0,Master's,6
70528646,Sales & Retail,"['vendor management', 'cpr', 'cold calling', 'payroll', 'customer service', 'education', 'operations', 'safety', 'compliance', 'inventory management', 'analytical', 'critical thinking', 'negotiation']",15,High School / Diploma,13
23032182,Sales & Retail,"['education', 'customer service', 'conflict resolution', 'communication', 'social media', 'leadership', 'time management']",4,Bachelor's,7
36970996,Sales & Retail,"['education', 'customer service', 'conflict resolution', 'communication', 'inventory management', 'excel', 'employee relations']",6,High School / Diploma,7
13637605,Sales & Retail,"['education', 'customer service', 'inventory management', 'communication', 'time management', 'leadership', 'excel']",0,High School / Diploma,7
55097118,Sales & Retail,"['attention to detail', 'education', 'customer service', 'spark', 'communication', 'time management', 'problem solving', 'excel', 'special education']",0,Bachelor's,9
24610685,Sales & Retail,"['tableau', 'education', 'html', 'crm', 'r', 'project management', 'analytical', 'strategic planning', 'oracle', 'data mining', 'c', 'communication', 'social media', 'scrum', 'css', 'emr', 'excel', 'salesforce', 'mysql', 'javascript', 'event planning', 'sql']",0,Master's,22
38087844,Sales & Retail,"['education', 'customer service', 'accounting', 'leadership', 'communication', 'social media', 'project management', 'problem solving', 'excel', 'technical support', 'account management']",0,High School / Diploma,11
28139742,Sales & Retail,"['education', 'customer service', 'risk management', 'logistics', 'operations', 'safety', 'compliance', 'communication', 'leadership', 'inventory management', 'project management', 'public relations', 'illustrator', 'social media', 'mentoring']",0,PhD,15
17410700,Sales & Retail,"['customer service', 'safety', 'leadership', 'communication', 'time management']",4,High School / Diploma,5
20141807,Sales & Retail,['education'],0,High School / Diploma,1
16280971,Sales & Retail,"['education', 'customer service', 'operations', 'healthcare', 'communication', 'project management']",5,Bachelor's,6
34131484,Sales & Retail,"['leadership', 'payroll', 'customer service', 'education']",0,High School / Diploma,4
18885231,Sales & Retail,"['education', 'customer service', 'salesforce', 'social media', 'public relations', 'project management', 'powerpoint', 'excel']",0,Bachelor's,8
15620421,Sales & Retail,"['attention to detail', 'payroll', 'customer service', 'education', 'data entry', 'conflict resolution', 'operations', 'leadership', 'time management', 'communication', 'social media', 'problem solving', 'excel']",0,High School / Diploma,13
31199035,Sales & Retail,['education'],0,High School / Diploma,1
85918100,Sales & Retail,"['research', 'education', 'oracle', 'procurement', 'sap', 'compliance', 'financial reporting', 'leadership', 'time management', 'negotiation']",0,High School / Diploma,10
14381464,Sales & Retail,"['education', 'customer service']",0,High School / Diploma,2
23782450,Sales & Retail,"['attention to detail', 'education', 'operations', 'conflict resolution', 'communication', 'hospitality', 'critical thinking']",0,High School / Diploma,7
37792474,Sales & Retail,"['research', 'education', 'c', 'procurement', 'safety', 'communication', 'leadership', 'project management', 'technical support']",26,Master's,9
29928796,Sales & Retail,"['teaching', 'customer service', 'education', 'excel']",2,Bachelor's,4
55104715,Sales & Retail,"['research', 'education', 'customer service', 'quality control', 'communication', 'leadership', 'project management', 'sql', 'account management']",4,Master's,9
27233183,Sales & Retail,"['cpr', 'education', 'customer service', 'conflict resolution', 'communication', 'problem solving']",0,High School / Diploma,6
29815762,Sales & Retail,"['education', 'customer service', 'manufacturing', 'procurement', 'teaching', 'sap', 'safety']",0,High School / Diploma,7
19156751,Sales & Retail,"['attention to detail', 'research', 'education', 'customer service', 'operations', 'patient care', 'accounting', 'communication', 'compliance', 'hospitality', 'problem solving']",0,High School / Diploma,11
27096471,Business Strategy & Consulting,"['vendor management', 'strategy', 'payroll', 'risk management', 'education', 'budgeting', 'compliance', 'leadership', 'communication', 'project management', 'employee relations', 'strategic planning']",0,Master's,12
43311839,Business Strategy & Consulting,"['strategy', 'education', 'angular', 'html', 'c', 'oracle', 'customer service', 'erp', 'healthcare', 'java', 'scrum', 'css', 'javascript', 'excel', 'analytical', 'sql']",0,Master's,16
15119529,Business Strategy & Consulting,"['b2b sales', 'strategy', 'education', 'c', 'accounting', 'communication']",0,High School / Diploma,6
88907739,Business Strategy & Consulting,"['vendor management', 'strategy', 'research', 'education', 'c', 'google analytics', 'operations', 'compliance', 'communication', 'scrum', 'kanban', 'project management', 'financial analysis', 'excel', 'analytical', 'sql']",4,Master's,16
31395742,Business Strategy & Consulting,"['unix', 'research', 'strategy', 'education', 'project management', 'technical support']",0,Bachelor's,6
93349646,Business Strategy & Consulting,"['aws', 'unix', 'education', 'oracle', 'c', 'operations', 'communication', 'project management', 'six sigma', 'excel', 'troubleshooting', 'linux', 'presentation skills', 'pmp', 'technical support', 'sql']",0,Master's,16
25694422,Business Strategy & Consulting,"['education', 'customer service', 'c', 'operations', 'salesforce', 'compliance', 'communication', 'emr']",1,High School / Diploma,8
26291616,Business Strategy & Consulting,"['aws', 'education', 'operations', 'mysql', 'accounting', 'leadership', 'project management', 'troubleshooting', 'linux', 'sql']",0,Master's,10
11020140,Business Strategy & Consulting,"['vba', 'payroll', 'manufacturing', 'html', 'c', 'education', 'healthcare', 'leadership', 'communication', 'problem solving', 'excel', 'troubleshooting', 'analytical']",0,Master's,13
93459677,Business Strategy & Consulting,"['education', 'sap', 'corporate finance', 'accounting', 'financial analysis', 'accounts payable', 'account management']",7,Master's,7
18079050,Business Strategy & Consulting,"['mathematics', 'education', 'oracle', 'operations', 'accounts receivable', 'compliance', 'excel']",0,Master's,7
25213006,Business Strategy & Consulting,"['education', 'customer service', 'accounting', 'communication', 'crm', 'time management', 'project management', 'accounts payable']",10,Master's,8
14517953,Business Strategy & Consulting,"['research', 'financial modeling', 'education', 'html', 'accounting', 'social media', 'time management', 'compliance', 'project management', 'powerpoint', 'excel', 'analytical']",0,Master's,12
39308779,Business Strategy & Consulting,"['education', 'operations', 'sap', 'compliance', 'accounting', 'financial reporting', 'auditing', 'powerpoint', 'excel', 'analytical']",2,Master's,10
51724595,Business Strategy & Consulting,"['strategy', 'research', 'education', 'oracle', 'recruitment', 'salesforce', 'data warehouse', 'healthcare', 'accounting', 'communication', 'java', 'crm', 'project management', 'leadership', 'excel', 'sql']",9,Master's,16
22259768,Business Strategy & Consulting,"['research', 'education', 'operations', 'erp', 'sap', 'compliance', 'communication', 'r', 'gis', 'excel', 'presentation skills']",5,Master's,11
10332998,Business Strategy & Consulting,"['education', 'risk management', 'c', 'quality control', 'compliance', 'litigation', 'communication', 'leadership', 'r', 'legal research', 'analytical']",0,Bachelor's,11
24643412,Business Strategy & Consulting,"['unix', 'education', 'html', 'c', 'operations', 'oracle', 'mysql', 'teaching', 'data warehouse', 'java', 'php', 'project management', 'javascript', 'troubleshooting', 'linux', 'analytical', 'sql']",0,PhD,17
69181350,Business Strategy & Consulting,"['strategy', 'research', 'education', 'operations', 'investment banking', 'social media', 'powerpoint', 'excel', 'financial analysis', 'wealth management', 'analytical', 'critical thinking']",0,Master's,12
18856440,Business Strategy & Consulting,"['attention to detail', 'research', 'education', 'customer service', 'data entry', 'operations', 'safety', 'healthcare', 'accounting', 'leadership', 'communication', 'time management', 'powerpoint', 'excel', 'nursing']",28,High School / Diploma,15
15433732,Business Strategy & Consulting,"['research', 'education', 'html', 'corporate communications', 'sap', 'accounting', 'social media', 'sem', 'public relations', 'project management', 'css', 'javascript', 'php', 'account management']",0,Master's,14
15281412,Business Strategy & Consulting,"['education', 'c', 'html', 'leadership', 'javascript', 'excel', 'sql']",0,Bachelor's,7
15699744,Business Strategy & Consulting,"['b2c', 'presentation skills', 'account management', 'education', 'budgeting', 'public speaking', 'project management', 'analytical', 'strategic planning', 'procurement', 'logistics', 'communication', 'social media', 'powerpoint', 'excel', 'strategy', 'cold calling', 'operations', 'mentoring']",0,High School / Diploma,19
28951817,Business Strategy & Consulting,"['medical terminology', 'education', 'conflict resolution', 'operations', 'healthcare', 'communication', 'time management', 'powerpoint', 'statistics', 'business intelligence', 'sql']",3,Bachelor's,11
38165833,Business Strategy & Consulting,"['safety', 'education', 'excel']",0,High School / Diploma,3
13586069,Business Strategy & Consulting,"['strategy', 'education', 'lead generation', 'mysql', 'healthcare', 'tableau', 'public speaking', 'compliance', 'auditing', 'project management', 'business intelligence', 'powerpoint', 'excel', 'financial analysis', 'hipaa', 'pmp', 'machine learning', 'sql']",1,Master's,18
30083884,Business Strategy & Consulting,"['research', 'education', 'operations', 'healthcare', 'accounting', 'leadership', 'project management']",0,Bachelor's,7
51432451,Business Strategy & Consulting,"['unix', 'education', 'quality control', 'ux', 'healthcare', 'leadership', 'troubleshooting', 'linux', 'sql']",6,Master's,9
31169070,Business Strategy & Consulting,"['unix', 'education', 'c', 'oracle', 'html', 'compliance', 'crm', 'leadership', 'aviation', 'sql']",0,Master's,10
29723311,Business Strategy & Consulting,"['education', 'customer service', 'c', 'technical support', 'operations', 'safety', 'compliance', 'communication', 'time management', 'project management', 'powerpoint', 'excel', 'troubleshooting', 'critical thinking']",6,High School / Diploma,14
22485475,Business Strategy & Consulting,"['education', 'recruitment', 'rehabilitation', 'public speaking', 'communication', 'media relations', 'tutoring', 'excel']",15,Bachelor's,8
22556198,Business Strategy & Consulting,"['attention to detail', 'education', 'recruitment', 'procurement', 'healthcare', 'compliance', 'communication', 'leadership', 'powerpoint', 'excel', 'nursing']",0,Master's,11
30863060,Business Strategy & Consulting,"['erp', 'data warehouse', 'tableau', 'unix', 'education', 'html', 'sap', 'accounting', 'java', 'analytical', 'technical support', 'payroll', 'oracle', 'communication', 'excel', 'strategy', 'triage', 'business intelligence', 'javascript', 'sql']",0,Master's,20
78016758,Business Strategy & Consulting,"['strategy', 'education', 'communication', 'problem solving', 'strategic planning']",0,Bachelor's,5
12897903,Business Strategy & Consulting,"['strategy', 'payroll', 'education', 'operations', 'compliance', 'employee relations', 'performance management']",0,Master's,7
34875813,Business Strategy & Consulting,"['strategy', 'research', 'payroll', 'risk management', 'education', 'accounts receivable', 'accounting', 'leadership', 'communication', 'financial reporting', 'statistics', 'accounts payable', 'six sigma']",0,Bachelor's,13
11333660,Business Strategy & Consulting,"['research', 'data entry', 'education', 'public speaking', 'social media', 'leadership', 'public relations', 'project management', 'problem solving', 'media relations', 'presentation skills', 'analytical']",0,PhD,12
21366189,Business Strategy & Consulting,"['aws', 'unix', 'education', 'oracle', 'c', 'operations', 'communication', 'project management', 'six sigma', 'excel', 'troubleshooting', 'linux', 'presentation skills', 'pmp', 'technical support', 'sql']",6,Master's,16
32637306,Business Strategy & Consulting,"['strategy', 'education', 'c', 'operations', 'corporate communications', 'leadership', 'public relations', 'media relations', 'bloomberg']",15,Master's,9
71888547,Business Strategy & Consulting,"['attention to detail', 'research', 'education', 'customer service', 'brand management', 'public speaking', 'leadership', 'media relations', 'public relations', 'project management', 'social media', 'time management']",3,Bachelor's,12
29770086,Business Strategy & Consulting,"['ppc', 'strategy', 'education', 'google analytics', 'operations', 'lead generation', 'seo', 'salesforce', 'communication', 'hubspot', 'scrum', 'project management', 'sem', 'social media', 'analytical', 'six sigma']",0,Master's,16
99714410,Business Strategy & Consulting,"['education', 'manufacturing', 'supply chain', 'logistics', 'operations', 'lean manufacturing', 'safety', 'erp', 'accounting', 'kanban', 'leadership', 'powerpoint', 'problem solving', 'excel', 'mentoring', 'strategic planning']",25,Master's,16
39441617,Business Strategy & Consulting,"['erp', 'leadership', 'education', 'html', 'budgeting', 'accounting', 'r', 'project management', 'linux', 'technical support', 'strategic planning', 'payroll', 'c', 'oracle', 'compliance', 'python', 'css', 'php', 'strategy', 'operations', 'mysql', 'financial reporting', 'perl', 'javascript', 'troubleshooting', 'sql']",0,Master's,26
12374933,Business Strategy & Consulting,"['education', 'procurement', 'triage', 'mysql', 'photoshop', 'statistics', 'excel', 'troubleshooting', 'linux', 'php', 'technical support', 'sql']",10,Master's,12
20176584,Business Strategy & Consulting,"['manufacturing', 'customer service', 'lean manufacturing', 'erp', 'leadership', 'six sigma', 'education', 'risk management', 'quality control', 'safety', 'r', 'project management', 'strategic planning', 'research', 'supply chain', 'procurement', 'logistics', 'compliance', 'problem solving', 'operations', 'food safety', 'troubleshooting']",25,Bachelor's,22
32433431,Business Strategy & Consulting,"['payroll', 'customer service', 'education', 'operations', 'salesforce', 'compliance', 'leadership', 'communication', 'crm', 'time management', 'problem solving', 'public relations', 'account management']",0,Master's,13
88691367,Business Strategy & Consulting,"['strategy', 'payroll', 'risk management', 'oracle', 'education', 'operations', 'compliance', 'leadership', 'accounting', 'project management', 'strategic planning']",0,Master's,11
17025292,Business Strategy & Consulting,"['research', 'education', 'auditing', 'compliance', 'excel', 'troubleshooting']",0,High School / Diploma,6
23302948,Business Strategy & Consulting,"['unix', 'research', 'education', 'c', 'leadership', 'project management', 'civil engineering', 'excel', 'analytical']",0,PhD,9
24828381,Business Strategy & Consulting,"['cpr', 'education', 'customer service', 'operations', 'patient care', 'conflict resolution', 'healthcare', 'communication', 'public relations', 'nursing']",15,Master's,10
38896303,Business Strategy & Consulting,"['payroll', 'education', 'html', 'maya', 'accounting', 'communication', 'ticketing system', 'php']",20,Master's,8
31217840,Business Strategy & Consulting,"['education', 'procurement', 'operations', 'sql', 'safety', 'sap', 'data warehouse', 'compliance', 'crm', 'scrum', 'communication', 'project management', 'hipaa', 'troubleshooting', 'analytical', 'six sigma']",10,Master's,16
38399177,Business Strategy & Consulting,"['education', 'customer service', 'recruitment', 'operations', 'healthcare', 'communication', 'leadership', 'mentoring']",0,Bachelor's,8
19161572,Business Strategy & Consulting,"['education', 'customer service', 'troubleshooting']",0,Master's,3
29647215,Business Strategy & Consulting,"['unix', 'research', 'education', 'operations', 'data warehouse', 'healthcare', 'financial reporting', 'financial analysis', 'troubleshooting', 'nursing', 'sql']",0,Master's,11
73075521,Business Strategy & Consulting,"['research', 'education', 'manufacturing', 'operations', 'quality control', 'safety', 'sap', 'compliance', 'leadership', 'r', 'project management', 'tutoring', 'analytical', 'account management']",0,Master's,14
17983957,Business Strategy & Consulting,"['education', 'teamwork', 'operations', 'communication', 'project management', 'troubleshooting', 'technical support']",0,Master's,7
20314980,Business Strategy & Consulting,"['education', 'c', 'oracle', 'conflict resolution', 'healthcare', 'compliance', 'leadership', 'project management', 'perl', 'technical support', 'sql']",2,Master's,11
21512769,Business Strategy & Consulting,"['research', 'education', 'anatomy', 'pharmacology', 'teaching', 'agriculture', 'excel', 'surgery', 'physiology']",0,Bachelor's,9
21568833,Business Strategy & Consulting,"['education', 'gaap', 'operations', 'accounting', 'compliance', 'bloomberg', 'auditing', 'statistics', 'taxation', 'accounts payable']",0,High School / Diploma,10
27726066,Business Strategy & Consulting,"['payroll', 'data entry', 'oracle', 'budgeting', 'conflict resolution', 'operations', 'recruitment', 'education', 'erp', 'sap', 'multitasking', 'compliance', 'time management', 'communication', 'onboarding', 'excel', 'hris']",5,Master's,17
91189201,Business Strategy & Consulting,"['aws', 'strategy', 'research', 'education', 'procurement', 'azure', 'android development', 'tableau', 'excel', 'sql']",0,Master's,10
95429627,Business Strategy & Consulting,"['vba', 'education', 'html', 'budgeting', 'accounting', 'crm', 'research', 'payroll', 'oracle', 'conflict resolution', 'compliance', 'python', 'problem solving', 'excel', 'php', 'operations', 'salesforce', 'javascript', 'sql']",0,Master's,19
12526702,Business Strategy & Consulting,"['education', 'customer service', 'manufacturing', 'c', 'quality control', 'safety', 'leadership', 'statistics', 'project management', 'problem solving', 'excel', 'autocad', 'analytical', 'technical support', 'strategic planning']",15,Master's,15
92246939,Business Strategy & Consulting,"['cpr', 'research', 'education', 'robotics', 'c', 'operations', 'safety', 'communication', 'leadership', 'mentoring']",30,Master's,10
48533663,Business Strategy & Consulting,"['strategy', 'education', 'customer service', 'recruitment', 'budgeting', 'operations', 'accounts receivable', 'healthcare', 'accounting', 'surgery', 'mentoring', 'accounts payable']",0,High School / Diploma,12
38457612,Business Strategy & Consulting,"['strategy', 'education', 'procurement', 'operations', 'compliance', 'communication', 'project management', 'troubleshooting', 'technical support']",10,Bachelor's,9
27788376,Business Strategy & Consulting,"['education', 'customer service', 'conflict resolution', 'accounts receivable', 'accounting', 'hipaa', 'excel', 'analytical', 'critical thinking']",0,Bachelor's,9
31016926,Business Strategy & Consulting,"['strategy', 'research', 'education', 'recruitment', 'c', 'operations', 'corporate communications', 'healthcare', 'leadership', 'project management', 'workday', 'analytical']",0,Master's,12
43378989,Business Strategy & Consulting,"['education', 'html', 'c', 'oracle', 'mysql', 'communication', 'java', 'powerpoint', 'javascript', 'excel', 'sql']",0,Master's,11
13454871,Business Strategy & Consulting,"['strategy', 'education', 'manufacturing', 'supply chain', 'oracle', 'operations', 'robotics', 'communication', 'leadership', 'presentation skills', 'sql']",6,Master's,11
19936735,Business Strategy & Consulting,"['education', 'operations', 'seo', 'brand management', 'social media']",0,Bachelor's,5
33919379,Business Strategy & Consulting,"['education', 'multitasking', 'healthcare', 'operations']",0,Bachelor's,4
95350373,Business Strategy & Consulting,"['cpr', 'education', 'patient care', 'operations', 'rehabilitation', 'mentoring', 'negotiation']",10,Master's,7
15602094,Business Strategy & Consulting,"['vba', 'manufacturing', 'education', 'html', 'accounting', 'illustrator', 'project management', 'linux', 'c', 'photoshop', 'communication', 'css', 'powerpoint', 'problem solving', 'php', 'strategy', 'operations', 'seo', 'mysql', 'javascript', 'troubleshooting', 'sql']",0,Master's,22
95792386,Business Strategy & Consulting,"['corporate finance', 'education', 'adaptability', 'budgeting', 'accounting', 'auditing', 'analytical', 'research', 'oracle', 'gaap', 'accounts receivable', 'compliance', 'communication', 'problem solving', 'excel', 'taxation', 'accounts payable', 'financial reporting', 'sql']",0,Master's,19
28243590,Business Strategy & Consulting,"['portfolio management', 'education', 'accounting']",20,Master's,3
14593060,Business Strategy & Consulting,"['research', 'education', 'logistics', 'operations', 'medical billing', 'healthcare', 'accounting', 'compliance', 'emr', 'hipaa', 'troubleshooting', 'linux', 'technical support', 'sql']",15,Master's,14
13313917,Business Strategy & Consulting,"['attention to detail', 'strategy', 'research', 'education', 'c', 'logistics', 'operations', 'lead generation', 'erp', 'crm', 'leadership', 'project management']",15,Bachelor's,12
12251115,Business Strategy & Consulting,"['payroll', 'manufacturing', 'education', 'operations', 'compliance', 'social media', 'excel', 'nursing']",5,Bachelor's,8
20574232,Business Strategy & Consulting,"['education', 'customer service', 'scada', 'accounting', 'communication', 'bloomberg', 'gis', 'troubleshooting', 'sql']",20,Master's,9
12955994,Business Strategy & Consulting,"['customer service', 'healthcare', 'leadership', 'six sigma', 'account management', 'b2b sales', 'education', 'risk management', 'safety', 'accounting', 'auditing', 'project management', 'pmp', 'analytical', 'research', 'compliance', 'communication', 'problem solving', 'medical terminology', 'operations', 'public relations', 'mentoring', 'negotiation']",0,Bachelor's,23
16964217,Business Strategy & Consulting,"['medical terminology', 'education', 'customer service', 'safety', 'communication', 'nursing']",0,Bachelor's,6
13215696,Business Strategy & Consulting,"['attention to detail', 'research', 'customer service', 'supply chain', 'budgeting', 'conflict resolution', 'operations', 'accounts receivable', 'accounting', 'time management', 'communication', 'problem solving', 'financial analysis', 'troubleshooting', 'excel', 'negotiation']",9,Bachelor's,16
29196643,Business Strategy & Consulting,"['education', 'html', 'google analytics', 'supply chain', 'mysql', 'accounts receivable', 'sap', 'erp', 'java', 'leadership', 'css', 'powerpoint', 'communication', 'excel', 'event planning', 'linux', 'analytical', 'sql']",0,Master's,18
22351830,Business Strategy & Consulting,"['scala', 'education', 'oracle', 'html', 'elasticsearch', 'mysql', 'java', 'scrum', 'javascript', 'linux']",7,Master's,10
11415967,Business Strategy & Consulting,"['research', 'education', 'customer service', 'budgeting', 'operations', 'safety', 'auditing', 'accounting', 'aviation', 'r', 'project management', 'problem solving', 'compliance', 'litigation', 'mentoring', 'negotiation', 'account management']",0,Master's,17
29297393,Business Strategy & Consulting,"['customer service', 'financial analysis', 'education', 'recruitment', 'sap', 'auditing', 'analytical', 'hris', 'research', 'payroll', 'logistics', 'content marketing', 'compliance', 'communication', 'powerpoint', 'excel', 'autocad', 'employee relations', 'performance management', 'public relations', 'media relations']",0,Master's,21
18227306,Business Strategy & Consulting,"['strategy', 'education', 'budgeting', 'logistics', 'accounts receivable', 'teaching', 'healthcare', 'accounting', 'onboarding']",0,Master's,9
31201660,Business Strategy & Consulting,"['research', 'education', 'customer service', 'c', 'budgeting', 'operations', 'lean manufacturing', 'accounts receivable', 'compliance', 'leadership', 'public relations', 'public speaking', 'project management', 'social media', 'financial analysis', 'six sigma']",0,High School / Diploma,16
25258040,Business Strategy & Consulting,"['education', 'customer service', 'operations', 'quality control', 'compliance', 'leadership', 'communication', 'project management']",0,Master's,8
56792999,Business Strategy & Consulting,"['strategy', 'education', 'healthcare', 'compliance', 'agriculture', 'scrum', 'project management', 'analytical']",0,Master's,8
22571461,Business Strategy & Consulting,"['research', 'payroll', 'education', 'c', 'logistics', 'financial reporting', 'leadership', 'project management', 'powerpoint', 'excel', 'mentoring']",0,Bachelor's,11
80527194,Business Strategy & Consulting,"['strategy', 'research', 'payroll', 'adaptability', 'education', 'seo', 'client retention', 'accounting', 'communication', 'public relations', 'social media', 'r', 'accounts payable', 'financial analysis', 'excel', 'performance management']",2,Bachelor's,16
37818861,Business Strategy & Consulting,"['education', 'customer service', 'logistics', 'procurement', 'operations', 'safety', 'leadership', 'communication', 'project management', 'civil engineering']",0,Bachelor's,10
91116867,Business Strategy & Consulting,"['attention to detail', 'education', 'customer service', 'logistics', 'accounting', 'communication', 'social media', 'problem solving', 'accounts payable']",5,Bachelor's,9
14346702,Business Strategy & Consulting,"['cpr', 'education', 'customer service', 'data entry', 'operations', 'safety', 'compliance', 'communication']",0,High School / Diploma,8
15083600,Business Strategy & Consulting,"['education', 'operations', 'equities', 'accounting', 'financial reporting', 'python', 'powerpoint', 'excel', 'ifrs', 'hedge funds', 'analytical', 'sql']",0,Master's,12
63670997,Business Strategy & Consulting,"['strategy', 'research', 'education', 'brand management', 'communication', 'media relations', 'social media', 'project management', 'public relations', 'leadership', 'account management']",0,Bachelor's,11
17307206,Business Strategy & Consulting,"['research', 'education', 'customer service', 'conflict resolution', 'accounting', 'communication', 'tutoring']",0,High School / Diploma,7
67406885,Business Strategy & Consulting,"['education', 'operations', 'safety', 'compliance', 'communication', 'leadership', 'problem solving', 'troubleshooting', 'analytical']",0,PhD,9
57364820,Business Strategy & Consulting,"['unix', 'education', 'customer service', 'operations', 'leadership', 'java', 'scrum', 'powerpoint', 'project management', 'time management', 'excel', 'pmp', 'analytical']",0,Bachelor's,13
79570655,Business Strategy & Consulting,"['quality control', 'payroll', 'customer service', 'education']",0,Bachelor's,4
13569152,Business Strategy & Consulting,"['strategy', 'education', 'budgeting', 'instructional design', 'logistics', 'intellectual property', 'accounting', 'communication', 'scrum', 'kanban', 'project management', 'leadership', 'pmp', 'strategic planning']",15,Master's,14
65062795,Business Strategy & Consulting,"['education', 'supply chain', 'oracle', 'java', 'php', 'problem solving', 'troubleshooting', 'matlab', 'analytical', 'sql']",0,Master's,10
10984392,Business Strategy & Consulting,"['data entry', 'manufacturing', 'education', 'procurement', 'operations', 'quality control', 'accounting', 'project management', 'problem solving', 'analytical', 'negotiation']",0,High School / Diploma,11
49777184,Business Strategy & Consulting,"['attention to detail', 'strategy', 'research', 'education', 'operations', 'leadership', 'communication', 'time management', 'project management', 'excel', 'analytical', 'performance management', 'strategic planning']",0,High School / Diploma,13
11835339,Business Strategy & Consulting,"['research', 'education', 'customer service', 'c', 'payroll', 'operations', 'safety', 'hospitality']",25,Bachelor's,8
21156767,Business Strategy & Consulting,"['education', 'c', 'data mining', 'mysql', 'agile methodology', 'data warehouse', 'azure', 'java', 'python', 'business intelligence', 'javascript', 'devops', 'random forest', 'machine learning', 'sql']",6,Master's,15
26234972,Business Strategy & Consulting,"['education', 'budgeting', 'public speaking', 'communication', 'social media', 'public relations', 'powerpoint', 'excel', 'troubleshooting']",0,Master's,9
15535920,Business Strategy & Consulting,"['attention to detail', 'customer service', 'leadership', 'education', 'crm', 'project management', 'technical support', 'research', 'c', 'procurement', 'conflict resolution', 'compliance', 'communication', 'time management', 'statistics', 'strategy', 'cold calling', 'operations', 'salesforce', 'mentoring']",0,Master's,20
26919036,Business Strategy & Consulting,"['research', 'education', 'customer service', 'operations', 'leadership', 'project management', 'analytical', 'negotiation', 'account management']",1,Bachelor's,9
57601040,Business Strategy & Consulting,"['vendor management', 'strategy', 'education', 'risk management', 'supply chain', 'procurement', 'logistics', 'safety', 'compliance', 'leadership', 'project management', 'mentoring']",0,Bachelor's,12
29076405,Business Strategy & Consulting,"['photoshop', 'education', 'customer service', 'excel']",0,Bachelor's,4
26167298,Business Strategy & Consulting,"['manufacturing', 'customer service', 'advocacy', 'healthcare', 'leadership', 'b2c', 'account management', 'vendor management', 'education', 'html', 'lead generation', 'sales strategy', 'crm', 'illustrator', 'r', 'project management', 'analytical', 'strategic planning', 'research', 'photoshop', 'social media', 'communication', 'sem', 'powerpoint', 'excel', 'ppc', 'strategy', 'operations', 'salesforce', 'ux', 'seo', 'public relations', 'hubspot']",15,Master's,33
13837784,Marketing & PR,"['ppc', 'strategy', 'education', 'html', 'google analytics', 'lead generation', 'content marketing', 'social media', 'a/b testing', 'communication', 'powerpoint', 'excel', 'account management']",0,Master's,13
16509761,Marketing & PR,"['education', 'operations', 'photoshop', 'accounting', 'social media']",0,Bachelor's,5
29915354,Marketing & PR,"['video editing', 'education', 'customer service', 'after effects', 'photoshop', 'teaching', 'public speaking', 'communication', 'illustrator', 'problem solving', 'troubleshooting', 'animation', 'premiere pro']",0,Master's,13
82929064,Marketing & PR,"['strategy', 'research', 'education', 'google analytics', 'account management']",0,Bachelor's,5
10515955,Marketing & PR,"['cold calling', 'education', 'customer service', 'recruitment', 'communication', 'negotiation']",19,Bachelor's,6
14945250,Marketing & PR,"['education', 'customer service', 'teamwork', 'operations', 'safety', 'accounting', 'leadership', 'social media', 'hospitality', 'presentation skills', 'negotiation', 'account management']",15,Master's,12
28609364,Marketing & PR,"['research', 'education', 'customer service', 'supply chain', 'healthcare', 'communication', 'social media', 'project management', 'problem solving', 'critical thinking']",0,Master's,10
19861776,Marketing & PR,"['strategy', 'education', 'c', 'budgeting', 'operations', 'leadership', 'communication', 'crm', 'project management', 'business intelligence', 'strategic planning']",5,Master's,11
14036515,Marketing & PR,"['communication', 'compliance', 'education', 'operations']",0,Master's,4
11005406,Marketing & PR,"['aws', 'education', 'sap', 'azure', 'sql']",0,Master's,5
17132168,Marketing & PR,"['education', 'oracle', 'c', 'social media', 'communication', 'leadership', 'problem solving', 'mentoring', 'technical support', 'account management']",0,High School / Diploma,10
15353911,Marketing & PR,"['education', 'photoshop', 'teaching', 'illustrator', 'animation']",7,Bachelor's,5
18501746,Marketing & PR,"['strategy', 'research', 'education', 'sem', 'account management']",0,High School / Diploma,5
26341987,Marketing & PR,"['vendor management', 'education', 'recruitment', 'budgeting', 'operations', 'procurement', 'sql', 'erp', 'healthcare', 'compliance', 'leadership', 'communication', 'analytical', 'technical support', 'negotiation']",20,Master's,15
27419236,Marketing & PR,"['education', 'customer service', 'html', 'quality control', 'salesforce', 'photoshop', 'leadership', 'illustrator', 'css', 'project management', 'communication', 'excel', 'troubleshooting', 'email marketing', 'pmp', 'sql']",0,Bachelor's,16
13328680,Marketing & PR,"['ppc', 'strategy', 'education', 'lead generation', 'operations', 'google analytics', 'quality control', 'auditing', 'leadership', 'r', 'portfolio management', 'excel', 'devops']",12,Master's,13
17584743,Marketing & PR,"['vendor management', 'strategy', 'research', 'education', 'logistics', 'social media', 'public relations', 'graphic design']",0,High School / Diploma,8
14761906,Marketing & PR,"['attention to detail', 'education', 'conflict resolution', 'after effects', 'photoshop', 'teaching', 'maya', 'time management', 'illustrator', 'troubleshooting', 'animation']",0,Bachelor's,11
31162167,Marketing & PR,"['research', 'education', 'html', 'logistics', 'teamwork', 'salesforce', 'photoshop', 'erp', 'social media', 'public relations', 'illustrator', 'powerpoint', 'media relations', 'bloomberg', 'excel', 'communication']",5,Master's,16
15226699,Marketing & PR,"['strategy', 'data entry', 'customer service', 'education', 'c', 'operations', 'photoshop', 'safety', 'illustrator', 'excel', 'troubleshooting', 'event planning']",0,High School / Diploma,12
25525152,Marketing & PR,"['video editing', 'research', 'education', 'html', 'photoshop', 'social media', 'illustrator', 'communication']",0,Bachelor's,8
13343786,Marketing & PR,"['vendor management', 'strategy', 'payroll', 'risk management', 'education', 'operations', 'safety', 'sap', 'compliance', 'time management', 'accounting', 'communication', 'statistics', 'hipaa', 'employee relations', 'hris']",10,Master's,16
15484097,Marketing & PR,"['research', 'education', 'operations', 'quality control', 'safety', 'communication', 'leadership', 'public relations', 'troubleshooting']",0,Bachelor's,9
25723793,Marketing & PR,"['education', 'supply chain', 'salesforce', 'photoshop', 'seo', 'accounting', 'communication', 'compliance', 'excel']",0,Bachelor's,9
19444529,Marketing & PR,"['strategy', 'education', 'social media', 'leadership', 'email marketing']",0,Bachelor's,5
33893326,Marketing & PR,"['art direction', 'portfolio management', 'education', 'html', 'lead generation', 'recruitment', 'accounting', 'graphic design', 'copywriting', 'mathematics', 'research', 'c', 'corporate communications', 'communication', 'social media', 'sem', 'statistics', 'strategy', 'seo', 'public relations', 'email marketing']",0,High School / Diploma,21
18442517,Marketing & PR,"['lean manufacturing', 'data warehouse', 'devops', 'jenkins', 'education', 'html', 'crm', 'project management', 'research', 'oracle', 'procurement', 'corporate communications', 'photoshop', 'communication', 'scrum', 'css', 'excel', 'php', 'operations', 'mysql', 'salesforce', 'perl', 'javascript']",0,High School / Diploma,23
40883703,Marketing & PR,"['strategy', 'education', 'lead generation', 'content marketing', 'seo', 'ux', 'a/b testing', 'sem', 'public relations', 'b2c', 'email marketing']",12,Master's,11
27981289,Marketing & PR,"['strategy', 'research', 'vba', 'user research', 'html', 'angular', 'google analytics', 'seo', 'ux', 'scrum', 'css', 'project management', 'javascript', 'excel', 'pmp', 'php']",5,Bachelor's,16
18900722,Marketing & PR,"['strategy', 'research', 'education', 'customer service', 'lead generation', 'operations', 'salesforce', 'photoshop', 'leadership', 'communication', 'illustrator', 'powerpoint', 'excel', 'b2c']",0,Bachelor's,14
28109594,Marketing & PR,"['research', 'payroll', 'education', 'budgeting', 'teamwork', 'photoshop', 'social media', 'illustrator', 'r', 'project management', 'leadership', 'powerpoint', 'excel']",0,Bachelor's,13
31929166,Marketing & PR,"['research', 'education', 'adaptability', 'recruitment', 'teamwork', 'photoshop', 'social media', 'public relations', 'media relations', 'leadership', 'powerpoint', 'illustrator', 'excel', 'premiere pro', 'communication', 'analytical']",0,Master's,16
24574164,Marketing & PR,"['strategy', 'research', 'education', 'manufacturing', 'customer service', 'lead generation', 'onboarding', 'scrum', 'public relations', 'r', 'problem solving', '3d modeling', 'animation', 'email marketing', 'analytical', 'technical support', 'account management']",0,Bachelor's,17
23085604,Marketing & PR,"['strategy', 'research', 'education', 'manufacturing', 'budgeting', 'operations', 'healthcare', 'communication', 'bloomberg', 'project management', 'problem solving', 'troubleshooting', 'animation', 'technical support']",20,High School / Diploma,14
27080812,Marketing & PR,"['strategy', 'research', 'education', 'budgeting', 'procurement', 'content marketing', 'seo', 'compliance', 'leadership', 'communication', 'crm', 'project management', 'machine learning']",0,Master's,13
14209965,Marketing & PR,"['strategy', 'research', 'education', 'operations', 'salesforce', 'leadership', 'public relations', 'excel', 'analytical', 'negotiation']",0,Master's,10
20330739,Marketing & PR,"['strategy', 'research', 'education', 'c', 'operations', 'leadership', 'communication']",0,Master's,7
37739183,Marketing & PR,"['research', 'education', 'customer service', 'html', 'budgeting', 'sap', 'healthcare', 'communication', 'public relations', 'leadership', 'project management', 'b2c', 'strategic planning']",6,High School / Diploma,13
14771530,Marketing & PR,"['education', 'html', 'logistics', 'budgeting', 'photoshop', 'time management', 'illustrator', 'project management']",0,Bachelor's,8
62700506,Marketing & PR,"['research', 'data entry', 'customer service', 'education', 'operations', 'ux', 'compliance', 'leadership', 'communication', 'accounting', 'analytical']",0,High School / Diploma,11
34319869,Marketing & PR,"['strategy', 'research', 'education', 'logistics', 'operations', 'salesforce', 'zendesk', 'sap', 'accounting', 'onboarding', 'leadership', 'communication', 'project management', 'crm', 'tableau', 'excel', 'troubleshooting', 'powerpoint']",0,Bachelor's,18
30999638,Marketing & PR,"['research', 'education', 'customer service', 'operations', 'social media', 'time management', 'communication', 'powerpoint', 'excel', 'troubleshooting']",0,Bachelor's,10
11677012,Marketing & PR,"['research', 'education', 'customer service', 'recruitment', 'social media', 'time management', 'communication', 'leadership', 'problem solving']",0,Bachelor's,9
18525641,Marketing & PR,"['strategy', 'research', 'education', 'leadership', 'social media', 'communication', 'portfolio management', 'presentation skills']",9,Bachelor's,8
91539554,Marketing & PR,"['research', 'education', 'adaptability', 'quality control', 'communication']",3,Bachelor's,5
13503650,Marketing & PR,"['research', 'education', 'customer service', 'c', 'conflict resolution', 'compliance', 'communication', 'accounting', 'investment banking', 'excel', 'hipaa', 'strategic planning']",0,Bachelor's,12
23864858,Marketing & PR,"['vba', 'education', 'html', 'google analytics', 'salesforce', 'seo', 'sem', 'a/b testing', 'powerpoint', 'excel', 'sql']",0,Bachelor's,11
24658786,Marketing & PR,"['strategy', 'education', 'html', 'logistics', 'google analytics', 'operations', 'seo', 'graphic design', 'social media', 'leadership', 'css', 'project management', 'public relations', 'event planning', 'negotiation']",17,Bachelor's,15
39166680,Marketing & PR,"['tableau', 'leadership', 'education', 'html', 'google analytics', 'crm', 'project management', 'analytical', 'supply chain', 'logistics', 'sem', 'looker', 'strategy', 'operations', 'salesforce', 'seo', 'a/b testing', 'business intelligence', 'javascript', 'email marketing', 'sql']",0,High School / Diploma,21
25038571,Marketing & PR,"['strategy', 'research', 'education', 'supply chain', 'procurement', 'client retention', 'social media', 'public relations', 'problem solving']",0,Bachelor's,9
33542483,Marketing & PR,"['education', 'google analytics', 'seo', 'corporate communications', 'social media', 'communication']",0,Bachelor's,6
58915642,Marketing & PR,"['strategy', 'research', 'education', 'logistics', 'corporate finance', 'java', 'leadership', 'excel', 'mentoring']",0,Bachelor's,9
18927233,Marketing & PR,"['education', 'customer service', 'google analytics', 'seo', 'photoshop', 'social media', 'media relations', 'sem', 'public relations']",0,Bachelor's,9
16893572,Marketing & PR,"['education', 'html', 'google analytics', 'lead generation', 'budgeting', 'project management', 'graphic design', 'analytical', 'photoshop', 'social media', 'css', 'excel', 'php', 'strategy', 'operations', 'seo', 'mysql', 'media relations', 'javascript']",0,Bachelor's,19
18488289,Marketing & PR,"['customer service', 'leadership', 'b2c', 'account management', 'education', 'html', 'google analytics', 'onboarding', 'project management', 'analytical', 'research', 'logistics', 'content marketing', 'time management', 'social media', 'css', 'communication', 'ppc', 'cold calling', 'operations', 'seo', 'ux']",0,Bachelor's,22
31909493,Marketing & PR,"['strategy', 'research', 'education', 'google analytics', 'seo', 'ux', 'leadership', 'communication', 'crm', 'social media', 'email marketing']",0,Bachelor's,11
29002596,Marketing & PR,"['strategy', 'education', 'lead generation', 'operations', 'content marketing', 'seo', 'healthcare', 'accounting', 'social media', 'leadership']",0,Master's,10
73282756,Marketing & PR,"['leadership', 'education', 'google analytics', 'project management', 'analytical', 'technical support', 'strategic planning', 'research', 'c', 'procurement', 'photoshop', 'sem', 'statistics', 'excel', 'strategy', 'operations', 'seo', 'business intelligence', 'email marketing', 'negotiation']",0,Master's,20
94492380,Marketing & PR,"['strategy', 'education', 'social media', 'event planning', 'strategic planning']",8,Bachelor's,5
18905648,Marketing & PR,"['photoshop', 'public speaking', 'social media', 'illustrator', 'powerpoint', 'excel']",0,Bachelor's,6
70196518,Marketing & PR,"['strategy', 'education', 'customer service', 'data entry', 'social media', 'media relations', 'public relations', 'communication']",0,High School / Diploma,8
56952849,Marketing & PR,"['strategy', 'unix', 'education', 'seo', 'mysql', 'graphic design', 'social media', 'communication', 'troubleshooting', 'linux', 'technical support']",15,Bachelor's,11
40311088,Marketing & PR,"['research', 'education', 'social media', 'public relations', 'media relations', 'event planning']",0,Bachelor's,6
19053815,Marketing & PR,"['customer service', 'education', 'recruitment', 'sap', 'public speaking', 'accounting', 'project management', 'payroll', 'oracle', 'logistics', 'accounts receivable', 'brand management', 'compliance', 'communication', 'social media', 'excel', 'performance management', 'inventory management', 'media relations', 'event planning', 'talent acquisition']",0,Bachelor's,21
10005171,Marketing & PR,"['strategy', 'research', 'education', 'recruitment', 'media relations', 'public relations', 'event planning', 'strategic planning']",0,Master's,8
26160200,Marketing & PR,"['strategy', 'education', 'customer service', 'html', 'teamwork', 'seo', 'brand management', 'communication', 'leadership', 'social media', 'project management', 'css', 'javascript', 'copywriting', 'account management']",0,High School / Diploma,15
59011090,Marketing & PR,"['research', 'education', 'google analytics', 'safety', 'photoshop', 'social media', 'communication', 'powerpoint', 'excel', 'email marketing', 'account management']",0,Master's,11
34583750,Marketing & PR,"['strategy', 'education', 'customer service', 'communication', 'leadership', 'crm']",0,Bachelor's,6
22380187,Marketing & PR,"['strategy', 'education', 'google analytics', 'photoshop', 'compliance', 'social media', 'communication', 'excel', 'email marketing']",0,Bachelor's,9
24953921,Marketing & PR,"['research', 'education', 'customer service', 'payroll', 'operations', 'accounting', 'communication', 'social media', 'css', 'public relations', 'ticketing system', 'php', 'technical support', 'analytical']",0,Master's,14
20490741,Marketing & PR,"['medical terminology', 'education', 'customer service', 'social media', 'problem solving', 'account management']",15,High School / Diploma,6
21125113,Marketing & PR,"['strategy', 'research', 'education', 'conflict resolution', 'public speaking', 'communication', 'powerpoint', 'excel', 'troubleshooting', 'technical support']",0,High School / Diploma,10
11270462,Marketing & PR,"['research', 'education', 'recruitment', 'social media', 'public relations', 'communication']",0,Bachelor's,6
90685127,Marketing & PR,"['strategy', 'education', 'google analytics', 'crm', 'social media', 'sem', 'email marketing', 'analytical', 'looker']",0,Bachelor's,9
20628003,Marketing & PR,"['ppc', 'strategy', 'research', 'education', 'customer service', 'lead generation', 'google analytics', 'seo', 'social media', 'sem', 'communication', 'account management']",0,Bachelor's,12
30504149,Marketing & PR,"['strategy', 'research', 'education', 'content marketing', 'seo', 'social media', 'sem', 'leadership', 'crm', 'b2c', 'mentoring']",0,Bachelor's,11
25706337,Marketing & PR,"['payroll', 'education', 'oracle', 'seo', 'accounting', 'social media', 'project management', 'excel', 'email marketing']",0,Master's,9
91318828,Marketing & PR,"['vendor management', 'education', 'customer service', 'google analytics', 'operations', 'photoshop', 'multitasking', 'safety', 'compliance', 'social media', 'hubspot', 'inventory management', 'communication', 'time management']",10,Bachelor's,14
42156237,Marketing & PR,"['education', 'html', 'data mining', 'google analytics', 'salesforce', 'mysql', 'tableau', 'power bi', 'r', 'project management', 'business intelligence', 'php', 'excel', 'javascript', 'python', 'analytical', 'sql']",0,Master's,17
80679862,Marketing & PR,"['account management', 'education', 'html', 'google analytics', 'lead generation', 'illustrator', 'research', 'teamwork', 'content marketing', 'photoshop', 'teaching', 'social media', 'time management', 'communication', 'excel', 'ppc', 'strategy', 'operations', 'salesforce', 'seo', 'a/b testing', 'email marketing']",0,Bachelor's,22
16276121,Marketing & PR,"['education', 'customer service', 'google analytics', 'operations', 'healthcare', 'crm', 'social media', 'analytical', 'account management']",0,Bachelor's,9
27921561,Marketing & PR,"['education', 'html', 'photoshop', 'sap', 'leadership', 'illustrator', 'css', 'powerpoint', 'project management', 'javascript', 'excel', 'graphic design']",0,Bachelor's,12
50219114,Marketing & PR,"['ppc', 'strategy', 'research', 'education', 'facebook ads', 'budgeting', 'google analytics', 'seo', 'ux', 'photoshop', 'social media', 'communication', 'leadership', 'project management', 'php', 'critical thinking']",0,Master's,16
30864828,Marketing & PR,"['education', 'conflict resolution', 'quality control', 'safety', 'leadership', 'communication', 'problem solving', 'excel', 'graphic design']",20,High School / Diploma,9
17562754,Marketing & PR,"['strategy', 'research', 'artificial intelligence', 'education', 'operations', 'seo', 'social media', 'leadership', 'media relations', 'strategic planning']",30,Bachelor's,10
24679149,Marketing & PR,"['research', 'education', 'html', 'logistics', 'google analytics', 'content marketing', 'operations', 'photoshop', 'erp', 'compliance', 'css']",0,Master's,11
81508860,Marketing & PR,"['research', 'education', 'html', 'logistics', 'budgeting', 'seo', 'salesforce', 'communication', 'sem', 'css', 'social media', 'powerpoint', 'project management', 'time management', 'event planning']",0,Master's,15
28679359,Marketing & PR,"['ppc', 'strategy', 'research', 'education', 'google analytics', 'budgeting', 'content marketing', 'seo', 'social media', 'sem', 'leadership', 'project management', 'presentation skills', 'analytical', 'strategic planning']",10,High School / Diploma,15
14556869,Marketing & PR,"['strategy', 'education', 'data entry', 'c', 'photoshop', 'accounting', 'social media', 'public relations', 'illustrator', 'tutoring', 'excel']",0,Bachelor's,11
23810469,Marketing & PR,"['strategy', 'research', 'education', 'c', 'lead generation', 'seo', 'social media', 'sem', 'account management']",13,Master's,9
16536141,Marketing & PR,"['ppc', 'strategy', 'research', 'education', 'video editing', 'lead generation', 'google analytics', 'content marketing', 'seo', 'photoshop', 'salesforce', 'social media', 'leadership', 'project management', 'problem solving', 'email marketing', 'copywriting', 'strategic planning']",0,Bachelor's,18
12085736,Marketing & PR,"['ppc', 'strategy', 'education', 'html', 'operations', 'sql', 'ux', 'social media', 'a/b testing', 'css', 'javascript', 'b2c', 'negotiation', 'strategic planning']",7,Bachelor's,14
20210676,Marketing & PR,"['strategy', 'education', 'google analytics', 'rehabilitation', 'photoshop', 'compliance', 'social media', 'illustrator', 'communication', 'powerpoint', 'accounting', 'excel']",10,High School / Diploma,12
22706174,Marketing & PR,"['strategy', 'education', 'teaching', 'time management', 'project management', 'email marketing', 'analytical']",0,Bachelor's,7
18354623,Marketing & PR,"['strategy', 'research', 'education', 'html', 'google analytics', 'seo', 'photoshop', 'social media', 'sem', 'illustrator', 'project management', 'css', 'javascript', 'media relations', 'graphic design', 'email marketing', 'php', 'performance management']",0,Master's,18
17432318,Marketing & PR,"['education', 'risk management', 'after effects', 'public speaking', 'accounting', 'illustrator', 'analytical', 'research', 'content marketing', 'photoshop', 'communication', 'social media', 'powerpoint', 'excel', 'strategy', 'operations', 'salesforce', 'business intelligence', 'mentoring']",0,High School / Diploma,19
11797122,Engineering,"['manufacturing', 'risk management', 'budgeting', 'operations', 'quality control', 'accounts receivable', 'safety', 'compliance', 'leadership', 'communication', 'accounting', 'aviation', 'troubleshooting', 'accounts payable']",8,Master's,14
16332293,Engineering,"['education', 'customer service', 'compliance']",0,Bachelor's,3
28790806,Engineering,"['unix', 'education', 'oracle', 'hadoop', 'operations', 'data warehouse', 'leadership', 'business intelligence', 'project management', 'shell', 'technical support', 'sql']",6,Bachelor's,12
91515108,Engineering,"['strategy', 'education', 'customer service', 'compliance', 'communication', 'leadership', 'time management']",0,Master's,7
32109048,Engineering,"['attention to detail', 'education', 'customer service', 'c', 'operations', 'compliance', 'powerpoint', 'excel', 'critical thinking', 'medical billing']",0,High School / Diploma,10
11152490,Engineering,"['research', 'education', 'conflict resolution', 'operations', 'mentoring', 'photoshop', 'compliance', 'leadership', 'communication', 'illustrator', 'project management', 'statistics', 'troubleshooting', 'employee relations', 'analytical', 'six sigma', 'strategic planning']",0,Master's,17
99680385,Engineering,"['education', 'manufacturing', 'recruitment', 'procurement', 'logistics', 'c', 'quality control', 'safety', 'auditing', 'kanban', 'communication', 'project management', 'catia', 'six sigma']",10,Master's,14
15790602,Engineering,"['strategy', 'education', 'operations', 'social media', 'leadership', 'project management', 'shell', 'negotiation']",0,Master's,8
17510973,Engineering,"['medical terminology', 'education', 'customer service', 'operations', 'healthcare', 'client retention', 'compliance', 'time management', 'onboarding', 'leadership', 'powerpoint', 'problem solving', 'excel']",10,Master's,13
23522150,Engineering,"['attention to detail', 'mathematics', 'research', 'customer service', 'operations', 'communication', 'time management']",8,High School / Diploma,7
11257723,Engineering,"['education', 'risk management', 'customer service', 'litigation', 'communication', 'time management']",0,High School / Diploma,6
14455622,Engineering,"['education', 'customer service', 'operations', 'accounting', 'compliance', 'aviation', 'r', 'account management']",0,Bachelor's,8
84295343,Engineering,"['attention to detail', 'research', 'education', 'litigation', 'time management', 'excel']",0,Master's,6
78357954,Engineering,"['strategy', 'education', 'customer service', 'safety', 'compliance', 'time management', 'excel']",0,Master's,7
24703983,Engineering,"['education', 'c', 'accounting', 'problem solving', 'excel', 'analytical', 'accounts payable']",0,Bachelor's,7
47487091,Engineering,"['research', 'education', 'customer service', 'data entry', 'operations', 'accounting', 'time management', 'communication', 'accounts payable', 'excel', 'analytical', 'critical thinking', 'negotiation']",10,Bachelor's,13
23009962,Engineering,"['education', 'customer service', 'teamwork', 'healthcare', 'leadership']",15,Master's,5
22732234,Engineering,"['research', 'education', 'customer service', 'safety', 'leadership', 'communication', 'statistics', 'problem solving']",0,Master's,8
18448085,Engineering,"['manufacturing', 'numpy', 'pandas', 'spark', 'tableau', 'leadership', 'six sigma', 'education', 'r', 'mathematics', 'oracle', 'matplotlib', 'python', 'statistics', 'problem solving', 'excel', 'autocad', 'operations', 'mysql', 'random forest', 'matlab', 'sql']",0,Master's,22
11887930,Engineering,"['attention to detail', 'research', 'education', 'oracle', 'operations', 'teaching', 'clinical research', 'compliance', 'communication', 'powerpoint', 'business intelligence', 'excel', 'presentation skills', 'analytical', 'accounts payable']",0,Master's,15
14508237,Engineering,"['cpr', 'attention to detail', 'education', 'customer service', 'operations', 'guest relations', 'communication', 'r', 'problem solving', 'excel', 'troubleshooting', 'analytical']",1,Master's,12
15100547,Engineering,"['strategy', 'education', 'customer service', 'risk management', 'litigation', 'communication', 'problem solving', 'legal research', 'negotiation']",13,Bachelor's,9
97449528,Engineering,"['attention to detail', 'research', 'payroll', 'customer service', 'data entry', 'education', 'accounts receivable', 'multitasking', 'client retention', 'accounting', 'communication', 'time management', 'leadership', 'inventory management', 'problem solving']",12,High School / Diploma,15
26341645,Engineering,"['research', 'payroll', 'customer service', 'oracle', 'education', 'operations', 'triage', 'mentoring', 'compliance', 'leadership', 'project management', 'powerpoint', 'excel', 'analytical', 'technical support', 'sql', 'hris']",0,Master's,17
82140102,Engineering,"['education', 'customer service', 'compliance', 'time management', 'mentoring', 'negotiation']",12,High School / Diploma,6
17571262,Engineering,"['strategy', 'education', 'customer service', 'manufacturing', 'operations', 'multitasking', 'accounting', 'inventory management', 'accounts payable', 'account management']",0,Bachelor's,10
32069695,Engineering,"['attention to detail', 'customer service', 'operations', 'conflict resolution', 'client retention', 'communication', 'public relations', 'problem solving']",10,High School / Diploma,8
22946204,Engineering,"['manufacturing', 'computer vision', 'sqlite', 'education', 'java', 'r', 'solidworks', 'research', 'c', 'python', 'statistics', 'excel', 'autocad', 'mechatronics', 'robotics', 'mechanical design', 'matlab', 'machine learning', 'sql']",5,Master's,19
63989974,Engineering,"['unix', 'education', 'budgeting', 'project management', 'troubleshooting']",13,Master's,5
15484011,Engineering,"['attention to detail', 'cpr', 'education', 'customer service', 'data entry', 'safety', 'communication', 'leadership', 'hipaa', 'excel', 'medical billing']",0,Bachelor's,11
18932512,Engineering,"['data entry', 'customer service', 'education', 'operations', 'excel']",0,Master's,5
15210069,Engineering,"['education', 'customer service', 'payroll', 'operations', 'safety', 'communication']",0,Bachelor's,6
25047127,Engineering,"['attention to detail', 'data entry', 'customer service', 'education', 'salesforce', 'photoshop', 'compliance', 'communication', 'illustrator', 'powerpoint', 'excel', 'tutoring', 'critical thinking']",0,Master's,13
22452756,Engineering,"['data entry', 'education', 'c', 'operations', 'compliance']",0,High School / Diploma,5
24592627,Engineering,"['communication', 'education', 'agriculture']",10,Bachelor's,3
51508889,Engineering,"['healthcare', 'unix', 'education', 'html', 'safety', 'sap', 'auditing', 'java', 'crm', 'project management', 'analytical', 'research', 'oracle', 'c', 'investment banking', 'communication', 'scrum', 'css', 'shell', 'operations', 'javascript', 'mentoring', 'sql']",10,Master's,23
15180322,Food & Hospitality,"['medical terminology', 'education', 'customer service', 'operations', 'anatomy', 'safety', 'communication', 'nursing', 'physiology']",0,Bachelor's,9
24221960,Food & Hospitality,"['research', 'education', 'customer service', 'logistics', 'operations', 'safety', 'communication', 'leadership']",0,High School / Diploma,8
24673903,Food & Hospitality,"['customer service', 'operations']",0,Bachelor's,2
19007667,Food & Hospitality,"['inventory management', 'logistics', 'operations']",0,Bachelor's,3
30311202,Food & Hospitality,"['education', 'budgeting', 'operations', 'safety', 'teaching', 'communication']",0,High School / Diploma,6
11121498,Food & Hospitality,"['attention to detail', 'education', 'c', 'logistics', 'operations', 'safety', 'healthcare', 'public speaking', 'inventory management', 'time management', 'communication', 'project management']",3,Bachelor's,12
32518109,Food & Hospitality,"['education', 'multitasking', 'compliance']",0,High School / Diploma,3
26718039,Food & Hospitality,"['inventory management', 'logistics', 'operations']",0,Bachelor's,3
23568731,Food & Hospitality,"['education', 'customer service', 'culinary skills', 'operations', 'safety', 'communication']",2,Bachelor's,6
14663897,Food & Hospitality,"['education', 'customer service', 'payroll', 'food safety', 'operations', 'safety', 'compliance', 'communication']",0,High School / Diploma,8
21904897,Food & Hospitality,"['education', 'data entry', 'recruitment', 'safety', 'compliance']",0,High School / Diploma,5
23591247,Food & Hospitality,"['video editing', 'education', 'customer service', 'operations', 'communication', 'problem solving', 'excel', 'negotiation']",0,High School / Diploma,8
16594812,Food & Hospitality,"['education', 'medical billing']",0,High School / Diploma,2
19831366,Food & Hospitality,"['payroll', 'education', 'excel']",0,High School / Diploma,3
16804396,Food & Hospitality,"['education', 'customer service', 'recruitment', 'conflict resolution', 'operations', 'anatomy', 'safety', 'compliance', 'leadership', 'physiology']",0,Bachelor's,10
92122785,Food & Hospitality,"['education', 'c', 'budgeting', 'operations', 'safety']",0,Master's,5
27831220,Food & Hospitality,"['education', 'recruitment', 'quality control', 'safety', 'inventory management']",0,Bachelor's,5
13411858,Food & Hospitality,"['cpr', 'education', 'customer service', 'teaching', 'public speaking', 'public relations', 'hospitality', 'problem solving', 'excel', 'curriculum development']",4,Bachelor's,10
25924968,Food & Hospitality,"['education', 'safety', 'photoshop', 'teaching', 'hospitality', 'powerpoint', 'excel', 'troubleshooting']",0,Bachelor's,8
34252537,Food & Hospitality,"['education', 'customer service', 'operations', 'food safety', 'guest relations', 'safety', 'compliance', 'time management', 'leadership', 'hospitality', 'excel', 'troubleshooting']",12,Master's,12
81373857,Food & Hospitality,"['education', 'powerpoint', 'restaurant management', 'excel']",0,High School / Diploma,4
92985983,Food & Hospitality,"['attention to detail', 'cc', 'education', 'budgeting', 'operations', 'safety', 'public speaking', 'inventory management', 'hospitality', 'r', 'powerpoint', 'excel']",8,Bachelor's,12
34452806,Food & Hospitality,"['education', 'customer service', 'budgeting', 'operations', 'food safety', 'teaching', 'safety', 'compliance', 'leadership', 'communication', 'hospitality', 'event planning', 'employee relations']",0,High School / Diploma,13
21611637,Food & Hospitality,"['education', 'customer service', 'operations', 'food safety', 'teaching', 'safety', 'compliance', 'inventory management', 'hospitality', 'event planning']",5,High School / Diploma,10
13095891,Food & Hospitality,"['research', 'education', 'budgeting', 'operations', 'food safety', 'quality control', 'guest relations', 'leadership', 'communication', 'project management', 'employee relations']",6,Bachelor's,11
12717345,Food & Hospitality,"['payroll', 'education', 'operations', 'leadership', 'time management', 'communication', 'restaurant management']",0,Bachelor's,7
23841877,Food & Hospitality,"['payroll', 'customer service', 'patient care', 'operations', 'safety', 'accounting', 'r', 'problem solving', 'excel', 'troubleshooting', 'employee relations', 'strategic planning']",28,High School / Diploma,12
23032276,Food & Hospitality,"['education', 'customer service', 'recruitment', 'budgeting', 'operations', 'food safety', 'quality control', 'safety', 'accounting', 'compliance', 'leadership', 'hospitality', 'powerpoint', 'excel']",0,Master's,14
32605413,Food & Hospitality,"['education', 'oracle', 'logistics', 'operations', 'safety', 'auditing', 'leadership', 'project management', 'excel', 'negotiation']",0,Bachelor's,10
65373280,Food & Hospitality,"['education', 'customer service', 'budgeting', 'operations', 'food safety', 'safety', 'leadership', 'time management', 'communication', 'problem solving', 'financial analysis']",4,Bachelor's,11
27909372,Food & Hospitality,"['education', 'customer service', 'operations', 'social media', 'public relations', 'hospitality', 'powerpoint', 'leadership', 'excel']",0,Master's,9
47603843,Food & Hospitality,"['education', 'customer service', 'html', 'photoshop', 'safety', 'accounting', 'java', 'css', 'javascript']",0,High School / Diploma,9
11444536,Food & Hospitality,"['research', 'payroll', 'customer service', 'account management', 'budgeting', 'operations', 'food safety', 'procurement', 'education', 'accounting', 'time management', 'project management', 'problem solving', 'excel', 'strategic planning']",0,Bachelor's,15
25953797,Food & Hospitality,['education'],0,Bachelor's,1
23185829,Food & Hospitality,"['education', 'operations', 'time management', 'leadership', 'hospitality', 'communication', 'excel']",4,Bachelor's,7
21869994,Food & Hospitality,"['education', 'accounts receivable', 'safety', 'healthcare', 'accounting', 'excel']",0,Bachelor's,6
28424982,Food & Hospitality,"['education', 'operations', 'leadership', 'public relations', 'hospitality']",0,Bachelor's,5
47317494,Food & Hospitality,"['education', 'data entry', 'budgeting', 'powerpoint', 'excel']",0,Bachelor's,5
29784524,Food & Hospitality,"['education', 'communication', 'leadership', 'hospitality', 'time management']",30,High School / Diploma,5
10001727,Food & Hospitality,"['cpr', 'data entry', 'customer service', 'c', 'operations', 'safety', 'auditing', 'compliance', 'inventory management', 'communication', 'time management', 'problem solving', 'hospitality', 'project management', 'accounting', 'analytical']",0,Master's,16
74522938,Food & Hospitality,"['education', 'recruitment', 'budgeting', 'operations', 'html', 'safety', 'compliance', 'php']",20,Bachelor's,8
91591026,Food & Hospitality,"['cpr', 'education', 'customer service', 'c', 'logistics', 'procurement', 'operations', 'budgeting', 'hospitality']",0,Master's,9
21511817,Food & Hospitality,"['education', 'culinary skills', 'logistics', 'operations', 'safety', 'leadership', 'inventory management', 'mentoring']",0,Master's,8
35468363,Food & Hospitality,"['education', 'budgeting', 'operations', 'quality control', 'strategic planning']",14,Bachelor's,5
37231163,Food & Hospitality,"['education', 'customer service', 'operations', 'food safety', 'conflict resolution', 'safety', 'accounting', 'leadership', 'graphic design']",0,High School / Diploma,9
16924102,Food & Hospitality,"['vendor management', 'payroll', 'customer service', 'data entry', 'budgeting', 'operations', 'education', 'guest relations', 'safety', 'compliance', 'leadership', 'inventory management', 'negotiation']",4,Bachelor's,13
28092317,Food & Hospitality,"['payroll', 'customer service', 'education', 'operations', 'food safety', 'quality control', 'leadership', 'communication', 'excel']",0,Bachelor's,9
16855929,Food & Hospitality,"['r', 'safety', 'education']",0,High School / Diploma,3
29211359,Food & Hospitality,"['payroll', 'customer service', 'education', 'conflict resolution', 'operations', 'guest relations', 'food safety', 'safety', 'inventory management', 'communication', 'hospitality']",0,Master's,11
27820360,Food & Hospitality,"['attention to detail', 'education', 'customer service', 'c', 'safety', 'leadership', 'r']",0,High School / Diploma,7
48580330,Food & Hospitality,"['hospitality', 'payroll', 'education']",0,High School / Diploma,3
29072179,Food & Hospitality,"['medical terminology', 'education', 'customer service', 'conflict resolution', 'operations', 'food safety', 'safety']",0,High School / Diploma,7
94047639,Food & Hospitality,"['attention to detail', 'education', 'culinary skills', 'operations', 'safety', 'compliance', 'communication', 'leadership', 'hospitality', 'inventory management', 'public relations']",16,Bachelor's,11
21622444,Food & Hospitality,"['hospitality', 'education', 'food safety']",3,Master's,3
33964275,Food & Hospitality,"['research', 'payroll', 'education', 'advocacy', 'operations', 'quality control', 'accounts receivable', 'accounting', 'leadership', 'media relations', 'social media', 'powerpoint', 'communication']",0,Bachelor's,13
21101152,Food & Hospitality,"['education', 'operations', 'quality control', 'teaching', 'problem solving', 'excel']",0,Master's,6
25128608,Food & Hospitality,"['education', 'recruitment', 'budgeting', 'operations', 'accounting', 'hospitality', 'restaurant management']",0,Bachelor's,7
18825446,Food & Hospitality,"['education', 'customer service', 'culinary skills', 'operations', 'safety', 'leadership', 'communication', 'hospitality', 'restaurant management', 'presentation skills']",0,Bachelor's,10
61322296,Food & Hospitality,"['education', 'customer service', 'safety', 'hospitality', 'mentoring']",0,Bachelor's,5
20817322,Food & Hospitality,"['education', 'operations', 'quality control', 'safety', 'communication', 'r', 'excel', 'strategic planning']",22,Bachelor's,8
29449419,Food & Hospitality,"['education', 'adaptability', 'procurement', 'food safety', 'budgeting', 'operations', 'safety', 'auditing', 'communication', 'compliance', 'leadership', 'restaurant management']",0,Master's,12
20321582,Food & Hospitality,"['payroll', 'education', 'conflict resolution', 'food safety', 'operations', 'safety', 'compliance', 'leadership', 'hospitality', 'event planning']",0,Bachelor's,10
19285236,Food & Hospitality,"['education', 'customer service', 'operations', 'guest relations', 'safety', 'teaching', 'public speaking', 'leadership', 'inventory management', 'communication', 'critical thinking']",0,Bachelor's,11
13264154,Food & Hospitality,"['research', 'education', 'culinary skills', 'budgeting', 'operations', 'safety', 'teaching', 'photoshop', 'communication', 'illustrator']",5,High School / Diploma,10
47729453,Food & Hospitality,"['education', 'operations', 'safety', 'time management', 'hospitality']",0,Bachelor's,5
51554903,Food & Hospitality,"['strategy', 'research', 'education', 'procurement', 'budgeting', 'communication', 'r', 'excel']",0,High School / Diploma,8
14569498,Food & Hospitality,"['strategy', 'education', 'budgeting', 'operations', 'safety', 'communication', 'leadership', 'hospitality', 'social media', 'restaurant management', 'excel', 'event planning', 'employee relations', 'negotiation']",0,Master's,14
22561438,Food & Hospitality,['education'],0,Bachelor's,1
12420359,Food & Hospitality,"['attention to detail', 'education', 'customer service', 'leadership', 'communication', 'problem solving', 'excel']",0,High School / Diploma,7
16248476,Food & Hospitality,"['inventory management', 'education', 'customer service', 'culinary skills']",4,High School / Diploma,4
10653119,Food & Hospitality,"['education', 'customer service', 'procurement', 'food safety', 'operations', 'safety']",0,Bachelor's,6
11209758,Food & Hospitality,"['payroll', 'education', 'food safety', 'operations', 'seo', 'safety', 'salesforce', 'accounting', 'inventory management', 'onboarding', 'r', 'powerpoint', 'social media', 'financial analysis', 'taxation', 'excel', 'analytical']",15,Bachelor's,17
86551046,Food & Hospitality,"['leadership', 'education', 'operations']",2,Bachelor's,3
23807940,Food & Hospitality,"['education', 'customer service', 'recruitment', 'food safety', 'operations', 'safety', 'leadership', 'hospitality', 'excel', 'employee relations']",0,Bachelor's,10
29775391,Food & Hospitality,"['strategy', 'education', 'customer service', 'recruitment', 'budgeting', 'operations', 'safety', 'compliance', 'communication', 'leadership', 'hospitality', 'inventory management', 'time management', 'restaurant management', 'event planning']",13,High School / Diploma,15
53265899,Food & Hospitality,"['attention to detail', 'education', 'risk management', 'customer service', 'c', 'operations', 'food safety', 'quality control', 'teaching', 'safety', 'client retention', 'leadership', 'hospitality', 'nursing', 'analytical', 'strategic planning']",0,Bachelor's,16
38309905,Food & Hospitality,"['safety', 'customer service', 'education']",0,Bachelor's,3
29772450,Food & Hospitality,"['education', 'safety', 'compliance', 'leadership', 'hospitality', 'r']",0,Bachelor's,6
21334981,Food & Hospitality,"['cpr', 'education', 'customer service', 'logistics', 'operations', 'conflict resolution', 'quality control', 'safety', 'excel']",0,Bachelor's,9
10276858,Food & Hospitality,"['education', 'operations', 'safety', 'hospitality', 'restaurant management', 'presentation skills']",0,High School / Diploma,6
10588874,Food & Hospitality,"['payroll', 'education', 'procurement', 'conflict resolution', 'operations', 'food safety', 'quality control', 'safety', 'budgeting', 'compliance', 'leadership', 'time management', 'problem solving', 'presentation skills']",30,Bachelor's,14
35157762,Food & Hospitality,"['education', 'customer service', 'operations', 'food safety', 'leadership', 'hospitality', 'project management', 'restaurant management', 'excel']",1,High School / Diploma,9
91072502,Food & Hospitality,"['education', 'culinary skills', 'operations', 'safety', 'leadership', 'public relations']",0,Bachelor's,6
13212436,Food & Hospitality,"['research', 'payroll', 'customer service', 'recruitment', 'education', 'operations', 'quality control', 'leadership', 'hospitality', 'performance management', 'negotiation']",29,High School / Diploma,11
15261348,Food & Hospitality,"['education', 'customer service', 'safety', 'accounting', 'inventory management', 'project management', 'restaurant management', 'account management']",15,Bachelor's,8
27662298,Food & Hospitality,"['education', 'operations', 'safety', 'inventory management', 'problem solving']",25,Bachelor's,5
16066857,Food & Hospitality,"['education', 'customer service', 'operations', 'safety', 'leadership']",0,Bachelor's,5
30337969,Food & Hospitality,"['research', 'education', 'customer service', 'budgeting', 'operations', 'patient care', 'quality control', 'safety', 'healthcare', 'accounting', 'communication', 'project management', 'analytical', 'physiology']",0,Bachelor's,14
10333299,Food & Hospitality,"['research', 'payroll', 'education', 'operations', 'food safety', 'quality control', 'safety', 'accounting', 'communication', 'onboarding', 'leadership', 'time management', 'compliance', 'inventory management', 'project management']",0,Bachelor's,15
28396528,Food & Hospitality,"['cpr', 'education', 'patient care', 'safety', 'communication', 'nursing']",4,High School / Diploma,6
19268120,Food & Hospitality,"['education', 'customer service', 'operations', 'safety', 'compliance', 'leadership', 'inventory management', 'hospitality', 'restaurant management', 'presentation skills']",5,Bachelor's,10
20691949,Food & Hospitality,"['education', 'teaching', 'inventory management', 'time management', 'leadership', 'problem solving', 'restaurant management', 'critical thinking']",2,Master's,8
26189601,Food & Hospitality,"['education', 'safety']",0,High School / Diploma,2
30826569,Food & Hospitality,"['education', 'patient care', 'operations', 'safety', 'compliance', 'communication', 'gis']",15,Master's,7
91268638,Food & Hospitality,"['attention to detail', 'education', 'recruitment', 'operations', 'safety', 'compliance', 'restaurant management']",0,High School / Diploma,7
18036030,Food & Hospitality,"['data entry', 'education', 'operations', 'communication', 'leadership', 'mentoring']",0,Bachelor's,6
36366044,Food & Hospitality,"['education', 'public speaking', 'communication', 'time management', 'leadership', 'hospitality', 'powerpoint', 'problem solving', 'excel', 'negotiation']",0,Bachelor's,10
23398733,Food & Hospitality,"['medical terminology', 'education', 'anatomy', 'accounts receivable', 'mentoring', 'accounts payable']",0,Bachelor's,6
29990140,Food & Hospitality,"['attention to detail', 'research', 'data entry', 'customer service', 'c', 'education', 'operations', 'client retention', 'accounting', 'communication', 'social media', 'time management', 'excel']",15,Bachelor's,13
30128072,Food & Hospitality,"['leadership', 'education', 'mathematics']",5,High School / Diploma,3
28176889,Food & Hospitality,"['data entry', 'education', 'accounting', 'communication', 'financial reporting']",0,High School / Diploma,5
10889157,Food & Hospitality,"['leadership', 'safety', 'education']",0,High School / Diploma,3
19951766,Food & Hospitality,"['education', 'customer service', 'photoshop', 'powerpoint', 'statistics', 'excel']",2,High School / Diploma,6
57262959,Food & Hospitality,"['education', 'customer service', 'recruitment', 'data entry', 'compliance', 'leadership', 'communication', 'inventory management', 'project management', 'talent acquisition', 'hris']",0,Bachelor's,11
20033302,Food & Hospitality,"['payroll', 'education', 'food safety', 'operations', 'seo', 'safety', 'salesforce', 'accounting', 'inventory management', 'onboarding', 'r', 'powerpoint', 'social media', 'excel', 'analytical']",15,Bachelor's,15
24709432,Food & Hospitality,"['data entry', 'customer service', 'education', 'logistics', 'operations', 'react', 'safety', 'excel']",10,Bachelor's,8
62555739,Food & Hospitality,"['data entry', 'customer service', 'risk management', 'teamwork', 'food safety', 'patient care', 'education', 'safety', 'communication', 'illustrator', 'time management', 'problem solving', 'civil engineering', 'nursing', 'autocad', 'hipaa', 'revit', 'critical thinking']",8,Master's,18
31547476,Food & Hospitality,"['payroll', 'customer service', 'education', 'safety', 'accounting', 'powerpoint', 'excel', 'troubleshooting', 'medical billing']",5,High School / Diploma,9
18480859,Food & Hospitality,"['cpr', 'education', 'budgeting', 'operations', 'food safety', 'safety', 'communication', 'leadership', 'hospitality', 'strategic planning']",30,High School / Diploma,10
12254068,Food & Hospitality,"['education', 'customer service', 'teamwork', 'surgery', 'nursing']",0,Bachelor's,5
11432686,Food & Hospitality,"['manufacturing', 'customer service', 'leadership', 'critical thinking', 'six sigma', 'education', 'sap', 'accounting', 'project management', 'graphic design', 'analytical', 'research', 'procurement', 'construction management', 'corporate communications', 'communication', 'social media', 'powerpoint', 'excel', 'strategy', 'operations', 'seo']",20,Master's,22
25452321,Food & Hospitality,"['time management', 'communication', 'education', 'payroll']",0,Master's,4
28230807,Food & Hospitality,"['education', 'operations', 'quality control', 'safety', 'compliance']",0,High School / Diploma,5
15354126,Food & Hospitality,"['education', 'customer service', 'culinary skills', 'operations', 'safety', 'inventory management', 'communication', 'excel']",15,Bachelor's,8
12155206,Food & Hospitality,"['attention to detail', 'education', 'customer service', 'accounting', 'time management', 'hospitality', 'powerpoint', 'excel']",0,Master's,8
27298953,Food & Hospitality,"['research', 'education', 'manufacturing', 'customer service', 'operations', 'accounts receivable', 'compliance', 'communication', 'accounts payable', 'project management', 'problem solving', 'excel', 'event planning', 'technical support', 'account management']",0,Bachelor's,15
68338341,Food & Hospitality,"['education', 'customer service', 'c', 'logistics', 'operations', 'communication', 'r', 'event planning']",0,Bachelor's,8
22349169,Food & Hospitality,"['education', 'operations', 'safety', 'compliance', 'inventory management', 'hospitality', 'restaurant management']",12,High School / Diploma,7
11877150,Finance & Accounting,"['attention to detail', 'research', 'education', 'c', 'budgeting', 'accounting', 'time management', 'communication', 'excel', 'analytical', 'critical thinking']",0,Master's,11
86549455,Finance & Accounting,"['education', 'public speaking', 'leadership', 'project management', 'employee relations', 'mentoring']",0,Master's,6
26530575,Finance & Accounting,"['healthcare', 'leadership', 'financial analysis', 'education', 'risk management', 'recruitment', 'budgeting', 'safety', 'accounting', 'analytical', 'hris', 'research', 'payroll', 'gaap', 'compliance', 'communication', 'excel', 'operations', 'financial reporting', 'surgery', 'negotiation']",0,Bachelor's,21
23955183,Finance & Accounting,"['financial modeling', 'education', 'compliance', 'financial reporting', 'leadership', 'litigation', 'project management', 'problem solving', 'financial analysis', 'analytical']",2,Master's,10
24854026,Finance & Accounting,"['vendor management', 'vba', 'strategy', 'financial modeling', 'risk management', 'oracle', 'education', 'compliance', 'financial reporting', 'project management', 'business intelligence', 'excel', 'analytical', 'sql']",0,Master's,14
48285304,Finance & Accounting,"['education', 'oracle', 'logistics', 'budgeting', 'procurement', 'operations', 'erp', 'sap', 'safety', 'accounting', 'communication', 'powerpoint', 'statistics', 'excel']",0,Master's,14
14722634,Finance & Accounting,"['vendor management', 'payroll', 'education', 'gaap', 'procurement', 'budgeting', 'accounting', 'communication', 'leadership', 'financial reporting', 'compliance', 'taxation', 'analytical', 'negotiation']",12,High School / Diploma,14
27789372,Finance & Accounting,"['payroll', 'data entry', 'education', 'budgeting', 'accounting', 'leadership', 'compliance', 'auditing', 'excel', 'strategic planning']",3,Bachelor's,10
26767199,Finance & Accounting,"['attention to detail', 'research', 'payroll', 'education', 'oracle', 'gaap', 'accounting', 'financial reporting', 'communication', 'compliance', 'auditing', 'r', 'financial analysis', 'analytical']",0,Master's,14
15891494,Finance & Accounting,"['payroll', 'data entry', 'education', 'budgeting', 'procurement', 'operations', 'quality control', 'compliance', 'time management', 'accounting', 'financial reporting', 'financial analysis', 'analytical']",0,Bachelor's,13
78229715,Finance & Accounting,"['research', 'payroll', 'education', 'c', 'operations', 'accounts receivable', 'healthcare', 'auditing', 'time management', 'accounting', 'communication', 'compliance', 'r', 'statistics', 'excel', 'analytical', 'accounts payable']",0,Bachelor's,17
22720697,Finance & Accounting,"['research', 'payroll', 'data entry', 'education', 'accounts receivable', 'accounting', 'communication', 'excel', 'accounts payable']",20,High School / Diploma,9
70541112,Finance & Accounting,"['education', 'manufacturing', 'oracle', 'budgeting', 'operations', 'gaap', 'procurement', 'supply chain', 'erp', 'sap', 'accounting', 'time management', 'financial reporting', 'compliance', 'problem solving', 'financial analysis', 'analytical', 'sql']",12,Master's,18
20705888,Finance & Accounting,"['research', 'education', 'customer service', 'crm', 'powerpoint', 'statistics', 'excel']",0,Bachelor's,7
28522529,Finance & Accounting,"['education', 'risk management', 'budgeting', 'operations', 'erp', 'compliance', 'leadership', 'accounting', 'auditing', 'financial analysis', 'excel', 'accounts payable', 'negotiation']",6,Master's,13
19147603,Finance & Accounting,"['payroll', 'education', 'procurement', 'logistics', 'auditing', 'communication', 'accounting', 'r', 'excel', 'accounts payable']",25,Bachelor's,10
11490673,Finance & Accounting,"['research', 'payroll', 'customer service', 'education', 'budgeting', 'operations', 'gaap', 'accounts receivable', 'accounting', 'leadership', 'communication', 'compliance', 'r', 'accounts payable', 'analytical', 'performance management', 'medical billing']",0,Bachelor's,17
84356308,Finance & Accounting,"['erp', 'corporate finance', 'leadership', 'ifrs', 'education', 'risk management', 'budgeting', 'auditing', 'accounting', 'project management', 'strategic planning', 'mathematics', 'financial modeling', 'gaap', 'accounts receivable', 'compliance', 'problem solving', 'excel', 'taxation', 'accounts payable', 'strategy', 'operations', 'financial reporting', 'negotiation']",16,Master's,24
91564103,Finance & Accounting,"['payroll', 'education', 'financial modeling', 'budgeting', 'gaap', 'operations', 'auditing', 'financial reporting', 'accounting', 'compliance', 'aviation', 'financial analysis', 'excel', 'accounts payable']",0,Master's,14
22622351,Finance & Accounting,"['education', 'budgeting', 'gaap', 'accounting', 'financial reporting', 'leadership', 'analytical']",19,Bachelor's,7
61634281,Finance & Accounting,"['payroll', 'customer service', 'education', 'google analytics', 'operations', 'seo', 'accounts receivable', 'photoshop', 'financial reporting', 'sem', 'social media', 'email marketing', 'account management']",0,Master's,13
24530382,Finance & Accounting,"['strategy', 'payroll', 'education', 'oracle', 'procurement', 'teamwork', 'operations', 'budgeting', 'accounting', 'leadership', 'project management', 'financial analysis']",0,Bachelor's,12
27018361,Finance & Accounting,"['education', 'adaptability', 'c', 'accounting', 'communication', 'critical thinking', 'negotiation']",9,Bachelor's,7
92524964,Finance & Accounting,"['unix', 'payroll', 'education', 'accounting', 'communication', 'leadership']",0,Master's,6
19405513,Finance & Accounting,"['research', 'financial modeling', 'education', 'oracle', 'operations', 'salesforce', 'accounting', 'time management', 'powerpoint', 'problem solving', 'excel', 'troubleshooting', 'accounts payable']",0,Bachelor's,13
17775916,Finance & Accounting,"['education', 'manufacturing', 'oracle', 'budgeting', 'operations', 'c', 'erp', 'sap', 'multitasking', 'accounting', 'communication', 'leadership', 'time management', 'presentation skills', 'negotiation']",9,Bachelor's,15
18975686,Finance & Accounting,"['education', 'customer service', 'leadership', 'communication', 'time management', 'problem solving']",20,Bachelor's,6
28758002,Finance & Accounting,"['research', 'payroll', 'education', 'c', 'budgeting', 'gaap', 'operations', 'quality control', 'compliance', 'leadership', 'communication', 'accounting', 'project management', 'taxation', 'account management']",0,Master's,15
59938965,Finance & Accounting,"['education', 'customer service', 'accounting', 'leadership', 'project management']",0,Bachelor's,5
28396458,Finance & Accounting,"['attention to detail', 'strategy', 'data entry', 'customer service', 'education', 'accounts receivable', 'compliance', 'communication', 'accounting', 'public relations', 'excel', 'accounts payable']",2,Bachelor's,12
27914096,Finance & Accounting,"['attention to detail', 'research', 'education', 'manufacturing', 'financial modeling', 'budgeting', 'operations', 'gaap', 'accounts receivable', 'accounting', 'compliance', 'communication', 'powerpoint', 'financial analysis', 'excel', 'analytical', 'strategic planning']",0,Bachelor's,17
57088974,Finance & Accounting,"['research', 'education', 'operations', 'accounting', 'financial reporting', 'time management', 'compliance', 'r', 'problem solving', 'leadership', 'auditing', 'analytical']",0,Bachelor's,12
26231609,Finance & Accounting,"['education', 'budgeting', 'tableau', 'leadership', 'financial reporting', 'accounting', 'auditing', 'financial analysis', 'excel']",0,Master's,9
20836112,Finance & Accounting,"['education', 'public speaking', 'social media', 'leadership', 'event planning', 'copywriting']",0,Bachelor's,6
28398216,Finance & Accounting,"['payroll', 'education', 'procurement', 'logistics', 'auditing', 'communication', 'accounting', 'r', 'excel', 'accounts payable']",25,Bachelor's,10
26961846,Finance & Accounting,"['education', 'procurement', 'auditing', 'financial reporting', 'accounting', 'php']",0,Bachelor's,6
37931076,Finance & Accounting,"['education', 'customer service', 'accounting', 'powerpoint', 'excel']",6,Associate's,5
16426777,Finance & Accounting,"['mathematics', 'research', 'education', 'manufacturing', 'supply chain', 'procurement', 'operations', 'budgeting', 'sap', 'corporate finance', 'compliance', 'leadership', 'financial reporting', 'powerpoint', 'excel', 'six sigma']",0,Master's,16
26750846,Finance & Accounting,"['attention to detail', 'payroll', 'education', 'budgeting', 'accounts receivable', 'accounting', 'communication', 'time management', 'leadership', 'excel', 'accounts payable', 'medical billing']",0,Master's,12
28623782,Finance & Accounting,"['strategy', 'research', 'payroll', 'customer service', 'supply chain', 'budgeting', 'procurement', 'operations', 'education', 'sap', 'accounting', 'leadership', 'compliance', 'r', 'auditing', 'financial analysis', 'accounts payable']",0,Master's,17
81677620,Finance & Accounting,"['payroll', 'education', 'oracle', 'c', 'operations', 'sap', 'corporate finance', 'auditing', 'accounting', 'compliance', 'excel', 'taxation', 'analytical', 'accounts payable', 'negotiation']",20,Master's,15
14413148,Finance & Accounting,"['payroll', 'manufacturing', 'education', 'budgeting', 'operations', 'gaap', 'accounts receivable', 'auditing', 'accounting', 'excel', 'accounts payable', 'negotiation']",3,Bachelor's,12
76454959,Finance & Accounting,"['financial modeling', 'payroll', 'oracle', 'budgeting', 'operations', 'education', 'accounting', 'financial reporting', 'leadership', 'public relations', 'powerpoint', 'excel']",0,Bachelor's,12
11441764,Finance & Accounting,"['payroll', 'manufacturing', 'supply chain', 'gaap', 'operations', 'procurement', 'logistics', 'lean manufacturing', 'accounts receivable', 'sap', 'education', 'accounting', 'financial reporting', 'compliance', 'excel', 'ifrs', 'sql']",20,Master's,17
24411323,Finance & Accounting,"['education', 'patient care', 'communication', 'leadership', 'problem solving', 'negotiation']",0,Bachelor's,6
33685988,Finance & Accounting,"['payroll', 'customer service', 'education', 'accounting', 'analytical']",0,Bachelor's,5
62850928,Finance & Accounting,"['payroll', 'education', 'budgeting', 'accounting', 'financial reporting', 'time management', 'auditing', 'compliance', 'aviation', 'financial analysis', 'analytical', 'accounts payable']",15,Bachelor's,12
34250007,Finance & Accounting,"['research', 'education', 'sap', 'accounting', 'financial reporting', 'tableau', 'statistics']",0,Master's,7
74849878,Finance & Accounting,"['research', 'education', 'customer service', 'powerpoint', 'problem solving', 'excel', 'presentation skills']",0,High School / Diploma,7
25497147,Finance & Accounting,"['payroll', 'education', 'budgeting', 'operations', 'gaap', 'accounts receivable', 'compliance', 'financial reporting', 'accounting', 'financial analysis', 'analytical', 'accounts payable']",0,Bachelor's,12
31948488,Finance & Accounting,"['payroll', 'education', 'accounts receivable', 'accounting', 'financial reporting', 'compliance', 'excel', 'accounts payable']",0,Bachelor's,8
18640927,Finance & Accounting,"['education', 'leadership', 'inventory management', 'time management', 'problem solving']",0,Bachelor's,5
77638654,Finance & Accounting,"['attention to detail', 'payroll', 'customer service', 'adaptability', 'education', 'operations', 'accounts receivable', 'safety', 'multitasking', 'accounting', 'communication', 'time management', 'critical thinking', 'project management', 'problem solving', 'accounts payable']",8,High School / Diploma,16
38441665,Finance & Accounting,"['payroll', 'education', 'oracle', 'procurement', 'operations', 'gaap', 'accounts receivable', 'accounting', 'compliance', 'analytical', 'accounts payable']",15,Bachelor's,11
18072085,Finance & Accounting,"['cc', 'payroll', 'education', 'c', 'procurement', 'budgeting', 'sap', 'accounting', 'leadership', 'auditing', 'project management', 'powerpoint', 'problem solving', 'excel', 'statistics', 'analytical']",1,High School / Diploma,16
14408510,Finance & Accounting,"['education', 'customer service', 'teamwork', 'gaap', 'salesforce', 'erp', 'sap', 'accounting', 'crm', 'auditing', 'powerpoint', 'excel', 'analytical', 'accounts payable', 'six sigma']",0,Master's,15
12858898,Finance & Accounting,"['education', 'budgeting', 'operations', 'accounting', 'financial reporting', 'excel', 'strategic planning']",0,Master's,7
24670867,Finance & Accounting,"['research', 'education', 'customer service', 'oracle', 'gaap', 'operations', 'accounts receivable', 'sap', 'accounting', 'communication', 'compliance', 'financial reporting', 'auditing', 'excel', 'taxation', 'accounts payable', 'hris']",0,Master's,17
29648950,Finance & Accounting,"['leadership', 'education', 'customer service', 'mentoring']",2,Bachelor's,4
27330027,Finance & Accounting,"['financial modeling', 'education', 'teaching', 'sap', 'accounting', 'auditing', 'financial reporting', 'project management', 'business intelligence', 'statistics', 'excel', 'analytical']",0,Master's,12
17880988,Finance & Accounting,"['strategy', 'research', 'education', 'financial modeling', 'budgeting', 'operations', 'salesforce', 'accounting', 'inventory management', 'communication', 'leadership', 'auditing', 'crm', 'excel', 'performance management']",0,Master's,15
15011085,Finance & Accounting,"['customer service', 'manufacturing', 'erp', 'data warehouse', 'leadership', 'six sigma', 'education', 'risk management', 'budgeting', 'sap', 'accounting', 'analytical', 'strategic planning', 'research', 'payroll', 'oracle', 'logistics', 'communication', 'powerpoint', 'operations', 'financial reporting']",12,Master's,21
20977412,Finance & Accounting,"['vba', 'research', 'education', 'manufacturing', 'customer service', 'budgeting', 'operations', 'accounting', 'communication', 'compliance', 'powerpoint', 'excel', 'sql']",0,Master's,13
26013403,Finance & Accounting,"['strategy', 'education', 'customer service', 'operations', 'content marketing', 'equities', 'conflict resolution', 'accounting', 'leadership', 'compliance', 'project management', 'legal research', 'excel', 'workday', 'sql']",0,High School / Diploma,15
84373843,Finance & Accounting,"['education', 'customer service', 'oracle', 'accounts receivable', 'accounting', 'time management', 'compliance', 'excel', 'analytical', 'critical thinking']",4,High School / Diploma,10
21912637,Finance & Accounting,"['attention to detail', 'payroll', 'data entry', 'education', 'procurement', 'operations', 'quality control', 'accounting', 'communication', 'time management', 'compliance', 'project management', 'public relations', 'financial reporting', 'excel', 'accounts payable']",0,Master's,16
14181049,Finance & Accounting,"['vba', 'manufacturing', 'erp', 'data warehouse', 'healthcare', 'leadership', 'financial analysis', 'education', 'budgeting', 'sap', 'accounting', 'project management', 'analytical', 'payroll', 'oracle', 'supply chain', 'compliance', 'communication', 'powerpoint', 'excel', 'operations', 'salesforce', 'financial reporting', 'sql']",0,Master's,24
29998869,Finance & Accounting,"['strategy', 'education', 'customer service', 'budgeting', 'operations', 'data warehouse', 'accounting', 'leadership', 'r', 'critical thinking', 'strategic planning']",0,Master's,11
18024825,Finance & Accounting,"['vba', 'research', 'financial modeling', 'education', 'c', 'accounting', 'communication', 'r', 'project management', 'problem solving', 'analytical', 'critical thinking', 'sql']",0,PhD,13
28973180,Finance & Accounting,"['education', 'operations', 'photoshop', 'safety', 'communication', 'civil engineering', 'autocad']",3,Master's,7
23573064,Finance & Accounting,"['research', 'education', 'risk management', 'recruitment', 'budgeting', 'operations', 'quality control', 'teaching', 'compliance', 'communication', 'leadership', 'accounting', 'project management', 'civil engineering', 'negotiation']",0,Master's,15
10549585,Finance & Accounting,"['research', 'education', 'customer service', 'c', 'procurement', 'operations', 'quality control', 'leadership', 'communication', 'java', 'problem solving', 'analytical', 'technical support', 'negotiation']",0,Bachelor's,14
23354541,Finance & Accounting,"['education', 'accounting', 'compliance', 'problem solving', 'excel']",0,Master's,5
29494962,Finance & Accounting,"['payroll', 'customer service', 'c', 'education', 'operations', 'rehabilitation', 'safety', 'accounting', 'time management', 'social media', 'communication', 'powerpoint']",0,Master's,12
81217013,Finance & Accounting,"['payroll', 'risk management', 'manufacturing', 'budgeting', 'operations', 'procurement', 'education', 'healthcare', 'accounting', 'time management', 'leadership', 'communication', 'project management', 'financial reporting', 'excel', 'employee relations', 'analytical', 'accounts payable']",5,Master's,18
39675895,Finance & Accounting,"['strategy', 'education', 'leadership', 'communication', 'project management', 'financial analysis', 'excel', 'employee relations', 'analytical', 'strategic planning']",0,Master's,10
12071138,Finance & Accounting,"['payroll', 'customer service', 'education', 'operations', 'accounts receivable', 'accounting', 'financial reporting', 'compliance', 'project management', 'financial analysis', 'excel', 'mentoring', 'accounts payable', 'analytical', 'strategic planning']",0,Master's,15
25330083,Finance & Accounting,"['attention to detail', 'research', 'education', 'customer service', 'budgeting', 'procurement', 'operations', 'sap', 'accounting', 'financial reporting', 'time management', 'compliance', 'problem solving', 'financial analysis', 'excel', 'analytical', 'accounts payable', 'strategic planning']",0,Master's,18
69487178,Finance & Accounting,"['research', 'payroll', 'customer service', 'education', 'budgeting', 'technical support', 'safety', 'accounting', 'communication', 'financial reporting', 'compliance', 'project management', 'public relations', 'accounts payable']",0,Master's,14
86595128,Finance & Accounting,"['strategy', 'payroll', 'risk management', 'education', 'gaap', 'operations', 'accounting', 'leadership', 'communication', 'social media', 'project management', 'hospitality']",3,Master's,12
74512244,Finance & Accounting,"['strategy', 'research', 'payroll', 'customer service', 'oracle', 'logistics', 'operations', 'education', 'accounting', 'communication', 'time management', 'leadership', 'problem solving', 'excel', 'analytical']",0,Master's,15
25678238,Finance & Accounting,"['payroll', 'education', 'budgeting', 'operations', 'procurement', 'accounts receivable', 'accounting', 'leadership', 'communication', 'project management', 'excel', 'accounts payable', 'account management']",0,Master's,13
38907798,Finance & Accounting,"['strategy', 'research', 'education', 'manufacturing', 'procurement', 'accounts receivable', 'sap', 'corporate finance', 'accounting', 'financial reporting', 'public relations', 'auditing', 'powerpoint', 'excel', 'financial analysis', 'accounts payable']",8,Master's,16
58165257,Finance & Accounting,"['strategy', 'research', 'education', 'c', 'sap', 'accounting', 'financial reporting', 'bloomberg', 'leadership', 'business intelligence', 'analytical']",0,Bachelor's,11
93653247,Finance & Accounting,"['strategy', 'stakeholder management', 'financial modeling', 'manufacturing', 'supply chain', 'logistics', 'operations', 'education', 'compliance', 'communication', 'leadership', 'accounting', 'project management', 'financial analysis', 'strategic planning']",0,Master's,15
29612672,Finance & Accounting,"['education', 'c', 'compliance', 'time management', 'accounting', 'excel', 'critical thinking']",12,Master's,7
66741193,Finance & Accounting,"['education', 'oracle', 'budgeting', 'procurement', 'logistics', 'operations', 'quality control', 'sap', 'accounting', 'leadership', 'financial reporting', 'r', 'statistics', 'powerpoint', 'financial analysis', 'excel', 'strategic planning']",0,Master's,17
24553863,Finance & Accounting,"['manufacturing', 'erp', 'leadership', 'education', 'risk management', 'budgeting', 'sap', 'accounting', 'project management', 'supply chain', 'logistics', 'procurement', 'compliance', 'communication', 'social media', 'strategy', 'operations', 'inventory management', 'business intelligence']",1,High School / Diploma,19
16449850,Finance & Accounting,"['strategy', 'education', 'customer service', 'budgeting', 'gaap', 'operations', 'accounting', 'financial reporting', 'hospitality']",0,Bachelor's,9
47410104,Finance & Accounting,"['payroll', 'education', 'oracle', 'budgeting', 'operations', 'quality control', 'erp', 'compliance', 'auditing', 'financial reporting', 'inventory management', 'project management', 'statistics']",0,Master's,13
38225199,Finance & Accounting,"['research', 'education', 'c', 'operations', 'quality control', 'accounts receivable', 'leadership', 'communication', 'excel', 'accounts payable']",0,High School / Diploma,10
14106638,Finance & Accounting,"['payroll', 'risk management', 'manufacturing', 'gaap', 'operations', 'education', 'recruitment', 'corporate finance', 'healthcare', 'accounting', 'financial reporting', 'compliance', 'accounts payable']",5,Bachelor's,13
19243556,Finance & Accounting,"['payroll', 'education', 'oracle', 'operations', 'accounts receivable', 'compliance', 'financial reporting', 'accounting', 'leadership', 'excel', 'financial analysis', 'accounts payable']",25,High School / Diploma,12
20880935,Finance & Accounting,"['education', 'operations', 'strategic planning', 'compliance', 'employee relations', 'account management']",0,Bachelor's,6
95519832,Finance & Accounting,"['education', 'customer service', 'c', 'operations', 'accounting', 'mentoring']",0,Bachelor's,6
39295103,Finance & Accounting,"['strategy', 'education', 'customer service', 'operations', 'accounting', 'communication', 'time management', 'excel', 'critical thinking']",25,Bachelor's,9
25101183,Finance & Accounting,"['strategy', 'stakeholder management', 'financial modeling', 'manufacturing', 'supply chain', 'logistics', 'operations', 'education', 'compliance', 'communication', 'leadership', 'accounting', 'project management', 'financial analysis', 'pmp', 'six sigma', 'strategic planning']",0,Master's,17
88038965,Finance & Accounting,"['strategy', 'payroll', 'education', 'operations', 'accounting', 'leadership', 'financial analysis']",2,Bachelor's,7
17392859,Finance & Accounting,"['research', 'data entry', 'education', 'oracle', 'budgeting', 'operations', 'equities', 'quality control', 'sap', 'accounting', 'financial reporting', 'bloomberg', 'powerpoint', 'excel', 'analytical']",0,Master's,15
20969845,Finance & Accounting,"['education', 'risk management', 'html', 'procurement', 'teaching', 'photoshop', 'accounting', 'time management', 'communication', 'r', 'powerpoint', 'excel']",5,Master's,12
20275356,Finance & Accounting,"['payroll', 'education', 'oracle', 'budgeting', 'operations', 'accounting', 'leadership', 'powerpoint', 'excel', 'analytical']",0,Bachelor's,10
59818742,Finance & Accounting,"['research', 'education', 'manufacturing', 'c', 'erp', 'compliance', 'auditing', 'time management', 'accounting', 'portfolio management', 'problem solving', 'inventory management', 'taxation', 'analytical', 'accounts payable']",1,Master's,15
72136463,Finance & Accounting,"['research', 'payroll', 'customer service', 'education', 'budgeting', 'operations', 'logistics', 'accounts receivable', 'photoshop', 'accounting', 'time management', 'communication', 'illustrator', 'project management', 'excel', 'graphic design', 'accounts payable']",0,Master's,17
98513424,Finance & Accounting,"['strategy', 'education', 'manufacturing', 'oracle', 'logistics', 'operations', 'sap', 'accounting', 'communication', 'leadership', 'r']",0,Master's,11
15717923,Finance & Accounting,"['education', 'procurement', 'logistics', 'erp', 'sap', 'communication', 'excel', 'analytical', 'accounts payable']",5,Master's,9
24833063,Finance & Accounting,"['manufacturing', 'erp', 'leadership', 'financial analysis', 'ifrs', 'education', 'budgeting', 'safety', 'sap', 'hvac', 'accounting', 'analytical', 'strategic planning', 'payroll', 'oracle', 'gaap', 'supply chain', 'compliance', 'time management', 'excel', 'taxation', 'accounts payable', 'strategy', 'operations', 'inventory management', 'financial reporting']",2,Master's,26
15792052,Finance & Accounting,"['attention to detail', 'research', 'data entry', 'customer service', 'education', 'teamwork', 'payroll', 'auditing', 'communication', 'accounting', 'compliance', 'analytical', 'account management']",0,Bachelor's,13
59450123,Finance & Accounting,"['education', 'budgeting', 'operations', 'accounting', 'time management', 'business intelligence', 'financial analysis', 'excel', 'accounts payable', 'strategic planning']",2,Master's,10
24611721,Finance & Accounting,"['vendor management', 'payroll', 'customer service', 'recruitment', 'education', 'operations', 'conflict resolution', 'accounts receivable', 'accounting', 'excel', 'employee relations', 'accounts payable']",0,Master's,12
15224503,Finance & Accounting,"['research', 'payroll', 'education', 'accounting', 'litigation', 'compliance', 'powerpoint', 'wealth management', 'excel']",0,Master's,9
27409087,Finance & Accounting,"['research', 'payroll', 'data entry', 'education', 'gaap', 'operations', 'accounts receivable', 'erp', 'sap', 'teaching', 'accounting', 'financial reporting', 'time management', 'compliance', 'auditing', 'financial analysis', 'ifrs', 'accounts payable']",0,High School / Diploma,18
20918464,Finance & Accounting,"['data entry', 'payroll', 'education', 'adaptability', 'erp', 'accounting', 'communication', 'auditing', 'excel']",1,Master's,9
19540089,Finance & Accounting,"['attention to detail', 'manufacturing', 'leadership', 'financial analysis', 'six sigma', 'education', 'adaptability', 'budgeting', 'hvac', 'accounting', 'project management', 'analytical', 'strategic planning', 'supply chain', 'gaap', 'oracle', 'logistics', 'compliance', 'communication', 'operations', 'financial reporting']",0,Master's,21
28724469,Finance & Accounting,"['payroll', 'customer service', 'education', 'budgeting', 'operations', 'accounts receivable', 'accounting', 'accounts payable', 'compliance', 'critical thinking']",0,Bachelor's,10
18636651,Finance & Accounting,"['strategy', 'education', 'risk management', 'recruitment', 'budgeting', 'operations', 'salesforce', 'erp', 'accounting', 'financial reporting', 'leadership', 'compliance', 'analytical', 'performance management', 'negotiation', 'strategic planning']",3,Master's,16
59777056,Finance & Accounting,"['research', 'data entry', 'education', 'html', 'operations', 'quality control', 'erp', 'photoshop', 'accounting', 'time management', 'compliance', 'communication', 'powerpoint', 'excel', 'strategic planning']",0,Master's,15
22492537,Finance & Accounting,"['research', 'payroll', 'education', 'c', 'budgeting', 'operations', 'salesforce', 'accounts receivable', 'accounting', 'inventory management', 'auditing', 'communication', 'excel', 'analytical', 'accounts payable']",12,High School / Diploma,15
24967652,Finance & Accounting,"['payroll', 'customer service', 'education', 'technical support', 'operations', 'compliance', 'communication', 'restaurant management', 'accounts payable']",0,Bachelor's,9
24533931,Sales & Retail,"['time management', 'communication', 'adaptability', 'education']",0,Bachelor's,4
21807211,Sales & Retail,"['data entry', 'adaptability', 'customer service', 'logistics', 'c', 'education', 'quality control', 'instructional design', 'sap', 'compliance', 'communication', 'powerpoint', 'excel', 'event planning']",0,High School / Diploma,14
71767359,Sales & Retail,"['strategy', 'research', 'education', 'teaching', 'leadership', 'illustrator', 'communication', 'powerpoint', 'excel']",0,Master's,9
27694040,Sales & Retail,"['education', 'quality control', 'photoshop', 'multitasking', 'compliance']",0,Bachelor's,5
15535408,Sales & Retail,"['communication', 'education', 'customer service']",4,High School / Diploma,3
13386301,Sales & Retail,"['education', 'manufacturing', 'recruitment', 'teamwork', 'client retention', 'leadership', 'problem solving', 'excel']",5,Bachelor's,8
27091280,Sales & Retail,"['education', 'payroll', 'customer service', 'recruitment', 'leadership', 'accounts payable']",15,Bachelor's,6
14413257,Sales & Retail,"['mathematics', 'research', 'education', 'html', 'ux', 'photoshop', 'maya', 'communication', 'illustrator', 'css', 'statistics', 'problem solving', 'powerpoint', 'excel', 'graphic design', 'php']",0,Bachelor's,16
11677077,Sales & Retail,"['education', 'customer service', 'time management', 'communication', 'mentoring']",0,Master's,5
29521434,Sales & Retail,"['education', 'adaptability', 'conflict resolution', 'time management', 'leadership', 'problem solving', 'critical thinking']",0,Bachelor's,7
50324968,Sales & Retail,"['education', 'customer service', 'html', 'accounting', 'communication', 'css', 'statistics', 'powerpoint', 'surgery', 'excel']",0,Bachelor's,10
13764840,Sales & Retail,"['education', 'time management', 'powerpoint', 'excel', 'analytical']",0,High School / Diploma,5
19070271,Sales & Retail,"['education', 'logistics', 'operations', 'safety', 'communication', 'troubleshooting']",7,Master's,6
56151548,Sales & Retail,"['education', 'payroll', 'recruitment', 'conflict resolution', 'compliance', 'leadership', 'hipaa', 'special education']",0,High School / Diploma,8
16391949,Sales & Retail,"['education', 'customer service', 'conflict resolution', 'safety', 'communication']",0,High School / Diploma,5
13418452,Sales & Retail,"['unix', 'education', 'procurement', 'operations', 'sap', 'compliance', 'leadership', 'ticketing system', 'troubleshooting']",15,Bachelor's,9
27099856,Sales & Retail,"['education', 'operations', 'quality control', 'communication', 'public relations', 'inventory management', 'illustrator', 'accounts payable', 'negotiation']",0,High School / Diploma,9
26046878,Sales & Retail,"['education', 'customer service', 'operations', 'safety', 'leadership', 'r']",0,Master's,6
35121930,Sales & Retail,"['education', 'manufacturing', 'safety']",0,Bachelor's,3
10182582,Sales & Retail,"['customer service', 'education', 'multitasking', 'excel']",0,Master's,4
12669075,Sales & Retail,"['attention to detail', 'education', 'customer service', 'logistics', 'operations', 'budgeting', 'quality control', 'accounting', 'communication', 'inventory management', 'compliance', 'project management', 'business intelligence', 'excel', 'accounts payable']",0,Master's,15
16915389,Sales & Retail,"['research', 'education', 'operations', 'quality control', 'leadership', 'communication']",0,Bachelor's,6
12668625,Sales & Retail,"['education', 'customer service', 'teaching', 'communication', 'time management']",0,Master's,5
14698557,Sales & Retail,"['attention to detail', 'payroll', 'customer service', 'education', 'oracle', 'operations', 'communication', 'inventory management']",0,Master's,8
27549075,Sales & Retail,"['payroll', 'customer service', 'education', 'budgeting', 'operations', 'accounts receivable', 'compliance', 'communication', 'public relations', 'problem solving', 'excel']",0,High School / Diploma,11
31225895,Sales & Retail,"['data entry', 'customer service', 'education', 'public speaking', 'communication', 'statistics', 'problem solving', 'nursing']",0,High School / Diploma,8
15479281,Sales & Retail,"['strategy', 'research', 'education', 'customer service', 'google analytics', 'seo', 'social media', 'public relations', 'media relations']",0,Bachelor's,9
26691587,Sales & Retail,"['cpr', 'education', 'customer service', 'robotics', 'multitasking', 'communication', 'leadership', 'analytical']",4,High School / Diploma,8
11232471,Sales & Retail,"['customer service', 'education', 'problem solving']",0,High School / Diploma,3
21007083,Sales & Retail,"['education', 'c', 'photoshop', 'communication', 'problem solving']",0,High School / Diploma,5
20905088,Sales & Retail,"['education', 'manufacturing', 'supply chain', 'budgeting', 'teamwork', 'logistics', 'lean manufacturing', 'quality control', 'safety', 'time management', 'r', 'project management', 'excel', 'negotiation']",0,Master's,14
16723524,Sales & Retail,"['ppc', 'education', 'manufacturing', 'c', 'procurement', 'supply chain', 'quality control', 'sap', 'powerpoint', 'excel', 'analytical']",0,Master's,11
14937492,Sales & Retail,"['research', 'payroll', 'customer service', 'education', 'operations', 'compliance', 'leadership', 'social media', 'excel']",0,Bachelor's,9
72807293,Sales & Retail,"['vendor management', 'payroll', 'customer service', 'education', 'logistics', 'teamwork', 'compliance', 'time management', 'corporate law', 'strategic planning']",0,High School / Diploma,10
30344127,Sales & Retail,"['education', 'manufacturing', 'operations', 'lean manufacturing', 'tableau', 'communication', 'leadership', 'r', 'powerpoint', 'statistics', 'excel', 'six sigma']",5,Bachelor's,12
23719943,Sales & Retail,"['cc', 'education', 'photoshop', 'time management', 'illustrator', 'communication', 'excel', 'graphic design', 'presentation skills', 'negotiation']",10,High School / Diploma,10
58208591,Sales & Retail,"['attention to detail', 'medical terminology', 'education', 'customer service', 'operations', 'patient care', 'teaching', 'compliance', 'communication', 'leadership', 'accounting', 'powerpoint', 'excel']",0,Bachelor's,13
15154822,Sales & Retail,"['strategy', 'education', 'operations', 'quality control', 'photoshop', 'leadership', 'communication', 'social media', 'problem solving']",15,Bachelor's,9
46514339,Sales & Retail,"['education', 'payroll', 'customer service', 'recruitment', 'accounting', 'communication']",0,Bachelor's,6
11409460,Sales & Retail,"['strategy', 'research', 'education', 'supply chain', 'logistics', 'operations', 'procurement', 'erp', 'leadership', 'matlab', 'analytical']",0,Master's,11
99806115,Sales & Retail,"['education', 'customer service', 'operations', 'safety', 'compliance', 'leadership', 'event planning', 'mentoring']",0,High School / Diploma,8
29640922,Sales & Retail,"['research', 'data entry', 'manufacturing', 'education', 'photoshop', 'leadership', 'illustrator', 'gis', 'powerpoint', 'project management', 'time management', 'excel']",0,High School / Diploma,12
12860543,Sales & Retail,"['research', 'education', 'photoshop', 'illustrator', 'powerpoint', 'project management', 'excel']",0,Master's,7
29764492,Sales & Retail,"['education', 'teamwork', 'photoshop', 'illustrator', 'animation']",10,Bachelor's,5
91533580,Sales & Retail,"['payroll', 'customer service', 'education', 'operations', 'accounting', 'communication', 'leadership']",0,Bachelor's,7
13807808,Sales & Retail,"['project management', 'education', 'budgeting']",0,Bachelor's,3
16605640,Sales & Retail,"['payroll', 'education', 'customer service', 'operations', 'compliance', 'accounting', 'mentoring']",0,Bachelor's,7
17714174,Sales & Retail,"['research', 'cold calling', 'customer service', 'education', 'operations', 'salesforce', 'client retention', 'compliance', 'communication', 'social media', 'powerpoint', 'problem solving', 'excel', 'nursing']",13,Master's,14
28998957,Sales & Retail,"['unix', 'research', 'education', 'supply chain', 'google analytics', 'operations', 'data mining', 'sap', 'compliance', 'crm', 'business intelligence', 'excel', 'sql']",0,Master's,13
71499299,Sales & Retail,"['payroll', 'customer service', 'education', 'compliance', 'time management', 'powerpoint', 'accounts payable']",14,Bachelor's,7
30430249,Sales & Retail,"['attention to detail', 'education', 'customer service', 'logistics', 'operations', 'safety', 'compliance', 'communication', 'inventory management', 'accounting', 'excel']",0,Master's,11
10876132,Sales & Retail,"['cold calling', 'education', 'operations', 'communication', 'excel', 'event planning', 'analytical']",0,Master's,7
18509268,Sales & Retail,"['payroll', 'customer service', 'education', 'operations', 'compliance', 'hospitality']",0,Bachelor's,6
35571205,Sales & Retail,"['education', 'logistics', 'operations', 'safety', 'onboarding', 'communication']",0,High School / Diploma,6
23190306,Sales & Retail,"['payroll', 'customer service', 'recruitment', 'education', 'operations', 'leadership', 'excel', 'mentoring']",0,High School / Diploma,8
29028935,Sales & Retail,"['research', 'data entry', 'customer service', 'payroll', 'recruitment', 'operations', 'education', 'accounting', 'leadership', 'communication', 'hospitality', 'excel', 'employee relations', 'hris']",0,Bachelor's,14
12059610,Sales & Retail,"['education', 'customer service', 'operations', 'safety', 'communication']",0,High School / Diploma,5
26829561,Sales & Retail,"['education', 'manufacturing', 'customer service', 'procurement', 'operations', 'logistics', 'lean manufacturing', 'quality control', 'erp', 'safety', 'crm', 'r', 'project management']",0,Master's,13
78273826,Sales & Retail,"['education', 'manufacturing', 'operations', 'quality control', 'photoshop', 'communication', 'illustrator', 'excel']",0,High School / Diploma,8
27176039,Sales & Retail,"['attention to detail', 'education', 'customer service', 'c', 'teamwork', 'operations', 'payroll', 'quality control', 'safety', 'compliance', 'leadership', 'communication', 'inventory management', 'project management', 'problem solving', 'business intelligence', 'troubleshooting', 'analytical']",0,Bachelor's,18
22249155,Sales & Retail,"['education', 'customer service', 'medical billing']",0,High School / Diploma,3
25142074,Sales & Retail,"['education', 'customer service', 'communication', 'social media', 'graphic design']",0,Bachelor's,5
19402977,Sales & Retail,"['communication', 'education', 'customer service']",0,Bachelor's,3
13858219,Sales & Retail,"['leadership', 'education', 'customer service', 'operations']",13,High School / Diploma,4
15746146,Sales & Retail,"['attention to detail', 'strategy', 'research', 'education', 'communication']",0,High School / Diploma,5
17659053,Sales & Retail,"['attention to detail', 'research', 'data entry', 'customer service', 'payroll', 'education', 'compliance', 'communication', 'time management', 'accounting', 'leadership', 'excel']",2,Master's,12
26586477,Sales & Retail,"['vendor management', 'strategy', 'education', 'customer service', 'sap', 'onboarding', 'communication', 'inventory management', 'time management', 'leadership', 'analytical', 'negotiation']",15,High School / Diploma,12
37750854,Sales & Retail,"['education', 'customer service', 'seo', 'ux', 'inventory management', 'sem', 'email marketing', 'account management']",0,High School / Diploma,8
33665485,Sales & Retail,"['strategy', 'education', 'operations', 'quality control', 'leadership', 'project management', 'problem solving', 'negotiation']",0,High School / Diploma,8
26098594,Sales & Retail,"['research', 'education', 'operations', 'leadership', 'litigation', 'communication', 'legal research']",25,High School / Diploma,7
91026230,Sales & Retail,"['cpr', 'facebook ads', 'research', 'education', 'payroll', 'risk management', 'google analytics', 'budgeting', 'operations', 'customer service', 'safety', 'teaching', 'social media', 'leadership', 'powerpoint', 'statistics', 'excel']",0,Master's,17
16985289,Sales & Retail,"['strategy', 'research', 'education', 'google analytics', 'react', 'seo', 'social media', 'communication', 'illustrator', 'powerpoint', 'leadership', 'excel']",0,Master's,12
54308684,Sales & Retail,"['attention to detail', 'research', 'data entry', 'customer service', 'c', 'education', 'operations', 'compliance', 'communication', 'leadership', 'excel']",0,Master's,11
10562768,Sales & Retail,"['cpr', 'research', 'payroll', 'customer service', 'education', 'operations', 'accounts receivable', 'communication', 'bloomberg', 'leadership', 'analytical', 'accounts payable']",0,Master's,12
41586420,Sales & Retail,"['vendor management', 'education', 'customer service', 'c', 'logistics', 'communication', 'excel']",0,Master's,7
21570485,Sales & Retail,"['medical terminology', 'education', 'risk management', 'logistics', 'operations', 'procurement', 'rehabilitation', 'compliance', 'inventory management', 'communication', 'public speaking', 'powerpoint', 'emr', 'hipaa', 'excel', 'technical support']",0,Master's,16
12122372,Sales & Retail,"['research', 'education', 'customer service', 'social media', 'communication', 'leadership', 'project management', 'problem solving', 'critical thinking']",0,High School / Diploma,9
14304010,Sales & Retail,"['research', 'education', 'budgeting', 'brand management', 'communication']",0,Bachelor's,5
36136569,Sales & Retail,"['education', 'customer service', 'manufacturing', 'operations', 'time management', 'communication', 'project management']",0,Bachelor's,7
35603950,Sales & Retail,"['payroll', 'education', 'html', 'recruitment', 'operations', 'budgeting', 'safety', 'powerpoint', 'problem solving', 'excel', 'analytical']",0,Bachelor's,11
52252936,Sales & Retail,"['cpr', 'data entry', 'payroll', 'customer service', 'education', 'operations', 'bls', 'communication', 'time management', 'problem solving', 'excel', 'employee relations', 'analytical', 'accounts payable']",0,Master's,14
70750649,Sales & Retail,"['strategy', 'education', 'photoshop', 'social media', 'public relations', 'media relations', 'hospitality', 'powerpoint', 'excel', 'event planning', 'strategic planning']",7,High School / Diploma,11
43852883,Sales & Retail,"['attention to detail', 'payroll', 'customer service', 'c', 'data entry', 'education', 'photoshop', 'compliance', 'accounting', 'illustrator', 'r', 'powerpoint', 'problem solving', 'excel', 'troubleshooting']",0,Master's,15
31761591,Sales & Retail,"['strategy', 'education', 'customer service', 'operations', 'communication', 'powerpoint', 'problem solving', 'excel', 'strategic planning']",0,High School / Diploma,9
31362807,Sales & Retail,"['cpr', 'payroll', 'customer service', 'education', 'teaching', 'communication', 'excel']",0,High School / Diploma,7
24516163,Sales & Retail,"['communication', 'photoshop', 'powerpoint', 'excel']",0,Master's,4
20504094,Sales & Retail,"['payroll', 'customer service', 'data entry', 'education', 'operations', 'compliance', 'inventory management', 'leadership', 'r', 'accounting', 'event planning', 'accounts payable']",0,Master's,12
24989856,Sales & Retail,"['data entry', 'education', 'art direction', 'public relations', 'project management', 'troubleshooting']",0,Bachelor's,6
16500168,Sales & Retail,"['education', 'customer service', 'adaptability', 'teaching', 'multitasking', 'communication', 'excel']",0,High School / Diploma,7
35985133,Sales & Retail,"['payroll', 'education', 'budgeting', 'accounts receivable', 'accounting', 'communication', 'social media', 'r', 'excel', 'analytical']",0,Master's,10
22852364,Sales & Retail,"['strategy', 'education', 'risk management', 'oracle', 'supply chain', 'accounts receivable', 'healthcare', 'compliance', 'leadership', 'auditing', 'accounts payable']",0,Master's,11
83566455,Sales & Retail,"['research', 'education', 'customer service', 'c', 'operations', 'erp', 'compliance']",0,Master's,7
10738095,Sales & Retail,"['data entry', 'customer service', 'c', 'client retention', 'powerpoint', 'problem solving', 'wealth management', 'excel', 'critical thinking', 'account management']",0,Bachelor's,10
36094883,Sales & Retail,"['education', 'customer service', 'auditing', 'communication', 'leadership', 'excel', 'negotiation']",0,High School / Diploma,7
19714635,Sales & Retail,"['research', 'education', 'manufacturing', 'budgeting', 'operations', 'quality control', 'social media', 'leadership', 'public relations', 'r', 'event planning', 'strategic planning']",0,Bachelor's,12
56025640,Sales & Retail,"['cold calling', 'education', 'customer service', 'manufacturing', 'c', 'operations', 'teamwork', 'safety', 'compliance', 'project management', 'problem solving', 'excel', 'negotiation', 'account management']",0,High School / Diploma,14
25543217,Sales & Retail,"['payroll', 'data entry', 'customer service', 'education', 'accounts receivable', 'accounting', 'time management', 'compliance', 'r', 'legal research', 'nursing', 'analytical', 'accounts payable']",0,High School / Diploma,13
14206561,Engineering,"['education', 'manufacturing', 'oracle', 'logistics', 'operations', 'safety', 'powerpoint', 'excel']",0,Master's,8
15139979,Engineering,"['education', 'manufacturing', 'operations', 'safety', 'compliance', 'leadership', 'time management', 'project management', 'problem solving', 'mentoring', 'critical thinking']",20,Master's,11
44624796,Engineering,"['education', 'safety', 'hvac', 'compliance', 'communication', 'project management', 'excel', 'analytical']",25,Bachelor's,8
54227873,Engineering,"['education', 'c', 'html', 'leadership', 'java', 'python', 'powerpoint', 'problem solving', 'excel', 'autocad', 'linux']",0,Master's,11
28005884,Engineering,"['education', 'construction management', 'compliance', 'civil engineering', 'autocad']",2,High School / Diploma,5
82246962,Engineering,"['mathematics', 'unix', 'education', 'manufacturing', 'lean manufacturing', 'compliance', 'communication', 'kanban', 'python', 'six sigma', 'r', 'shell', 'troubleshooting', 'linux', 'technical support', 'sql']",10,Bachelor's,16
13149176,Engineering,"['solidworks', 'research', 'manufacturing', 'education', 'safety', 'time management', 'inventory management', 'r', 'troubleshooting', 'technical support']",0,Bachelor's,10
12022566,Engineering,"['research', 'education', 'manufacturing', 'supply chain', 'c', 'logistics', 'operations', 'lean manufacturing', 'engineering design', 'healthcare', 'r', 'gis', 'project management', 'thermodynamics', 'six sigma', 'strategic planning']",0,Master's,16
20981299,Engineering,"['education', 'manufacturing', 'c', 'anatomy', 'lean manufacturing', 'safety', 'ansys', 'kanban', 'r', 'project management', 'autocad', 'catia', 'six sigma']",0,Master's,13
25919149,Engineering,"['education', 'manufacturing', 'technical support', 'multitasking', 'compliance', 'r', 'problem solving', 'troubleshooting', 'critical thinking']",4,Bachelor's,9
86828820,Engineering,"['education', 'manufacturing', 'procurement', 'mentoring', 'lean manufacturing', 'safety', 'compliance', 'communication', 'project management', 'autocad', 'analytical', 'technical support']",0,Master's,12
28320387,Engineering,"['solidworks', 'education', 'customer service', 'risk management', 'logistics', 'operations', 'quality control', 'safety', 'leadership', 'communication', 'mentoring']",4,Bachelor's,11
27756469,Engineering,"['attention to detail', 'aerospace engineering', 'research', 'education', 'mentoring', 'erp', 'accounting', 'leadership', 'problem solving', 'excel', 'troubleshooting', 'matlab', 'analytical']",5,Master's,13
14049846,Engineering,"['research', 'education', 'manufacturing', 'operations', 'quality control', 'lean manufacturing', 'safety', 'r', 'statistics', 'troubleshooting']",0,Master's,10
43752620,Engineering,"['education', 'manufacturing', 'c', 'fluid mechanics', 'ansys', 'spark', 'autocad', 'catia', 'matlab', 'thermodynamics']",0,Master's,10
74236636,Engineering,"['education', 'safety', 'compliance', 'communication', 'civil engineering', 'excel', 'autocad', 'pmp']",0,Bachelor's,8
47549345,Engineering,"['research', 'education', 'robotics', 'c', 'teaching', 'scada', 'autocad', 'plc programming', 'matlab']",0,Master's,9
28505854,Engineering,"['unix', 'cc', 'tensorflow', 'education', 'c', 'computer vision', 'java', 'scrum', 'leadership', 'linux', 'matlab', 'mentoring', 'machine learning']",0,Master's,13
38535335,Engineering,"['r', 'education', 'sap', 'excel']",0,Bachelor's,4
25608963,Engineering,"['research', 'data entry', 'manufacturing', 'c', 'education', 'operations', 'lean manufacturing', 'erp', 'safety', 'compliance', 'leadership', 'communication', 'r', 'excel', 'troubleshooting']",8,High School / Diploma,15
24647794,Engineering,"['research', 'solidworks', 'robotics', 'c', 'logistics', 'data entry', 'education', 'communication', 'leadership', 'autocad', 'project management', 'troubleshooting', 'mechanical design', 'matlab', 'analytical']",0,Master's,15
16803215,Engineering,"['attention to detail', 'education', 'operations', 'safety', 'compliance', 'communication', 'time management', 'java', 'critical thinking']",20,High School / Diploma,9
37335325,Engineering,"['education', 'c', 'compliance', 'java', 'scrum', 'linux', 'jenkins']",20,Master's,7
81125166,Engineering,"['research', 'education', 'customer service', 'manufacturing', 'procurement', 'quality control', 'lean manufacturing', 'kanban', 'project management', 'problem solving', 'excel', 'autocad', 'technical support']",0,Master's,13
32081266,Engineering,"['strategy', 'research', 'education', 'manufacturing', 'oracle', 'logistics', 'leadership', 'communication', 'business intelligence', 'problem solving', 'project management', 'excel', 'technical support', 'sql', 'strategic planning']",0,Master's,15
25797445,Engineering,"['education', 'robotics', 'safety', 'communication', 'powerpoint', 'project management', 'excel', 'troubleshooting', 'catia']",0,Master's,9
28831378,Engineering,"['education', 'manufacturing', 'safety', 'public relations', 'troubleshooting', 'analytical']",0,Bachelor's,6
50328713,Engineering,"['engineering design', 'pandas', 'leadership', 'scikit-learn', 'unix', 'seaborn', 'education', 'r', 'linux', 'analytical', 'bash', 'c', 'matplotlib', 'sem', 'python', 'xgboost', 'tensorflow', 'operations', 'matlab', 'machine learning', 'sql']",0,PhD,21
27040860,Engineering,"['attention to detail', 'data entry', 'customer service', 'education', 'logistics', 'sap', 'multitasking', 'communication', 'time management', 'excel', 'event planning']",10,Bachelor's,11
21807224,Engineering,"['aws', 'education', 'manufacturing', 'lean manufacturing', 'safety', 'six sigma']",20,Bachelor's,6
17926546,Engineering,"['education', 'robotics', 'manufacturing', 'engineering design', 'triage', 'compliance', 'leadership', 'r', 'autocad', 'project management', 'problem solving', 'excel', 'troubleshooting', 'presentation skills', 'mechanical design', 'six sigma']",8,Bachelor's,16
20882041,Engineering,"['strategy', 'education', 'manufacturing', 'supply chain', 'budgeting', 'operations', 'construction management', 'compliance', 'communication', 'leadership', 'r', 'project management', 'excel', 'autocad', 'mechanical design']",30,Bachelor's,15
56691064,Engineering,"['research', 'education', 'customer service', 'c', 'photoshop', 'java', 'illustrator', 'gis', 'autocad', 'revit']",5,Master's,10
64755882,Engineering,"['research', 'education', 'c', 'procurement', 'operations', 'safety', 'hvac', 'communication', 'linux']",0,Master's,9
30097175,Engineering,"['cpr', 'research', 'education', 'manufacturing', 'c', 'html', 'anatomy', 'physiology', 'safety', 'sem', 'powerpoint', 'statistics', 'excel', 'matlab', 'thermodynamics', 'sql']",12,Master's,16
28628090,Engineering,"['manufacturing', 'lean manufacturing', 'leadership', 'six sigma', 'education', 'budgeting', 'safety', 'r', 'project management', 'research', 'supply chain', 'procurement', 'compliance', 'communication', 'statistics', 'problem solving', 'excel', 'employee relations', 'strategy', 'operations', 'talent acquisition']",20,Master's,21
19612167,Engineering,"['education', 'customer service', 'adaptability', 'communication', 'leadership', 'project management', 'excel', 'troubleshooting', 'analytical']",9,High School / Diploma,9
21298336,Engineering,"['education', 'construction management', 'leadership', 'powerpoint', 'civil engineering', 'excel', 'autocad']",0,Bachelor's,7
25930778,Engineering,"['education', '3d modeling', 'problem solving', 'autocad', 'revit']",0,Bachelor's,5
31684925,Engineering,"['structural analysis', 'research', 'engineering design', 'education', 'sap', 'accounting', 'communication', 'powerpoint', 'civil engineering', 'excel', 'autocad']",0,Master's,11
39855211,Engineering,"['education', 'customer service', 'risk management', 'quality control', 'safety', 'multitasking', 'compliance', 'time management', 'communication', 'troubleshooting', 'analytical', 'critical thinking']",0,Bachelor's,12
12518008,Engineering,"['research', 'education', 'leadership', 'critical thinking', 'six sigma']",6,Bachelor's,5
20566550,Engineering,"['attention to detail', 'customer service', 'ansys', 'safety', 'r', 'analytical', 'mathematics', 'solidworks', 'c', 'oracle', 'teaching', 'communication', 'scrum', 'python', 'time management', 'problem solving', 'statistics', 'catia', 'mechanical design', 'matlab', 'sql']",2,High School / Diploma,21
55953734,Engineering,"['education', 'manufacturing', 'sap', 'python', 'statistics', 'autocad', 'technical support', 'troubleshooting']",9,Master's,8
23234047,Engineering,"['education', 'manufacturing', 'c', 'budgeting', 'erp', 'sap', 'safety', 'hvac', 'java', 'autocad', 'matlab', 'troubleshooting']",0,Bachelor's,12
38314236,Engineering,"['solidworks', 'education', 'manufacturing', 'ansys', 'hvac', 'leadership', 'autocad', 'matlab']",8,High School / Diploma,8
25425322,Engineering,"['education', 'manufacturing', 'robotics', 'operations', 'quality control', 'safety', 'leadership', 'project management', 'six sigma', 'strategic planning']",0,Master's,10
55595908,Engineering,"['attention to detail', 'data entry', 'manufacturing', 'customer service', 'engineering design', 'operations', 'education', 'c', 'safety', 'communication', 'problem solving', 'excel', 'troubleshooting', 'technical support']",1,Master's,14
28631840,Engineering,"['education', 'manufacturing', 'risk management', 'logistics', 'operations', 'budgeting', 'leadership', 'project management', 'pmp', 'mentoring', 'technical support']",14,Master's,11
23438227,Engineering,"['education', 'data entry', 'c', 'safety', 'accounting', 'r', 'excel', 'autocad', 'event planning']",2,High School / Diploma,9
35737840,Engineering,"['attention to detail', 'education', 'customer service', 'manufacturing', 'safety', 'compliance', 'problem solving', 'troubleshooting']",3,High School / Diploma,8
90280583,Engineering,"['solidworks', 'education', 'manufacturing', 'supply chain', 'customer service', 'operations', 'lean manufacturing', 'erp', 'tableau', 'leadership', 'compliance', 'hospitality', 'project management', 'business intelligence', 'autocad', 'pmp', 'mentoring', 'strategic planning']",12,Master's,18
51588273,Engineering,"['education', 'c', 'oracle', 'leadership', 'java', 'scrum', 'project management', 'communication', 'javascript', 'php', 'sql']",0,Bachelor's,11
15601399,Engineering,"['communication', 'education', 'technical support', 'troubleshooting']",0,Bachelor's,4
64468610,Engineering,"['video editing', 'education', 'c', 'communication', 'scrum', 'javascript', 'jenkins']",10,Master's,7
28078163,Engineering,"['video editing', 'education', 'c', 'communication', 'scrum', 'javascript', 'jenkins']",10,Master's,7
31677347,Engineering,"['video editing', 'payroll', 'education', 'c', 'compliance', 'communication', 'scrum', 'javascript', 'employee relations', 'jenkins']",0,Master's,10
28762662,Engineering,"['video editing', 'education', 'c', 'teamwork', 'communication', 'scrum', 'css', 'javascript', 'mentoring', 'jenkins']",10,Master's,10
15858254,Engineering,"['education', 'procurement', 'communication', 'time management', 'troubleshooting', 'linux', 'technical support']",10,Master's,7
16911115,Engineering,"['manufacturing', 'customer service', 'oracle', 'anatomy', 'safety', 'communication', 'statistics', 'problem solving', 'excel', 'tutoring', 'physiology']",0,Master's,11
27152464,Engineering,"['leadership', 'mongodb', 'critical thinking', 'unix', 'education', 'project management', 'linux', 'strategic planning', 'bash', 'oracle', 'postgresql', 'conflict resolution', 'communication', 'time management', 'python', 'scrum', 'shell', 'strategy', 'triage', 'multitasking', 'perl', 'mentoring', 'sql']",14,Bachelor's,23
35651876,Engineering,"['mathematics', 'payroll', 'education', 'customer service', 'operations', 'safety', 'hvac', 'leadership', 'communication', 'troubleshooting']",0,Bachelor's,10
19124258,Engineering,"['research', 'education', 'manufacturing', 'erp', 'powerpoint', 'excel', 'autocad', 'six sigma']",10,Master's,8
24322804,Engineering,"['education', 'manufacturing', 'supply chain', 'teamwork', 'operations', 'c', 'safety', 'communication', 'leadership', 'problem solving', 'autocad', 'plc programming', 'analytical']",0,Bachelor's,13
12488356,Engineering,"['strategy', 'education', 'manufacturing', 'oracle', 'supply chain', 'operations', 'advocacy', 'salesforce', 'agile methodology', 'erp', 'corporate finance', 'leadership', 'crm', 'mentoring', 'performance management']",0,PhD,15
26834746,Engineering,"['education', 'budgeting', 'operations', 'procurement', 'safety', 'hvac', 'compliance', 'leadership', 'communication', 'project management', 'troubleshooting', 'plc programming', 'technical support']",30,Bachelor's,13
32985311,Engineering,"['mathematics', 'education', 'c', 'tableau', 'crm', 'r', 'python', 'project management', 'sql']",0,Master's,9
39835894,Engineering,"['linux', 'project management', 'r', 'education']",0,Bachelor's,4
21847415,Engineering,"['education', 'technical support', 'operations', 'safety', 'compliance', 'communication', 'r', 'project management', 'excel', 'troubleshooting', 'critical thinking']",0,Master's,11
30288581,Engineering,"['mathematics', 'vba', 'research', 'education', 'operations', 'mysql', 'teaching', 'statistics', 'excel', 'autocad', 'matlab']",0,Master's,11
36149549,Engineering,"['research', 'education', 'c', 'operations', 'accounting', 'communication', 'powerpoint', 'excel']",0,Master's,8
17103000,Engineering,"['education', 'manufacturing', 'procurement', 'communication', 'leadership', 'project management']",0,Master's,6
12011623,Engineering,"['manufacturing', 'pandas', 'data warehouse', 'tableau', 'gis', 'education', 'html', 'r', 'technical support', 'research', 'oracle', 'data mining', 'c', 'teaching', 'python', 'statistics', 'curriculum development', 'predictive modeling', 'machine learning', 'sql']",3,Master's,20
12748557,Engineering,"['vendor management', 'education', 'c', 'operations', 'react', 'safety', 'scada', 'leadership', 'gis', 'project management']",25,Bachelor's,10
28923650,Engineering,"['solidworks', 'research', 'manufacturing', 'robotics', 'education', 'c', 'lesson planning', 'teaching', 'ansys', 'statistics', 'mechanical design', 'matlab', 'machine learning']",0,PhD,13
30542184,Engineering,"['education', 'safety', 'compliance', 'communication', 'aviation', 'troubleshooting']",6,Master's,6
19396040,Engineering,"['manufacturing', 'lean manufacturing', 'kanban', 'education', 'quality control', 'safety', 'sap', 'java', 'r', 'project management', 'analytical', 'supply chain', 'c', 'python', 'powerpoint', 'statistics', 'excel', 'autocad', 'strategy', 'operations', 'inventory management']",0,Master's,21
35389360,Engineering,"['attention to detail', 'customer service', 'leadership', 'account management', 'education', 'html', 'accounting', 'java', 'linux', 'technical support', 'communication', 'css', 'powerpoint', 'excel', 'php', 'data entry', 'mysql', 'inventory management', 'troubleshooting']",0,Bachelor's,19
36517781,Engineering,"['education', 'customer service', 'payroll', 'budgeting', 'technical support', 'data entry', 'accounting', 'communication', 'leadership', 'gis', 'project management', 'statistics', 'excel', 'autocad', 'critical thinking']",0,Bachelor's,15
15941675,Engineering,"['research', 'education', 'manufacturing', 'operations', 'safety', 'compliance', 'communication', 'time management', 'r', 'analytical', 'technical support']",0,Bachelor's,11
19397727,Engineering,"['attention to detail', 'education', 'customer service', 'safety', 'communication', 'troubleshooting']",2,Master's,6
47919212,Engineering,"['education', 'manufacturing', 'operations', 'azure', 'leadership', 'css', 'performance management']",1,PhD,7
10712803,Engineering,"['education', 'manufacturing', 'c', 'logistics', 'operations', 'food safety', 'quality control', 'safety', 'scada', 'compliance', 'hvac', 'inventory management', 'accounting', 'troubleshooting', 'plc programming', 'mechanical design', 'technical support']",20,High School / Diploma,17
14554542,Engineering,"['education', 'hvac', 'leadership', 'communication', 'troubleshooting']",10,High School / Diploma,5
22605864,Engineering,"['education', 'operations', 'excel', 'troubleshooting', 'technical support']",10,Bachelor's,5
49127329,Engineering,"['strategy', 'education', 'manufacturing', 'procurement', 'operations', 'lean manufacturing', 'erp', 'leadership', 'project management', 'analytical', 'strategic planning']",0,Master's,11
10219099,Engineering,"['research', 'education', 'customer service', 'manufacturing', 'teamwork', 'operations', 'logistics', 'procurement', 'quality control', 'safety', 'compliance', 'communication', 'problem solving', 'troubleshooting']",13,Master's,14
82125182,Engineering,"['research', 'education', 'manufacturing', 'c', 'teamwork', 'operations', 'quality control', 'safety', 'sap', 'compliance', 'java', 'project management', 'presentation skills']",0,High School / Diploma,13
22890839,Engineering,"['bash', 'solidworks', 'customer service', 'technical support', 'python', 'powerpoint', 'excel', 'troubleshooting', 'linux', 'critical thinking']",4,Master's,10
17108676,Engineering,"['solidworks', 'research', 'fluid mechanics', 'robotics', 'manufacturing', 'operations', 'education', 'safety', 'teaching', 'leadership', 'communication', 'time management', 'powerpoint', 'project management', 'statistics', 'excel', 'autocad', 'mentoring']",0,Bachelor's,18
17488801,Engineering,"['education', 'manufacturing', 'quality control', 'erp', 'compliance', 'communication', 'leadership', 'auditing', 'project management', 'autocad', 'analytical']",0,Bachelor's,11
23497307,Engineering,"['attention to detail', 'education', 'oracle', 'sap', 'leadership', 'communication', 'project management', 'powerpoint', 'excel', 'analytical']",0,Bachelor's,10
19553067,Engineering,"['education', 'gaap', 'accounts receivable', 'compliance', 'accounting', 'powerpoint', 'problem solving', 'excel', 'analytical']",10,Master's,9
11981094,Engineering,"['video editing', 'education', 'c', 'communication', 'scrum', 'javascript', 'jenkins']",10,Master's,7
17043822,Engineering,"['unix', 'education', 'customer service', 'recruitment', 'risk management', 'c', 'mysql', 'safety', 'compliance', 'leadership', 'communication', 'powerpoint', 'excel', 'linux', 'php', 'negotiation', 'strategic planning']",12,Master's,17
21038022,Engineering,"['manufacturing', 'customer service', 'lean manufacturing', 'leadership', 'six sigma', 'education', 'html', 'safety', 'sap', 'java', 'project management', 'analytical', 'c', 'supply chain', 'communication', 'css', 'problem solving', 'operations', 'financial reporting', 'sql']",30,Master's,20
60004873,Engineering,"['leadership', 'education', 'operations']",0,Master's,3
38220146,Engineering,"['mathematics', 'education', 'manufacturing', 'customer service', 'budgeting', 'operations', 'lean manufacturing', 'safety', 'leadership', 'kanban', 'time management', 'project management', 'autocad', 'mechanical design', 'six sigma']",12,Master's,15
47276718,Engineering,"['manufacturing', 'ansys', 'education', 'safety', 'project management', 'analytical', 'technical support', 'research', 'solidworks', 'c', 'teaching', 'communication', 'powerpoint', 'excel', 'autocad', 'operations', 'multitasking', 'troubleshooting', 'matlab']",10,Master's,19
28630325,Engineering,"['research', 'education', 'c', 'mentoring', 'mysql', 'kanban', 'scrum', 'css', 'perl', 'php']",0,Master's,10
13264796,Engineering,"['strategy', 'education', 'supply chain', 'procurement', 'operations', 'technical support', 'healthcare', 'computer vision', 'ruby', 'communication', 'public speaking', 'ticketing system', 'hospitality', 'r', 'b2c', 'wireframing', 'strategic planning']",5,Master's,17
96029688,Engineering,"['solidworks', 'education', 'manufacturing', 'oracle', 'operations', 'lean manufacturing', 'quality control', 'ansys', 'project management', 'problem solving', 'autocad', 'catia', 'mechanical design', 'matlab']",0,Master's,14
32802563,Engineering,"['data entry', 'customer service', 'education', 'communication', 'gis', 'excel']",0,High School / Diploma,6
18753367,Engineering,"['cc', 'education', 'risk management', 'c', 'logistics', 'manufacturing', 'quality control', 'safety', 'sap', 'compliance', 'leadership', 'aviation', 'communication', 'project management', 'troubleshooting', 'analytical', 'six sigma']",15,Master's,17
26456899,Engineering,"['education', 'c', 'java', 'communication', 'powerpoint', 'excel', 'troubleshooting', 'linux', 'sql']",0,Bachelor's,9
10985403,Engineering,"['aerospace engineering', 'solidworks', 'education', 'manufacturing', 'safety', 'ansys', 'r', 'autocad', 'catia', 'mechanical design', 'machine learning']",5,PhD,11
10030015,Engineering,"['education', 'six sigma']",0,High School / Diploma,2
86209934,Engineering,"['cpr', 'education', 'manufacturing', 'robotics', 'teaching', 'safety', 'communication', 'r', 'autocad']",0,Master's,9
11890896,Engineering,"['mathematics', 'education', 'supply chain', 'logistics', 'operations', 'lesson planning', 'procurement', 'c', 'teaching', 'leadership', 'powerpoint', 'problem solving', 'project management', 'tutoring', 'statistics', 'analytical', 'sql', 'account management']",3,Master's,18
10624813,Engineering,"['aws', 'intellectual property', 'healthcare', 'b2c', 'mongodb', 'jenkins', 'education', 'html', 'safety', 'java', 'project management', 'technical support', 'strategic planning', 'c', 'oracle', 'css', 'python', 'php', 'operations', 'perl', 'javascript', 'sql']",13,Master's,22
61579998,Engineering,"['solidworks', 'education', 'c', 'safety', 'ansys', 'hvac', 'java', 'autocad', 'mechanical design', 'matlab', 'six sigma']",5,Master's,11
62071407,Engineering,"['solidworks', 'research', 'manufacturing', 'education', 'hvac', 'time management', 'project management', 'troubleshooting']",25,Bachelor's,8
12472574,Engineering,"['leadership', 'unix', 'education', 'html', 'java', 'linux', 'analytical', 'strategic planning', 'oracle', 'data mining', 'logistics', 'c', 'communication', 'problem solving', 'strategy', 'operations', 'inventory management', 'business intelligence', 'javascript', 'sql']",0,Master's,20
31694970,Engineering,"['manufacturing', 'lean manufacturing', 'erp', 'six sigma', 'education', 'budgeting', 'quality control', 'safety', 'sap', 'project management', 'pmp', 'research', 'payroll', 'c', 'supply chain', 'logistics', 'compliance', 'communication', 'powerpoint', 'excel', 'autocad', 'operations', 'sql']",0,Master's,23
33685075,Engineering,"['research', 'education', 'manufacturing', 'operations', 'compliance', 'leadership', 'statistics', 'mentoring', 'technical support']",14,Master's,9
77828437,Engineering,"['research', 'solidworks', 'engineering design', 'manufacturing', 'fluid mechanics', 'education', 'ansys', 'powerpoint', 'excel', 'autocad', 'mechanical design', 'matlab', 'revit', 'thermodynamics', 'analytical']",0,Master's,15
35172961,Engineering,"['research', 'education', 'c', 'sem', 'mechatronics']",0,PhD,5
21629057,Engineering,"['research', 'education', 'manufacturing', 'customer service', 'robotics', 'operations', 'safety', 'leadership', 'time management', 'r']",5,Bachelor's,10
15906625,Finance & Accounting,"['payroll', 'education', 'gaap', 'operations', 'accounting', 'compliance', 'powerpoint', 'excel', 'accounts payable']",15,Bachelor's,9
30361788,Finance & Accounting,"['education', 'problem solving', 'accounts payable', 'accounting']",0,Bachelor's,4
21031285,Finance & Accounting,"['research', 'education', 'gaap', 'operations', 'procurement', 'sap', 'compliance', 'accounting', 'powerpoint', 'excel', 'financial analysis', 'sql']",0,Master's,12
25749150,Finance & Accounting,"['attention to detail', 'medical terminology', 'data entry', 'education', 'quality control', 'accounts receivable', 'compliance', 'accounting', 'leadership', 'r', 'powerpoint', 'problem solving', 'emr', 'hipaa', 'surgery', 'excel', 'analytical', 'accounts payable']",0,Master's,18
12338274,Finance & Accounting,"['payroll', 'education', 'oracle', 'photoshop', 'accounting', 'auditing', 'illustrator', 'taxation', 'accounts payable']",0,Master's,9
33527446,Finance & Accounting,"['attention to detail', 'mathematics', 'payroll', 'education', 'budgeting', 'gaap', 'accounts receivable', 'accounting', 'excel', 'accounts payable']",5,Master's,10
12442909,Finance & Accounting,"['payroll', 'education', 'teamwork', 'operations', 'accounts receivable', 'accounting', 'leadership', 'inventory management', 'communication', 'statistics', 'compliance', 'accounts payable']",0,Bachelor's,12
37997506,Finance & Accounting,"['payroll', 'education', 'budgeting', 'gaap', 'procurement', 'accounts receivable', 'accounting', 'compliance', 'powerpoint', 'excel', 'ifrs', 'accounts payable']",8,Master's,12
37370455,Finance & Accounting,"['vba', 'payroll', 'manufacturing', 'education', 'budgeting', 'operations', 'sap', 'accounting', 'compliance', 'financial reporting', 'communication', 'leadership', 'financial analysis', 'excel', 'taxation', 'analytical', 'accounts payable']",3,High School / Diploma,17
10554236,Finance & Accounting,"['strategy', 'cc', 'research', 'education', 'c', 'operations', 'erp', 'safety', 'accounting', 'financial reporting', 'compliance', 'accounts payable', 'auditing', 'leadership', 'critical thinking']",0,Bachelor's,15
31602598,Finance & Accounting,"['research', 'payroll', 'manufacturing', 'oracle', 'budgeting', 'education', 'supply chain', 'accounts receivable', 'sap', 'accounting', 'powerpoint', 'financial analysis', 'excel', 'accounts payable', 'six sigma']",35,Master's,15
19545827,Finance & Accounting,"['payroll', 'customer service', 'education', 'budgeting', 'operations', 'logistics', 'food safety', 'accounts receivable', 'accounting', 'public speaking', 'public relations', 'project management', 'excel', 'troubleshooting', 'accounts payable']",0,Master's,15
14470533,Finance & Accounting,"['data entry', 'payroll', 'education', 'operations', 'accounting', 'r', 'powerpoint', 'excel']",20,High School / Diploma,8
43685045,Finance & Accounting,"['payroll', 'education', 'oracle', 'accounts receivable', 'accounting', 'financial reporting', 'compliance', 'litigation', 'excel', 'accounts payable']",0,Bachelor's,10
18365791,Finance & Accounting,"['education', 'customer service', 'html', 'accounts receivable', 'photoshop', 'salesforce', 'accounting', 'public relations', 'illustrator']",0,Bachelor's,9
14224370,Finance & Accounting,"['payroll', 'education', 'accounts receivable', 'accounting', 'communication', 'powerpoint', 'excel', 'presentation skills', 'analytical']",10,Master's,9
21794875,Finance & Accounting,"['education', 'c', 'accounts receivable', 'accounting', 'financial reporting', 'leadership', 'excel', 'analytical']",0,Master's,8
23734441,Finance & Accounting,"['research', 'payroll', 'education', 'accounts receivable', 'compliance', 'accounting', 'statistics', 'powerpoint', 'excel', 'taxation', 'accounts payable']",0,Master's,11
39115899,Finance & Accounting,"['education', 'customer service', 'procurement', 'sap', 'auditing', 'inventory management', 'accounting', 'crm', 'excel', 'sql']",0,Master's,10
23139819,Finance & Accounting,"['research', 'payroll', 'education', 'oracle', 'budgeting', 'operations', 'sap', 'accounting', 'compliance', 'hospitality', 'r', 'problem solving', 'accounts payable']",0,Master's,13
42487883,Finance & Accounting,"['research', 'financial modeling', 'education', 'customer service', 'accounts receivable', 'sap', 'accounting', 'time management', 'excel', 'analytical', 'accounts payable']",0,Bachelor's,11
23636277,Finance & Accounting,"['payroll', 'education', 'operations', 'intellectual property', 'accounts receivable', 'sap', 'accounting', 'communication', 'leadership', 'r', 'powerpoint', 'financial reporting', 'auditing', 'excel', 'analytical', 'accounts payable']",0,Master's,16
21338490,Finance & Accounting,"['payroll', 'education', 'budgeting', 'accounting', 'communication', 'r', 'powerpoint', 'problem solving', 'excel', 'financial analysis']",18,Master's,10
14491649,Finance & Accounting,"['research', 'education', 'manufacturing', 'operations', 'erp', 'sap', 'corporate finance', 'accounting', 'communication', 'time management', 'financial reporting', 'powerpoint', 'excel']",0,Master's,13
17407184,Finance & Accounting,"['education', 'instructional design', 'operations', 'logistics', 'teaching', 'accounting', 'leadership', 'financial reporting', 'project management', 'pmp']",0,Master's,10
30813919,Finance & Accounting,"['strategy', 'education', 'customer service', 'risk management', 'budgeting', 'operations', 'accounting', 'communication', 'auditing', 'compliance', 'leadership', 'financial reporting', 'taxation', 'presentation skills', 'performance management', 'strategic planning']",10,Bachelor's,16
78403342,Finance & Accounting,"['research', 'education', 'risk management', 'payroll', 'sap', 'auditing', 'communication', 'accounting', 'compliance', 'portfolio management', 'problem solving', 'leadership', 'excel', 'statistics', 'analytical', 'critical thinking']",0,Master's,16
20393721,Finance & Accounting,"['research', 'payroll', 'education', 'gaap', 'operations', 'corporate finance', 'auditing', 'accounting', 'compliance', 'r', 'powerpoint', 'statistics', 'excel', 'taxation']",0,Bachelor's,14
24817041,Finance & Accounting,"['payroll', 'education', 'c', 'accounting', 'excel', 'accounts payable']",0,Master's,6
27980446,Finance & Accounting,"['payroll', 'customer service', 'manufacturing', 'logistics', 'education', 'erp', 'accounting', 'excel', 'analytical']",0,High School / Diploma,9
25462793,Finance & Accounting,"['attention to detail', 'payroll', 'education', 'gaap', 'accounts receivable', 'erp', 'accounting', 'communication', 'taxation']",0,Master's,9
29456173,Finance & Accounting,"['research', 'financial modeling', 'education', 'gaap', 'procurement', 'operations', 'quality control', 'sap', 'compliance', 'time management', 'accounting', 'powerpoint', 'problem solving', 'excel', 'financial analysis']",0,Master's,15
59403481,Finance & Accounting,"['attention to detail', 'research', 'payroll', 'education', 'customer service', 'operations', 'accounts receivable', 'accounting', 'financial reporting', 'communication', 'compliance', 'auditing', 'excel', 'hipaa', 'financial analysis', 'analytical', 'accounts payable', 'medical billing']",0,Master's,18
13491889,Finance & Accounting,"['payroll', 'education', 'accounts receivable', 'accounting', 'communication', 'auditing', 'time management', 'powerpoint', 'financial analysis', 'excel', 'analytical', 'accounts payable']",0,Master's,12
25846894,Finance & Accounting,"['payroll', 'customer service', 'education', 'teamwork', 'safety', 'auditing', 'accounting', 'financial reporting', 'excel', 'analytical', 'accounts payable']",0,Bachelor's,11
53640713,Finance & Accounting,"['strategy', 'payroll', 'education', 'budgeting', 'operations', 'accounts receivable', 'erp', 'accounting', 'auditing', 'compliance', 'taxation', 'accounts payable']",8,Master's,12
11163645,Finance & Accounting,"['data entry', 'customer service', 'education', 'accounts receivable', 'powerpoint', 'excel', 'analytical', 'accounts payable']",0,Bachelor's,8
23513618,Finance & Accounting,"['attention to detail', 'customer service', 'leadership', 'financial analysis', 'education', 'budgeting', 'sap', 'auditing', 'accounting', 'r', 'analytical', 'strategic planning', 'payroll', 'supply chain', 'gaap', 'logistics', 'oracle', 'accounts receivable', 'compliance', 'powerpoint', 'excel', 'operations', 'financial reporting', 'inventory management']",0,Master's,24
75286906,Finance & Accounting,"['payroll', 'customer service', 'education', 'accounts receivable', 'compliance', 'accounting', 'hipaa', 'excel', 'accounts payable', 'medical billing', 'account management']",2,Bachelor's,11
20253563,Finance & Accounting,"['education', 'operations', 'accounts receivable', 'accounting', 'communication', 'auditing', 'excel', 'accounts payable', 'strategic planning']",15,Bachelor's,9
16237710,Finance & Accounting,"['strategy', 'research', 'payroll', 'education', 'adaptability', 'budgeting', 'accounts receivable', 'corporate finance', 'accounting', 'financial reporting', 'communication', 'leadership', 'time management', 'problem solving', 'excel', 'critical thinking']",0,Bachelor's,16
13294301,Finance & Accounting,"['attention to detail', 'data entry', 'customer service', 'payroll', 'gaap', 'education', 'accounting', 'compliance', 'analytical', 'critical thinking']",0,Bachelor's,10
13130984,Finance & Accounting,"['payroll', 'education', 'operations', 'technical support', 'accounts receivable', 'accounting', 'leadership', 'time management', 'powerpoint', 'excel', 'financial analysis', 'analytical', 'accounts payable']",0,Master's,13
25127518,Finance & Accounting,"['payroll', 'education', 'operations', 'accounts receivable', 'accounting', 'communication', 'financial reporting', 'compliance', 'accounts payable']",0,Master's,9
24799301,Finance & Accounting,"['education', 'accounting']",0,High School / Diploma,2
25067742,Finance & Accounting,"['payroll', 'education', 'accounts receivable', 'accounting', 'financial reporting', 'excel', 'accounts payable']",0,Bachelor's,7
15821633,Finance & Accounting,"['research', 'education', 'gaap', 'accounts receivable', 'auditing', 'accounting', 'compliance', 'financial analysis', 'accounts payable']",0,Master's,9
15363277,Finance & Accounting,"['financial modeling', 'customer service', 'oracle', 'budgeting', 'education', 'sap', 'compliance', 'leadership', 'accounting', 'communication', 'auditing', 'financial analysis', 'excel']",20,Master's,13
18132924,Finance & Accounting,"['payroll', 'gaap', 'operations', 'accounts receivable', 'sap', 'accounting', 'time management', 'compliance', 'financial reporting', 'auditing', 'powerpoint', 'excel', 'analytical', 'accounts payable', 'sql']",1,High School / Diploma,15
63137898,Finance & Accounting,"['education', 'manufacturing', 'operations', 'accounts receivable', 'sap', 'accounting', 'time management', 'communication', 'financial reporting', 'problem solving', 'accounts payable', 'strategic planning']",0,Bachelor's,12
21763056,Finance & Accounting,"['education', 'budgeting', 'sap', 'accounting', 'powerpoint', 'excel', 'accounts payable']",0,Master's,7
20624984,Finance & Accounting,"['education', 'accounts receivable', 'sap', 'auditing', 'compliance', 'accounting', 'r', 'accounts payable']",0,Master's,8
25935030,Finance & Accounting,"['attention to detail', 'research', 'education', 'customer service', 'gaap', 'operations', 'time management', 'communication', 'account management']",2,Bachelor's,9
17556527,Finance & Accounting,"['strategy', 'data entry', 'payroll', 'c', 'education', 'operations', 'erp', 'accounting', 'r', 'powerpoint', 'excel', 'analytical', 'accounts payable']",0,Master's,13
28939941,Finance & Accounting,"['strategy', 'research', 'education', 'customer service', 'accounting', 'communication', 'excel', 'presentation skills']",3,Master's,8
28359817,Finance & Accounting,"['strategy', 'education', 'sap', 'compliance', 'accounting', 'accounts payable']",0,Bachelor's,6
20345168,Finance & Accounting,"['payroll', 'manufacturing', 'customer service', 'education', 'accounts receivable', 'accounting', 'time management', 'excel', 'accounts payable']",0,High School / Diploma,9
14496667,Finance & Accounting,"['research', 'payroll', 'customer service', 'education', 'safety', 'accounting', 'compliance', 'auditing', 'powerpoint', 'excel', 'accounts payable']",0,Bachelor's,11
25862026,Finance & Accounting,"['education', 'customer service', 'oracle', 'gaap', 'accounting', 'financial reporting', 'compliance', 'financial analysis']",0,Master's,8
23246831,Finance & Accounting,"['research', 'education', 'customer service', 'procurement', 'multitasking', 'communication', 'problem solving', 'excel', 'account management']",11,Bachelor's,9
49204385,Finance & Accounting,"['leadership', 'financial analysis', 'account management', 'education', 'budgeting', 'sap', 'accounting', 'analytical', 'research', 'payroll', 'gaap', 'accounts receivable', 'compliance', 'communication', 'problem solving', 'excel', 'taxation', 'performance management', 'accounts payable', 'operations', 'multitasking']",0,Master's,21
12802330,Finance & Accounting,"['research', 'education', 'budgeting', 'operations', 'gaap', 'compliance', 'financial reporting', 'accounting', 'auditing', 'communication', 'excel', 'financial analysis', 'analytical', 'negotiation', 'strategic planning']",0,Master's,15
22925443,Finance & Accounting,"['research', 'payroll', 'data entry', 'education', 'budgeting', 'gaap', 'safety', 'accounting', 'onboarding', 'communication', 'r', 'powerpoint', 'problem solving', 'statistics', 'excel', 'analytical', 'critical thinking']",0,Bachelor's,17
28614791,Finance & Accounting,"['attention to detail', 'research', 'education', 'customer service', 'operations', 'accounts receivable', 'teaching', 'multitasking', 'accounting', 'time management', 'excel', 'analytical']",10,Bachelor's,12
30304575,Finance & Accounting,"['research', 'payroll', 'education', 'gaap', 'budgeting', 'conflict resolution', 'accounts receivable', 'accounting', 'financial reporting', 'communication', 'bloomberg', 'powerpoint', 'problem solving', 'excel', 'financial analysis', 'analytical', 'accounts payable']",0,Master's,17
26065877,Finance & Accounting,"['education', 'gaap', 'accounts receivable', 'erp', 'accounting', 'financial reporting', 'compliance', 'powerpoint', 'excel', 'accounts payable']",0,Bachelor's,10
29821051,Finance & Accounting,"['education', 'risk management', 'oracle', 'budgeting', 'operations', 'accounting', 'communication', 'leadership', 'compliance', 'project management', 'social media', 'financial reporting', 'excel', 'auditing']",8,Master's,14
29999135,Finance & Accounting,"['payroll', 'education', 'budgeting', 'conflict resolution', 'accounts receivable', 'accounting', 'communication', 'excel', 'accounts payable']",0,Bachelor's,9
21853199,Finance & Accounting,"['research', 'education', 'gaap', 'accounts receivable', 'auditing', 'communication', 'accounting', 'compliance', 'time management', 'analytical', 'accounts payable']",0,Bachelor's,11
39674178,Finance & Accounting,"['education', 'operations', 'auditing', 'financial reporting', 'accounting', 'analytical']",26,Bachelor's,6
14449423,Finance & Accounting,"['attention to detail', 'research', 'data entry', 'education', 'oracle', 'c', 'operations', 'accounting', 'communication', 'time management', 'compliance', 'excel', 'taxation', 'analytical', 'critical thinking', 'sql']",10,High School / Diploma,16
25547145,Finance & Accounting,"['education', 'customer service', 'operations', 'lean manufacturing', 'safety', 'compliance', 'communication', 'accounting', 'excel']",5,High School / Diploma,9
14055988,Finance & Accounting,"['research', 'education', 'customer service', 'accounts receivable', 'teaching', 'accounting', 'communication', 'time management', 'compliance', 'public speaking', 'mentoring', 'accounts payable']",0,Master's,12
27637576,Finance & Accounting,"['financial modeling', 'payroll', 'manufacturing', 'budgeting', 'operations', 'education', 'quality control', 'compliance', 'financial reporting', 'time management', 'accounting', 'project management', 'r', 'troubleshooting', 'analytical']",0,High School / Diploma,15
49997097,Finance & Accounting,"['payroll', 'risk management', 'education', 'gaap', 'operations', 'erp', 'compliance', 'accounting', 'auditing', 'r', 'excel']",10,Master's,11
27558837,Finance & Accounting,"['education', 'data mining', 'operations', 'accounting', 'leadership', 'excel', 'accounts payable']",0,Bachelor's,7
14126433,Finance & Accounting,"['strategy', 'payroll', 'education', 'budgeting', 'sap', 'accounting', 'financial reporting', 'compliance', 'communication', 'powerpoint', 'excel', 'financial analysis', 'accounts payable']",0,Master's,13
34198885,Finance & Accounting,"['research', 'payroll', 'education', 'operations', 'accounts receivable', 'erp', 'accounting', 'communication', 'time management', 'analytical', 'accounts payable']",0,Master's,11
62809577,Finance & Accounting,"['payroll', 'education', 'accounts receivable', 'auditing', 'communication', 'accounting', 'time management', 'project management', 'problem solving', 'accounts payable']",15,Bachelor's,10
12065211,Finance & Accounting,"['payroll', 'education', 'gaap', 'operations', 'accounts receivable', 'accounting', 'financial reporting', 'communication', 'r', 'auditing', 'excel', 'taxation', 'ifrs', 'accounts payable', 'sql']",0,Master's,15
23416654,Finance & Accounting,"['research', 'payroll', 'manufacturing', 'education', 'procurement', 'accounts receivable', 'erp', 'accounting', 'communication', 'leadership', 'compliance', 'powerpoint', 'r', 'excel', 'analytical', 'accounts payable']",0,High School / Diploma,16
38847011,Finance & Accounting,"['payroll', 'education', 'operations', 'sap', 'accounting', 'accounts payable']",0,Master's,6
27573855,Finance & Accounting,"['research', 'payroll', 'education', 'manufacturing', 'budgeting', 'logistics', 'gaap', 'accounts receivable', 'erp', 'sap', 'accounting', 'leadership', 'inventory management', 'communication', 'project management', 'excel', 'analytical', 'accounts payable']",15,High School / Diploma,18
15592167,Finance & Accounting,"['payroll', 'data entry', 'customer service', 'education', 'accounts receivable', 'erp', 'sap', 'accounting', 'financial reporting', 'leadership', 'auditing', 'communication', 'excel', 'ifrs', 'accounts payable']",0,Master's,15
20082776,Finance & Accounting,"['attention to detail', 'research', 'payroll', 'education', 'c', 'operations', 'accounts receivable', 'accounting', 'auditing', 'inventory management', 'compliance', 'problem solving', 'analytical', 'accounts payable']",12,Master's,14
10674770,Finance & Accounting,"['research', 'education', 'customer service', 'payroll', 'gaap', 'farming', 'operations', 'accounts receivable', 'auditing', 'financial reporting', 'compliance', 'accounting', 'problem solving', 'excel', 'analytical', 'accounts payable', 'strategic planning']",0,Bachelor's,17
24294778,Finance & Accounting,"['attention to detail', 'research', 'data entry', 'payroll', 'customer service', 'education', 'operations', 'oracle', 'accounts receivable', 'sap', 'accounting', 'time management', 'communication', 'compliance', 'powerpoint', 'problem solving', 'excel', 'accounts payable']",0,Master's,18
11759079,Finance & Accounting,"['research', 'education', 'accounting', 'r', 'excel', 'analytical']",0,Bachelor's,6
18669563,Finance & Accounting,"['education', 'procurement', 'accounting', 'powerpoint', 'excel']",0,High School / Diploma,5
18569929,Finance & Accounting,"['payroll', 'education', 'accounts receivable', 'accounting', 'excel', 'accounts payable']",0,Master's,6
80053367,Finance & Accounting,"['education', 'customer service', 'advocacy', 'patient care', 'sap', 'bls', 'healthcare', 'powerpoint', 'statistics', 'excel', 'hipaa', 'surgery', 'nursing', 'medical billing']",0,Master's,14
87635012,Finance & Accounting,"['education', 'gaap', 'sap', 'compliance', 'financial reporting', 'accounting', 'excel', 'sql']",0,Master's,8
24703009,Finance & Accounting,"['payroll', 'education', 'c', 'budgeting', 'procurement', 'healthcare', 'accounting', 'time management', 'compliance', 'problem solving', 'dispute resolution', 'accounts payable']",0,Bachelor's,12
25867805,Finance & Accounting,"['payroll', 'education', 'accounting', 'accounts payable', 'compliance', 'project management', 'excel', 'critical thinking']",0,Master's,8
35554162,Finance & Accounting,"['payroll', 'risk management', 'oracle', 'budgeting', 'operations', 'gaap', 'education', 'accounts receivable', 'corporate finance', 'accounting', 'communication', 'compliance', 'financial reporting', 'analytical', 'accounts payable']",13,Master's,15
13701259,Finance & Accounting,"['customer service', 'six sigma', 'education', 'budgeting', 'safety', 'accounting', 'auditing', 'r', 'analytical', 'research', 'payroll', 'accounts receivable', 'compliance', 'time management', 'excel', 'employee relations', 'accounts payable', 'rehabilitation', 'multitasking', 'financial reporting']",0,Bachelor's,20
12202337,Finance & Accounting,"['leadership', 'portfolio management', 'financial analysis', 'education', 'risk management', 'budgeting', 'quality control', 'accounting', 'analytical', 'research', 'c', 'compliance', 'time management', 'communication', 'statistics', 'problem solving', 'excel', 'strategy', 'multitasking', 'financial reporting', 'negotiation']",0,Master's,21
19446337,Finance & Accounting,"['research', 'payroll', 'education', 'operations', 'erp', 'accounting', 'time management', 'communication', 'financial reporting', 'r', 'problem solving', 'financial analysis', 'excel', 'analytical', 'accounts payable']",3,Master's,15
15289348,Finance & Accounting,"['corporate finance', 'portfolio management', 'account management', 'education', 'accounting', 'auditing', 'analytical', 'research', 'payroll', 'oracle', 'data mining', 'gaap', 'time management', 'powerpoint', 'problem solving', 'excel', 'wealth management', 'operations', 'financial reporting', 'legal research']",0,Master's,20
28969385,Finance & Accounting,"['erp', 'corporate finance', 'leadership', 'financial analysis', 'education', 'risk management', 'budgeting', 'accounting', 'analytical', 'research', 'payroll', 'teamwork', 'accounts receivable', 'compliance', 'communication', 'time management', 'problem solving', 'excel', 'accounts payable', 'operations', 'financial reporting']",0,Master's,21
36425270,Finance & Accounting,"['attention to detail', 'payroll', 'education', 'gaap', 'compliance', 'communication', 'accounting', 'excel', 'analytical', 'accounts payable']",0,Master's,10
78257294,Finance & Accounting,"['cpr', 'education', 'oracle', 'gaap', 'operations', 'safety', 'sap', 'compliance', 'communication', 'accounting', 'bloomberg', 'r', 'financial reporting', 'financial analysis']",0,Master's,14
23438112,Finance & Accounting,"['attention to detail', 'payroll', 'education', 'oracle', 'budgeting', 'erp', 'sap', 'accounting', 'communication', 'accounts payable']",11,Master's,10
98559931,Finance & Accounting,"['attention to detail', 'payroll', 'data entry', 'c', 'gaap', 'operations', 'education', 'accounts receivable', 'sap', 'accounting', 'communication', 'leadership', 'compliance', 'powerpoint', 'r', 'excel', 'analytical']",0,Bachelor's,17
17306905,Finance & Accounting,"['payroll', 'education', 'c', 'procurement', 'budgeting', 'gaap', 'healthcare', 'compliance', 'crm', 'leadership', 'accounting', 'auditing', 'excel', 'financial analysis', 'analytical']",15,Bachelor's,15
12780508,Finance & Accounting,"['attention to detail', 'research', 'education', 'operations', 'accounting', 'communication', 'compliance', 'business intelligence', 'powerpoint', 'excel', 'accounts payable']",5,Bachelor's,11
26975573,Finance & Accounting,"['attention to detail', 'customer service', 'leadership', 'financial analysis', 'critical thinking', 'education', 'budgeting', 'accounting', 'auditing', 'analytical', 'research', 'payroll', 'procurement', 'compliance', 'communication', 'powerpoint', 'excel', 'accounts payable', 'operations', 'financial reporting']",15,Master's,20
28298773,Finance & Accounting,"['education', 'gaap', 'accounts receivable', 'sap', 'accounting', 'compliance', 'powerpoint', 'excel', 'accounts payable']",3,Master's,9
29050809,Finance & Accounting,"['research', 'education', 'gaap', 'accounts receivable', 'sap', 'accounting', 'financial reporting', 'communication', 'hospitality', 'compliance', 'problem solving', 'r', 'financial analysis', 'analytical', 'accounts payable']",10,Master's,15
34816637,Finance & Accounting,"['payroll', 'data entry', 'education', 'budgeting', 'operations', 'accounts receivable', 'compliance', 'accounting', 'excel', 'event planning', 'accounts payable']",3,Bachelor's,11
22465498,Finance & Accounting,"['education', 'payroll', 'budgeting', 'teamwork', 'auditing', 'compliance', 'accounting', 'financial reporting']",10,High School / Diploma,8
24103168,Finance & Accounting,"['education', 'gaap', 'logistics', 'operations', 'intellectual property', 'accounts receivable', 'erp', 'sap', 'accounting', 'financial reporting', 'problem solving', 'excel', 'ifrs', 'analytical', 'critical thinking']",8,Bachelor's,15
36024962,Finance & Accounting,"['payroll', 'education', 'operations', 'accounting', 'excel']",0,Bachelor's,5
18635654,Finance & Accounting,"['education', 'customer service', 'operations', 'accounting', 'communication', 'excel']",6,Bachelor's,6
50222417,Finance & Accounting,"['research', 'financial modeling', 'education', 'payroll', 'gaap', 'compliance', 'accounting', 'financial reporting', 'financial analysis', 'excel', 'analytical']",0,Master's,11
23387174,Finance & Accounting,"['payroll', 'education', 'oracle', 'budgeting', 'gaap', 'accounts receivable', 'erp', 'sap', 'auditing', 'communication', 'accounting', 'financial reporting', 'r', 'problem solving', 'excel', 'taxation', 'ifrs']",16,Master's,17
13072019,Finance & Accounting,"['payroll', 'education', 'construction management', 'sap', 'hvac', 'accounting', 'project management', 'graphic design']",20,Master's,8
82649935,Finance & Accounting,"['payroll', 'education', 'operations', 'accounting', 'financial reporting', 'compliance', 'communication', 'excel']",0,Master's,8
99433371,Engineering,"['data entry', 'payroll', 'education', 'photoshop', 'illustrator', 'powerpoint', 'excel', 'autocad', 'color theory', 'revit', 'accounts payable']",0,Bachelor's,11
10734870,Engineering,"['education', 'customer service', 'manufacturing', 'quality control', 'safety', 'hvac', 'leadership', 'communication', 'powerpoint', 'excel']",0,Bachelor's,10
18472240,Engineering,"['education', 'c']",0,Bachelor's,2
71576860,Engineering,"['education', 'customer service', 'supply chain', 'safety', 'compliance', 'communication', 'time management', 'inventory management', 'graphic design']",0,High School / Diploma,9
29087505,Engineering,"['strategy', 'education', 'teaching', 'leadership', 'project management', 'problem solving', 'analytical']",0,Bachelor's,7
22965804,Engineering,['education'],0,Bachelor's,1
33141415,Engineering,"['education', 'html', 'c', 'mysql', 'photoshop', 'java', 'css', 'powerpoint', 'problem solving', 'javascript', 'excel', 'animation', 'project management', 'php']",15,Bachelor's,14
26509539,Engineering,"['mathematics', 'cpr', 'payroll', 'education', 'procurement', 'operations', 'photoshop', 'safety', 'inventory management', 'hospitality', 'project management', 'excel']",0,High School / Diploma,12
36331163,Engineering,"['education', 'safety', 'leadership', 'communication', 'problem solving', 'excel']",5,High School / Diploma,6
25656981,Engineering,"['research', 'education', 'c', 'operations', 'safety', 'compliance', 'communication', 'troubleshooting', 'analytical', 'technical support']",3,High School / Diploma,10
26091595,Engineering,"['education', 'budgeting', 'construction management', 'quality control', 'multitasking', 'project management', 'problem solving', 'autocad', 'negotiation', 'troubleshooting']",0,Master's,10
11393213,Engineering,"['cpr', 'education', 'operations', 'construction management', 'safety', 'compliance', 'communication']",7,High School / Diploma,7
14900898,Engineering,"['aws', 'education', 'budgeting', 'logistics', 'procurement', 'safety', 'leadership', 'communication']",15,High School / Diploma,8
25098739,Engineering,"['communication', 'education']",0,High School / Diploma,2
78114950,Engineering,"['education', 'customer service', 'budgeting', 'operations', 'construction management', 'communication', 'project management']",26,High School / Diploma,7
35971546,Engineering,"['education', 'procurement', 'quality control', 'safety', 'compliance', 'communication', 'problem solving', 'civil engineering', 'autocad', 'revit', 'negotiation']",2,Master's,11
22019500,Engineering,"['cpr', 'education', 'customer service', 'operations', 'construction management', 'safety', 'compliance', 'leadership', 'project management', 'problem solving', 'autocad']",33,High School / Diploma,11
12839152,Engineering,"['education', 'procurement', 'operations', 'construction management', 'safety', 'accounting', 'communication', 'project management', 'civil engineering']",0,Bachelor's,9
16353584,Engineering,"['education', 'c', 'budgeting', 'operations', 'compliance', 'leadership', 'problem solving', 'negotiation']",8,High School / Diploma,8
29878348,Engineering,"['attention to detail', 'education', 'customer service', 'logistics', 'operations']",0,High School / Diploma,5
28815362,Engineering,"['engineering design', 'customer service', 'lean manufacturing', 'leadership', 'civil engineering', 'education', 'quality control', 'safety', 'project management', 'linux', 'analytical', 'structural analysis', 'mathematics', 'solidworks', 'fluid mechanics', 'photoshop', 'compliance', 'time management', 'powerpoint', 'excel', 'autocad', 'matlab']",0,Master's,22
15564893,Engineering,"['leadership', 'presentation skills', 'communication', 'education']",0,Master's,4
12491898,Engineering,"['medical terminology', 'education', 'c', 'supply chain', 'patient care', 'operations', 'safety', 'multitasking', 'healthcare', 'compliance', 'communication', 'time management', 'leadership', 'problem solving', 'nursing', 'strategic planning']",10,High School / Diploma,16
29574501,Engineering,"['research', 'payroll', 'manufacturing', 'customer service', 'budgeting', 'operations', 'education', 'accounts receivable', 'accounting', 'communication', 'financial reporting', 'problem solving', 'excel', 'analytical', 'accounts payable']",13,High School / Diploma,15
32799518,Engineering,"['education', 'customer service', 'operations', 'safety', 'multitasking', 'communication']",0,High School / Diploma,6
28942221,Engineering,"['education', 'customer service', 'c', 'operations', 'construction management', 'safety', 'healthcare', 'communication', 'nursing']",0,Bachelor's,9
10176013,Engineering,"['education', 'budgeting', 'operations', 'compliance', 'communication', 'project management', 'problem solving', 'autocad', 'analytical']",0,Master's,9
16378091,Engineering,"['research', 'customer service', 'operations', 'leadership', 'time management', 'problem solving', 'nursing']",0,Bachelor's,7
16203589,Engineering,"['education', 'angular', 'operations', 'construction management', 'compliance', 'leadership', 'litigation', 'communication', 'time management', 'problem solving', 'excel', 'critical thinking']",0,High School / Diploma,12
63145386,Engineering,"['payroll', 'education', 'operations', 'accounts receivable', 'photoshop', 'sap', 'compliance', 'financial reporting', 'illustrator', 'auditing', 'powerpoint', 'excel', 'autocad', 'accounts payable']",0,Bachelor's,14
13907230,Engineering,"['education', 'construction management', 'quality control', 'safety', 'communication', 'powerpoint', 'problem solving', 'excel', 'autocad', 'analytical']",0,Bachelor's,10
21586858,Engineering,"['cpr', 'payroll', 'customer service', 'risk management', 'budgeting', 'operations', 'procurement', 'quality control', 'education', 'safety', 'sap', 'construction management', 'hvac', 'project management', 'excel', 'autocad']",18,Master's,16
61065616,Engineering,"['strategy', 'education', 'procurement', 'construction management', 'compliance', 'leadership', 'communication', 'aviation', 'critical thinking', 'strategic planning']",0,Bachelor's,10
19471144,Engineering,"['cpr', 'education', 'operations', 'construction management', 'safety', 'auditing', 'compliance', 'litigation', 'powerpoint', 'excel', 'negotiation']",0,Bachelor's,11
17342969,Engineering,"['strategy', 'education', 'manufacturing', 'supply chain', 'budgeting', 'operations', 'conflict resolution', 'lean manufacturing', 'safety', 'teaching', 'leadership', 'communication', 'project management', 'employee relations', 'mentoring']",3,Bachelor's,15
10041713,Engineering,"['education', 'c', 'operations', 'healthcare', 'hvac', 'scada', 'communication', 'sql']",3,Master's,8
24770846,Engineering,"['cpr', 'education', 'construction management', 'safety', 'compliance', 'communication']",17,Bachelor's,6
24740005,Engineering,"['education', 'procurement', 'operations', 'budgeting', 'construction management', 'salesforce', 'compliance', 'leadership', 'communication', 'project management', 'powerpoint', 'excel', 'autocad', 'negotiation']",10,Bachelor's,14
14585273,Engineering,"['education', 'budgeting', 'operations', 'construction management', 'hvac', 'powerpoint', 'excel']",10,Master's,7
28756444,Engineering,"['education', 'manufacturing', 'customer service', 'operations', 'conflict resolution', 'quality control', 'safety', 'compliance', 'communication', 'leadership', 'troubleshooting']",0,High School / Diploma,11
10281555,Engineering,"['education', 'customer service', 'operations', 'quality control', 'safety', 'compliance', 'communication', 'problem solving', 'graphic design', 'negotiation', 'account management']",0,Bachelor's,11
48549972,Engineering,"['cpr', 'education', 'risk management', 'operations', 'safety']",0,Associate's,5
17252448,Engineering,"['education', 'operations', 'construction management', 'safety', 'compliance', 'leadership', 'project management', 'civil engineering', 'revit']",5,Master's,9
15721849,Engineering,"['education', 'budgeting', 'operations', 'quality control', 'safety', 'accounting', 'leadership', 'communication', 'compliance', 'project management', 'inventory management', 'troubleshooting', 'negotiation', 'strategic planning']",25,Master's,14
56525735,Engineering,"['research', 'education', 'procurement', 'budgeting', 'operations', 'construction management', 'safety', 'hvac', 'technical support']",0,Master's,9
51638201,Engineering,"['cpr', 'education', 'customer service', 'conflict resolution', 'safety', 'compliance', 'communication', 'project management', 'excel']",8,Master's,9
94503308,Engineering,"['attention to detail', 'education', 'procurement', 'operations', 'construction management', 'safety', 'hvac', 'communication', 'project management', 'analytical', 'negotiation', 'strategic planning']",0,Master's,12
27835351,Engineering,"['education', 'operations', 'conflict resolution', 'safety', 'multitasking', 'hvac', 'compliance', 'troubleshooting']",5,High School / Diploma,8
38946032,Engineering,"['attention to detail', 'research', 'education', 'gaap', 'sap', 'accounting', 'communication', 'leadership', 'analytical', 'sql']",15,Master's,10
39674782,Engineering,"['cpr', 'education', 'operations', 'communication', 'leadership', 'gis', 'statistics', 'project management', 'autocad', 'employee relations']",15,Master's,10
29193505,Engineering,"['cpr', 'education', 'customer service', 'operations', 'quality control', 'safety', 'project management', 'excel']",0,Master's,8
12890045,Engineering,"['payroll', 'risk management', 'conflict resolution', 'operations', 'safety', 'accounting', 'time management', 'leadership', 'communication', 'powerpoint', 'excel', 'mentoring']",0,Bachelor's,12
29894080,Engineering,"['education', 'c', 'procurement', 'safety', 'sap', 'scada', 'compliance', 'hvac', 'gis', 'r', 'project management', 'civil engineering', 'excel']",0,Master's,13
32025286,Engineering,"['education', 'operations', 'construction management', 'safety', 'accounting', 'communication', 'civil engineering', 'autocad']",0,High School / Diploma,8
21567392,Engineering,"['education', 'c', 'operations', 'construction management', 'safety', 'communication', 'project management', 'civil engineering', 'shell', 'pmp', 'technical support']",0,Bachelor's,11
32265203,Engineering,"['payroll', 'customer service', 'manufacturing', 'education', 'quality control', 'safety', 'leadership', 'communication']",0,Bachelor's,8
27246366,Engineering,"['education', 'customer service', 'budgeting', 'quality control', 'construction management', 'safety', 'compliance', 'leadership', 'project management']",0,Master's,9
27066370,Engineering,"['data entry', 'payroll', 'oracle', 'education', 'operations', 'accounts receivable', 'accounts payable']",0,Master's,7
21363048,Engineering,"['education', 'farming', 'budgeting', 'operations', 'safety', 'hvac', 'leadership', 'project management']",15,Master's,8
21782152,Engineering,"['data entry', 'customer service', 'education', 'operations', 'quality control', 'safety', 'compliance', 'communication', 'r', 'powerpoint', 'corporate law', 'excel', 'troubleshooting']",10,Bachelor's,13
16626724,Engineering,"['research', 'education', 'procurement', 'safety', 'compliance', 'r', 'project management', 'powerpoint', 'excel']",13,Bachelor's,9
25224998,Engineering,"['cpr', 'strategy', 'education', 'logistics', 'operations', 'construction management', 'safety', 'autocad']",0,Bachelor's,8
28803888,Engineering,"['education', 'quality control', 'safety', 'time management', 'autocad', 'powerpoint', 'shell', 'excel']",7,Bachelor's,8
25187733,Engineering,"['cpr', 'education', 'manufacturing', 'customer service', 'procurement', 'logistics', 'operations', 'lean manufacturing', 'c', 'safety', 'auditing', 'leadership', 'compliance', 'inventory management', 'project management', 'financial reporting', 'accounting', 'excel']",15,High School / Diploma,18
88859947,Engineering,"['cpr', 'research', 'education', 'budgeting', 'operations', 'logistics', 'safety', 'compliance', 'communication', 'inventory management', 'powerpoint', 'project management', 'excel', 'pmp', 'performance management', 'account management']",0,Master's,16
17570634,Engineering,"['strategy', 'education', 'recruitment', 'procurement', 'operations', 'safety', 'compliance', 'time management', 'leadership', 'communication', 'project management', 'emr', 'hipaa', 'talent acquisition', 'technical support', 'account management']",0,Bachelor's,16
10149490,Engineering,"['strategy', 'education', 'operations', 'mentoring', 'safety', 'compliance', 'leadership', 'communication', 'statistics', 'problem solving', 'analytical']",4,Master's,11
19364677,Engineering,"['education', 'budgeting', 'procurement', 'healthcare', 'compliance', 'leadership', 'project management', 'excel', 'pmp', 'negotiation']",0,Master's,10
22983516,Engineering,"['attention to detail', 'strategy', 'education', 'customer service', 'conflict resolution', 'operations', 'classroom management', 'safety', 'communication', 'media relations', 'problem solving', 'analytical']",1,High School / Diploma,12
31850269,Engineering,"['customer service', 'leadership', 'cpr', 'education', 'quality control', 'strategic planning', 'research', 'logistics', 'conflict resolution', 'teaching', 'communication', 'time management', 'powerpoint', 'problem solving', 'excel', 'data entry', 'operations', 'multitasking', 'public relations', 'troubleshooting']",0,High School / Diploma,20
27243670,Engineering,"['research', 'education', 'risk management', 'budgeting', 'operations', 'construction management', 'safety', 'compliance', 'communication', 'leadership', 'financial reporting', 'project management', 'excel', 'negotiation']",30,Master's,14
44147689,Engineering,"['education', 'customer service', 'construction management', 'compliance', 'communication', 'project management']",0,Master's,6
12654876,Engineering,"['strategy', 'education', 'procurement', 'operations', 'budgeting', 'construction management', 'safety', 'hvac', 'compliance', 'communication', 'leadership', 'gis', 'accounts payable', 'autocad', 'technical support']",0,Master's,15
49685006,Engineering,"['attention to detail', 'data entry', 'customer service', 'education', 'procurement', 'budgeting', 'operations', 'construction management', 'communication', 'time management', 'social media', 'excel', 'analytical']",0,High School / Diploma,13
12212468,Engineering,"['strategy', 'education', 'c', 'procurement', 'operations', 'quality control', 'safety', 'hvac', 'project management', 'civil engineering']",16,High School / Diploma,10
29483501,Engineering,"['education', 'teamwork', 'construction management', 'accounting', 'project management', 'negotiation', 'strategic planning']",27,Master's,7
69764348,Engineering,"['cpr', 'education', 'operations', 'safety', 'compliance', 'leadership', 'communication', 'public speaking', 'civil engineering', 'troubleshooting']",0,Master's,10
18882984,Engineering,"['education', 'customer service', 'recruitment', 'data entry', 'operations', 'anatomy', 'compliance', 'communication', 'leadership', 'time management', 'litigation', 'accounting', 'excel', 'nursing', 'physiology']",7,High School / Diploma,15
45475027,Engineering,"['education', 'risk management', 'budgeting', 'operations', 'construction management', 'quality control', 'safety', 'compliance', 'communication', 'project management', 'civil engineering', 'pmp', 'mentoring']",0,Master's,13
34544955,Engineering,"['education', 'gaap', 'operations', 'quality control', 'safety', 'accounting', 'communication', 'compliance', 'excel']",14,High School / Diploma,9
93436805,Engineering,"['attention to detail', 'research', 'education', 'customer service', 'c', 'operations', 'communication', 'time management', 'public relations', 'powerpoint', 'excel']",0,Master's,11
39908485,Engineering,"['education', 'procurement', 'operations', 'quality control', 'construction management', 'safety', 'healthcare', 'hvac', 'compliance', 'leadership', 'communication', 'project management', 'civil engineering', 'excel', 'troubleshooting', 'negotiation']",21,Bachelor's,16
39566718,Engineering,"['cpr', 'strategy', 'education', 'operations', 'safety', 'compliance', 'project management', 'excel']",10,Master's,8
12666174,Engineering,"['education', 'project management', 'powerpoint', 'civil engineering', 'excel', 'autocad', 'negotiation']",20,Master's,7
20565849,Engineering,"['safety', 'education']",0,High School / Diploma,2
12693146,Engineering,"['education', 'teamwork', 'construction management', 'safety', 'compliance', 'powerpoint', 'project management', 'excel', 'autocad', 'revit']",0,Master's,10
14849103,Engineering,"['vendor management', 'strategy', 'education', 'risk management', 'c', 'procurement', 'operations', 'construction management', 'compliance', 'leadership', 'project management', 'civil engineering', 'six sigma']",0,Master's,13
10100240,Engineering,"['education', 'safety', 'multitasking', 'compliance', 'leadership', 'communication']",4,Master's,6
22894544,Engineering,"['cc', 'education', 'customer service', 'safety', 'time management', 'communication']",2,High School / Diploma,6
19928941,Engineering,"['education', 'supply chain', 'negotiation', 'operations']",0,Bachelor's,4
39027764,Engineering,"['education', 'conflict resolution', 'operations', 'construction management', 'leadership', 'communication', 'project management', 'problem solving', 'analytical', 'negotiation']",38,High School / Diploma,10
23818675,Engineering,"['education', 'budgeting', 'operations', 'construction management', 'compliance', 'communication', 'gis', 'project management', 'problem solving', 'powerpoint', 'excel', 'autocad']",20,Master's,12
24953126,Engineering,"['education', 'budgeting', 'communication', 'project management', 'critical thinking']",20,Master's,5
22718826,Engineering,"['payroll', 'education', 'procurement', 'budgeting', 'operations', 'quality control', 'safety', 'hvac', 'compliance', 'leadership', 'time management', 'project management', 'negotiation']",30,Master's,13
24361598,Engineering,"['education', 'budgeting', 'construction management', 'compliance', 'communication', 'excel', 'autocad', 'revit']",0,Bachelor's,8
20681037,Engineering,"['research', 'education', 'customer service', 'communication', 'powerpoint', 'excel']",0,Bachelor's,6
16924279,Engineering,"['education', 'manufacturing', 'c', 'operations', 'safety', 'communication', 'aviation', 'powerpoint', 'excel', 'troubleshooting']",0,Bachelor's,10
30311725,Engineering,"['education', 'procurement', 'operations', 'budgeting', 'construction management', 'quality control', 'safety', 'accounting', 'time management', 'compliance', 'leadership', 'project management', 'problem solving', 'communication', 'employee relations', 'accounts payable', 'strategic planning']",30,Master's,17
29061628,Engineering,"['safety', 'customer service', 'education']",0,Bachelor's,3
33023370,Engineering,"['safety', 'education', 'excel', 'operations']",8,High School / Diploma,4
32773331,Engineering,"['cpr', 'education', 'budgeting', 'procurement', 'accounting', 'communication', 'time management', 'leadership', 'civil engineering', 'excel']",20,Master's,10
10820510,Engineering,"['aws', 'education', 'procurement', 'operations', 'quality control', 'excel', 'shell', 'technical support']",6,Bachelor's,8
28949406,Engineering,"['education', 'c', 'teaching', 'compliance', 'time management', 'powerpoint', 'excel', 'autocad', 'revit']",0,High School / Diploma,9
12826414,Engineering,"['education', 'risk management', 'budgeting', 'operations', 'procurement', 'quality control', 'conflict resolution', 'safety', 'compliance', 'leadership', 'communication', 'public relations', 'project management', 'negotiation']",2,Master's,14
63083944,Engineering,"['attention to detail', 'cpr', 'education', 'risk management', 'customer service', 'budgeting', 'operations', 'construction management', 'safety', 'compliance', 'communication', 'time management', 'leadership', 'project management', 'employee relations']",0,Bachelor's,15
22546476,Engineering,"['cpr', 'education', 'operations', 'construction management', 'quality control', 'safety', 'compliance', 'leadership']",16,Master's,8
90032884,Engineering,"['attention to detail', 'education', 'safety', 'project management', 'problem solving']",0,Master's,5
27187994,Engineering,"['education', 'customer service']",0,Bachelor's,2
30397268,Engineering,"['attention to detail', 'customer service', 'education', 'budgeting', 'safety', 'accounting', 'project management', 'technical support', 'procurement', 'teamwork', 'communication', 'social media', 'excel', 'autocad', 'accounts payable', 'data entry', 'operations', 'inventory management', 'public relations']",0,Master's,19
78298706,Engineering,"['attention to detail', 'education', 'operations', 'safety', 'communication']",0,High School / Diploma,5
11650031,Engineering,"['education', 'customer service', 'operations', 'safety', 'compliance', 'leadership', 'time management', 'problem solving']",0,High School / Diploma,8
12695537,Engineering,"['mathematics', 'research', 'education', 'fluid mechanics', 'operations', 'safety', 'compliance', 'leadership', 'sem', 'communication', 'problem solving', 'matlab', 'analytical', 'thermodynamics']",0,PhD,14
31392754,Marketing & PR,"['customer service', 'healthcare', 'leadership', 'nursing', 'critical thinking', 'account management', 'education', 'recruitment', 'safety', 'public speaking', 'research', 'payroll', 'conflict resolution', 'compliance', 'powerpoint', 'excel', 'strategy', 'rehabilitation', 'salesforce', 'public relations']",15,Master's,20
23143731,Marketing & PR,"['research', 'education', 'customer service', 'social media', 'public relations', 'bloomberg', 'nursing']",0,High School / Diploma,7
26130673,Marketing & PR,"['communication', 'public relations', 'education', 'leadership']",0,Bachelor's,4
25070914,Marketing & PR,"['strategy', 'education', 'operations', 'quality control', 'leadership', 'public relations', 'media relations', 'social media', 'r', 'excel', 'event planning']",0,Master's,11
37913536,Marketing & PR,"['research', 'education', 'social media', 'public relations', 'excel', 'event planning']",0,Master's,6
14278888,Marketing & PR,"['education', 'logistics', 'operations', 'conflict resolution', 'compliance', 'accounting', 'public relations']",0,Bachelor's,7
28831442,Marketing & PR,"['education', 'customer service', 'c', 'conflict resolution', 'patient care', 'leadership', 'public relations', 'time management', 'r', 'excel', 'surgery']",0,High School / Diploma,11
98086373,Marketing & PR,"['education', 'budgeting', 'operations', 'photoshop', 'social media', 'public relations', 'media relations', 'leadership', 'b2c', 'copywriting']",0,Bachelor's,10
23673025,Marketing & PR,"['strategy', 'research', 'education', 'operations', 'safety', 'communication', 'public relations', 'media relations', 'social media', 'event planning', 'mentoring']",0,Bachelor's,11
10070224,Marketing & PR,"['education', 'healthcare', 'communication', 'public relations', 'media relations', 'social media', 'powerpoint', 'excel', 'email marketing']",5,Master's,9
28290448,Marketing & PR,"['strategy', 'research', 'education', 'adaptability', 'operations', 'seo', 'photoshop', 'healthcare', 'communication', 'public relations', 'media relations', 'social media', 'leadership', 'event planning', 'analytical']",0,Master's,15
24559558,Marketing & PR,"['research', 'education', 'after effects', 'photoshop', 'social media', 'public relations', 'r', 'media relations', 'graphic design']",20,PhD,9
28862054,Marketing & PR,"['education', 'customer service', 'c', 'recruitment', 'logistics', 'compliance', 'leadership', 'public relations', 'communication', 'social media']",4,Bachelor's,10
14536764,Marketing & PR,"['strategy', 'research', 'education', 'html', 'operations', 'salesforce', 'photoshop', 'healthcare', 'leadership', 'public relations', 'hospitality', 'illustrator', 'account management']",0,High School / Diploma,13
37087371,Marketing & PR,"['strategy', 'research', 'education', 'communication', 'public relations', 'php']",0,Bachelor's,6
12191094,Marketing & PR,"['b2b sales', 'research', 'education', 'customer service', 'operations', 'erp', 'healthcare', 'compliance', 'social media', 'public relations', 'communication', 'graphic design', 'nursing']",0,Master's,13
12920612,Marketing & PR,"['education', 'corporate communications', 'brand management', 'graphic design', 'communication', 'public relations', 'media relations', 'project management', 'event planning']",30,Bachelor's,9
14009087,Marketing & PR,"['research', 'education', 'html', 'operations', 'leadership', 'public relations', 'hospitality', 'media relations', 'communication', 'project management', 'social media', 'aviation', 'copywriting']",4,Master's,13
91197243,Marketing & PR,"['strategy', 'research', 'education', 'corporate communications', 'leadership', 'public relations', 'media relations', 'project management', 'social media', 'powerpoint', 'excel', 'event planning']",13,Master's,12
12545844,Marketing & PR,"['research', 'education', 'leadership', 'public relations', 'social media', 'project management', 'communication', 'event planning', 'account management']",0,Bachelor's,9
31292364,Marketing & PR,"['research', 'education', 'operations', 'corporate communications', 'healthcare', 'social media', 'public relations', 'media relations', 'communication', 'project management', 'css', 'leadership', 'strategic planning']",0,Bachelor's,13
11902276,Marketing & PR,"['cold calling', 'research', 'customer service', 'education', 'c', 'conflict resolution', 'time management', 'public relations', 'communication', 'financial reporting', 'leadership', 'financial analysis', 'analytical', 'critical thinking', 'negotiation']",0,Master's,15
18436190,Marketing & PR,"['research', 'education', 'logistics', 'salesforce', 'photoshop', 'communication', 'public relations', 'illustrator', 'powerpoint', 'media relations', 'leadership', 'excel']",7,Bachelor's,12
23771896,Marketing & PR,"['strategy', 'research', 'education', 'video editing', 'corporate communications', 'communication', 'public relations', 'media relations', 'project management', 'graphic design']",0,Bachelor's,10
25413261,Marketing & PR,"['education', 'recruitment', 'seo', 'corporate communications', 'brand management', 'communication', 'public relations', 'media relations', 'project management', 'social media', 'leadership', 'graphic design', 'copywriting', 'account management']",0,Bachelor's,14
49119887,Marketing & PR,"['strategy', 'education', 'risk management', 'operations', 'accounting', 'inventory management', 'public relations', 'social media', 'leadership', 'email marketing']",5,Bachelor's,10
27000192,Marketing & PR,"['strategy', 'research', 'education', 'healthcare', 'leadership', 'public relations', 'media relations', 'social media', 'communication', 'excel']",0,Master's,10
27257013,Marketing & PR,"['strategy', 'research', 'education', 'corporate communications', 'communication', 'public relations', 'media relations', 'leadership', 'social media', 'problem solving', 'excel', 'r']",0,Master's,12
45900271,Marketing & PR,"['attention to detail', 'strategy', 'education', 'customer service', 'logistics', 'healthcare', 'social media', 'public relations', 'communication', 'leadership']",0,High School / Diploma,10
22560013,Marketing & PR,"['strategy', 'education', 'budgeting', 'photoshop', 'art direction', 'time management', 'public relations', 'communication', 'illustrator', 'powerpoint', 'social media', 'excel', 'project management', 'graphic design']",0,High School / Diploma,14
24977396,Marketing & PR,"['research', 'education', 'recruitment', 'teaching', 'public speaking', 'communication', 'public relations', 'r', 'powerpoint', 'leadership', 'social media', 'event planning', 'critical thinking']",0,Bachelor's,13
14364597,Marketing & PR,"['education', 'customer service', 'operations', 'corporate communications', 'communication', 'public relations', 'powerpoint', 'excel', 'nursing']",0,Master's,9
59346975,Marketing & PR,"['strategy', 'education', 'html', 'content marketing', 'seo', 'photoshop', 'brand management', 'accounting', 'social media', 'public relations', 'hospitality', 'project management', 'crm', 'media relations', 'graphic design']",0,Master's,15
11850315,Marketing & PR,"['strategy', 'education', 'google analytics', 'public speaking', 'communication', 'public relations', 'media relations', 'powerpoint', 'social media', 'leadership', 'excel', 'event planning']",0,Master's,12
24710433,Marketing & PR,"['customer service', 'litigation', 'critical thinking', 'education', 'public speaking', 'project management', 'graphic design', 'copywriting', 'research', 'payroll', 'photoshop', 'teaching', 'compliance', 'communication', 'time management', 'social media', 'powerpoint', 'problem solving', 'strategy', 'public relations', 'media relations', 'event planning', 'email marketing']",0,PhD,23
21297828,Marketing & PR,"['education', 'communication', 'public relations', 'social media', 'powerpoint', 'excel', 'event planning']",0,Bachelor's,7
26330995,Marketing & PR,"['strategy', 'education', 'recruitment', 'rehabilitation', 'communication', 'public relations', 'project management', 'analytical', 'critical thinking']",0,Bachelor's,9
30642458,Marketing & PR,"['attention to detail', 'research', 'education', 'operations', 'social media', 'public relations', 'excel', 'copywriting', 'accounts payable']",0,Master's,9
19503224,Marketing & PR,"['research', 'education', 'c', 'budgeting', 'photoshop', 'accounting', 'communication', 'public relations', 'financial reporting', 'media relations', 'social media', 'illustrator', 'excel', 'leadership', 'r']",7,Master's,15
36107065,Marketing & PR,"['attention to detail', 'leadership', 'critical thinking', 'education', 'accounting', 'r', 'project management', 'strategic planning', 'research', 'c', 'brand management', 'social media', 'communication', 'statistics', 'powerpoint', 'excel', 'taxation', 'gcp', 'operations', 'clinical research', 'public relations', 'sql']",7,Bachelor's,22
10554045,Marketing & PR,"['cpr', 'payroll', 'customer service', 'education', 'operations', 'accounts receivable', 'compliance', 'accounting', 'public relations', 'financial reporting', 'powerpoint', 'excel', 'accounts payable']",0,Master's,13
29525715,Marketing & PR,"['education', 'instructional design', 'budgeting', 'teaching', 'leadership', 'communication', 'media relations', 'project management', 'problem solving', 'social media', 'curriculum development', 'strategic planning']",0,Master's,12
15917885,Marketing & PR,"['research', 'education', 'recruitment', 'operations', 'healthcare', 'public relations', 'media relations']",0,High School / Diploma,7
12567516,Marketing & PR,"['strategy', 'research', 'education', 'logistics', 'seo', 'corporate communications', 'healthcare', 'graphic design', 'public speaking', 'social media', 'media relations', 'communication', 'public relations', 'excel', 'event planning', 'employee relations', 'copywriting']",0,Bachelor's,17
21478007,Marketing & PR,"['strategy', 'research', 'education', 'customer service', 'payroll', 'safety', 'photoshop', 'leadership', 'public relations', 'social media', 'communication', 'problem solving', 'excel', 'event planning']",5,Bachelor's,14
24590489,Marketing & PR,"['attention to detail', 'education', 'customer service', 'operations', 'accounts receivable', 'accounting', 'communication', 'time management', 'compliance', 'accounts payable']",0,Bachelor's,10
14667659,Marketing & PR,"['research', 'education', 'customer service', 'payroll', 'operations', 'safety', 'leadership', 'communication', 'public relations', 'project management', 'excel', 'medical billing', 'account management']",0,Master's,13
19929506,Marketing & PR,"['education', 'corporate communications', 'photoshop', 'social media', 'public relations', 'communication', 'project management', 'illustrator', 'event planning']",0,Bachelor's,9
31220062,Marketing & PR,"['strategy', 'research', 'education', 'budgeting', 'logistics', 'brand management', 'time management', 'public relations', 'communication', 'project management', 'media relations', 'social media', 'negotiation']",10,High School / Diploma,13
26173524,Marketing & PR,"['research', 'education', 'recruitment', 'operations', 'photoshop', 'compliance', 'communication', 'public relations', 'project management', 'problem solving', 'troubleshooting', 'event planning', 'analytical', 'strategic planning']",0,Master's,14
85973397,Marketing & PR,"['strategy', 'research', 'education', 'c', 'patient care', 'operations', 'healthcare', 'compliance', 'communication', 'public relations', 'leadership']",10,Master's,11
18133495,Marketing & PR,"['unix', 'education', 'patient care', 'mentoring', 'photoshop', 'communication', 'public relations', 'leadership', 'project management', 'powerpoint', 'emr', 'linux', 'nursing', 'sql']",0,Master's,14
14128006,Marketing & PR,"['strategy', 'research', 'education', 'google analytics', 'logistics', 'photoshop', 'social media', 'sem', 'public relations', 'communication', 'illustrator', 'copywriting', 'analytical']",0,Bachelor's,13
16620172,Marketing & PR,"['strategy', 'research', 'education', 'c', 'recruitment', 'operations', 'social media', 'public relations', 'leadership', 'communication', 'email marketing', 'copywriting']",0,Master's,12
25001005,Marketing & PR,"['strategy', 'research', 'education', 'c', 'patient care', 'operations', 'healthcare', 'public speaking', 'communication', 'public relations', 'leadership', 'social media', 'compliance']",10,Master's,13
19497420,Marketing & PR,"['strategy', 'research', 'education', 'account management', 'customer service', 'procurement', 'operations', 'leadership', 'social media', 'communication', 'project management', 'problem solving', 'public relations', 'performance management', 'critical thinking', 'strategic planning']",10,Bachelor's,16
37375999,Marketing & PR,"['strategy', 'research', 'education', 'logistics', 'google analytics', 'ux', 'corporate communications', 'social media', 'public relations', 'communication', 'project management', 'graphic design', 'email marketing']",0,Bachelor's,13
11160414,Marketing & PR,"['strategy', 'research', 'education', 'customer service', 'seo', 'safety', 'communication', 'crm', 'r', 'social media', 'public relations', 'project management', 'email marketing', 'copywriting', 'account management']",0,High School / Diploma,15
85766635,Marketing & PR,"['research', 'education', 'customer service', 'photoshop', 'accounting', 'compliance', 'public relations', 'leadership', 'powerpoint', 'social media', 'communication', 'excel', 'event planning', 'employee relations', 'hris']",4,Bachelor's,15
16226743,Marketing & PR,"['strategy', 'education', 'c', 'corporate communications', 'healthcare', 'clinical research', 'auditing', 'social media', 'media relations', 'public relations', 'project management', 'communication']",0,Master's,12
61319162,Marketing & PR,"['strategy', 'research', 'education', 'operations', 'corporate finance', 'compliance', 'communication', 'public relations', 'social media', 'leadership', 'strategic planning']",0,Master's,11
38056161,Marketing & PR,"['research', 'education', 'rehabilitation', 'communication', 'media relations', 'social media', 'project management', 'powerpoint', 'public relations', 'excel', 'aviation']",0,Master's,11
65237556,Marketing & PR,"['education', 'customer service', 'logistics', 'photoshop', 'tableau', 'crm', 'communication', 'financial reporting', 'public relations', 'financial analysis', 'negotiation']",0,High School / Diploma,11
75329822,Marketing & PR,"['strategy', 'research', 'education', 'corporate communications', 'graphic design', 'social media', 'public relations', 'media relations', 'project management', 'leadership', 'event planning']",0,High School / Diploma,11
11624880,Marketing & PR,"['research', 'education', 'photoshop', 'communication', 'illustrator', 'public relations']",0,Bachelor's,6
31211074,Marketing & PR,"['research', 'education', 'customer service', 'public relations', 'project management', 'powerpoint', 'statistics', 'excel']",0,High School / Diploma,8
21669215,Marketing & PR,"['research', 'education', 'customer service', 'salesforce', 'bls', 'healthcare', 'social media', 'public relations', 'communication', 'analytical']",0,Master's,10
19558834,Marketing & PR,"['strategy', 'research', 'education', 'logistics', 'operations', 'communication', 'public relations', 'r', 'leadership', 'tutoring']",0,Bachelor's,10
53701275,Marketing & PR,"['strategy', 'research', 'payroll', 'risk management', 'recruitment', 'education', 'conflict resolution', 'safety', 'compliance', 'leadership', 'communication', 'public relations', 'powerpoint', 'excel', 'performance management', 'strategic planning']",10,High School / Diploma,16
22455205,Marketing & PR,"['attention to detail', 'cc', 'payroll', 'customer service', 'education', 'research', 'operations', 'leadership', 'public relations', 'statistics', 'powerpoint', 'excel', 'critical thinking']",0,Bachelor's,13
20966771,Marketing & PR,"['attention to detail', 'research', 'education', 'customer service', 'photoshop', 'graphic design', 'social media', 'public relations', 'illustrator', 'powerpoint', 'media relations', 'communication', 'excel', 'tutoring', 'event planning', 'time management', 'presentation skills']",0,Master's,17
19072267,Marketing & PR,"['customer service', 'advocacy', 'leadership', 'education', 'html', 'budgeting', 'recruitment', 'accounting', 'r', 'project management', 'strategic planning', 'research', 'payroll', 'c', 'gaap', 'procurement', 'teaching', 'photoshop', 'communication', 'social media', 'time management', 'statistics', 'powerpoint', 'excel', 'public relations', 'media relations', 'event planning', 'mentoring']",0,PhD,28
21321598,Marketing & PR,"['research', 'data entry', 'customer service', 'education', 'accounts receivable', 'communication', 'time management', 'public relations', 'social media', 'leadership', 'excel', 'graphic design']",0,High School / Diploma,12
11842274,Marketing & PR,"['education', 'customer service', 'c', 'operations', 'guest relations', 'safety', 'accounting', 'communication', 'public relations', 'hospitality', 'blender']",7,High School / Diploma,11
21549195,Marketing & PR,"['strategy', 'research', 'education', 'customer service', 'budgeting', 'social media', 'public relations', 'media relations', 'project management', 'communication', 'leadership']",0,Bachelor's,11
36671891,Marketing & PR,"['attention to detail', 'strategy', 'research', 'education', 'supply chain', 'public speaking', 'communication', 'public relations', 'leadership', 'media relations', 'graphic design', 'strategic planning']",0,Bachelor's,12
51415089,Marketing & PR,"['public relations', 'hospitality', 'education']",0,Bachelor's,3
28531493,Marketing & PR,"['strategy', 'research', 'education', 'recruitment', 'seo', 'communication', 'public relations', 'social media', 'leadership', 'project management', 'hospitality', 'event planning', 'negotiation', 'strategic planning']",0,Bachelor's,14
16103783,Marketing & PR,"['attention to detail', 'research', 'education', 'customer service', 'payroll', 'manufacturing', 'operations', 'safety', 'multitasking', 'compliance', 'communication', 'public relations', 'powerpoint', 'excel', 'event planning']",0,Bachelor's,15
11635137,Marketing & PR,"['education', 'customer service', 'budgeting', 'operations', 'corporate communications', 'social media', 'public relations', 'leadership', 'communication', 'strategic planning']",0,Bachelor's,10
13129275,Marketing & PR,"['scala', 'education', 'photoshop', 'social media', 'media relations', 'illustrator', 'communication', 'problem solving', 'public relations', 'excel', 'event planning', 'analytical', 'strategic planning']",0,Bachelor's,13
20470943,Marketing & PR,"['attention to detail', 'payroll', 'customer service', 'education', 'google analytics', 'photoshop', 'time management', 'social media', 'illustrator', 'communication', 'problem solving', 'public relations', 'excel', 'analytical', 'account management']",0,Master's,15
23015611,Marketing & PR,"['artificial intelligence', 'education', 'logistics', 'content marketing', 'social media', 'media relations', 'public relations', 'email marketing', 'machine learning', 'account management']",10,Bachelor's,10
34712719,Marketing & PR,"['attention to detail', 'education', 'operations', 'leadership', 'communication', 'public relations', 'powerpoint', 'social media', 'illustrator', 'excel', 'problem solving', 'graphic design', 'analytical']",1,High School / Diploma,13
14910300,Marketing & PR,"['strategy', 'education', 'customer service', 'quality control', 'corporate communications', 'photoshop', 'social media', 'leadership', 'communication', 'project management', 'powerpoint', 'media relations', 'excel', 'public relations', 'event planning']",0,Bachelor's,15
21386255,Marketing & PR,"['research', 'education', 'logistics', 'public relations', 'powerpoint', 'excel', 'event planning']",0,Bachelor's,7
88651471,Marketing & PR,"['research', 'education', 'oracle', 'safety', 'accounting', 'communication', 'leadership', 'public relations', 'powerpoint', 'business intelligence', 'problem solving', 'excel', 'six sigma', 'pmp', 'analytical', 'critical thinking', 'negotiation']",0,Master's,17
22861181,Marketing & PR,"['research', 'payroll', 'customer service', 'recruitment', 'education', 'operations', 'accounts receivable', 'teaching', 'photoshop', 'accounting', 'communication', 'public relations', 'hospitality', 'powerpoint', 'excel', 'analytical', 'accounts payable']",0,Master's,17
45462344,Marketing & PR,"['education', 'manufacturing', 'photoshop', 'social media', 'public relations', 'media relations', 'leadership']",0,Bachelor's,7
24677466,Marketing & PR,"['strategy', 'education', 'payroll', 'oracle', 'logistics', 'google analytics', 'procurement', 'seo', 'brand management', 'social media', 'public relations', 'communication', 'project management', 'media relations']",17,Master's,14
23602130,Marketing & PR,"['attention to detail', 'strategy', 'education', 'logistics', 'public relations']",6,Bachelor's,5
13915715,Marketing & PR,"['leadership', 'public relations', 'education', 'excel']",0,Master's,4
13727873,Marketing & PR,"['attention to detail', 'strategy', 'research', 'education', 'budgeting', 'operations', 'zendesk', 'communication', 'project management', 'powerpoint', 'excel', 'event planning', 'talent acquisition']",1,Bachelor's,13
93828034,Marketing & PR,"['research', 'education', 'operations', 'seo', 'photoshop', 'ux', 'healthcare', 'leadership', 'social media', 'powerpoint', 'project management', 'excel', 'copywriting']",20,Master's,13
24491862,Marketing & PR,"['strategy', 'research', 'education', 'customer service', 'google analytics', 'teamwork', 'time management', 'public relations', 'social media', 'leadership', 'communication']",0,Bachelor's,11
29329075,Marketing & PR,"['research', 'payroll', 'customer service', 'education', 'operations', 'communication', 'public relations', 'r', 'event planning']",0,Master's,9
33072201,Marketing & PR,"['video editing', 'client retention', 'leadership', 'aviation', 'account management', 'education', 'budgeting', 'crm', 'illustrator', 'strategic planning', 'research', 'oracle', 'procurement', 'photoshop', 'teaching', 'communication', 'social media', 'powerpoint', 'excel', 'strategy', 'public relations', 'negotiation']",15,Master's,22
23631724,Marketing & PR,"['education', 'photoshop', 'social media', 'media relations', 'communication', 'powerpoint', 'analytical', 'strategic planning']",0,Bachelor's,8
14611516,Marketing & PR,"['strategy', 'research', 'education', 'operations', 'social media', 'public relations', 'media relations', 'python', 'critical thinking', 'strategic planning']",0,Bachelor's,10
32441790,Marketing & PR,"['data entry', 'customer service', 'recruitment', 'education', 'accounts receivable', 'leadership', 'public relations', 'r', 'communication', 'analytical', 'accounts payable']",0,Bachelor's,11
12237267,Marketing & PR,"['education', 'customer service', 'logistics', 'operations', 'public relations']",0,Bachelor's,5
42332765,Marketing & PR,"['strategy', 'research', 'education', 'manufacturing', 'c', 'lead generation', 'salesforce', 'corporate communications', 'healthcare', 'leadership', 'public relations', 'communication', 'powerpoint', 'problem solving', 'excel', 'event planning', 'strategic planning']",0,Bachelor's,17
26127853,Marketing & PR,"['cpr', 'payroll', 'customer service', 'education', 'teaching', 'safety', 'inventory management', 'public relations', 'communication', 'powerpoint']",0,Associate's,10
10926726,Marketing & PR,"['strategy', 'research', 'education', 'procurement', 'logistics', 'photoshop', 'communication', 'leadership', 'social media', 'project management', 'powerpoint', 'public relations', 'excel', 'event planning', 'presentation skills']",0,Bachelor's,15
14966165,Marketing & PR,"['strategy', 'education', 'recruitment', 'teamwork', 'budgeting', 'operations', 'rehabilitation', 'compliance', 'public speaking', 'public relations', 'leadership']",15,Bachelor's,11
22754014,Marketing & PR,"['research', 'data entry', 'customer service', 'education', 'seo', 'public speaking', 'social media', 'public relations', 'media relations', 'project management', 'graphic design', 'analytical', 'technical support']",0,Bachelor's,13
28975482,Marketing & PR,"['payroll', 'customer service', 'education', 'operations', 'mentoring', 'accounting', 'financial reporting', 'public relations', 'communication', 'problem solving', 'analytical']",0,Bachelor's,11
21663616,Marketing & PR,"['education', 'adaptability', 'customer service', 'teamwork', 'budgeting', 'operations', 'conflict resolution', 'mentoring', 'corporate communications', 'public speaking', 'communication', 'leadership', 'public relations', 'project management', 'employee relations', 'presentation skills', 'analytical', 'critical thinking']",0,Bachelor's,18
10873344,Marketing & PR,"['research', 'education', 'customer service', 'oracle', 'salesforce', 'photoshop', 'communication', 'social media', 'public relations', 'powerpoint', 'excel']",0,Bachelor's,11
41590605,Marketing & PR,"['strategy', 'research', 'education', 'logistics', 'operations', 'seo', 'photoshop', 'sap', 'communication', 'public relations', 'media relations', 'project management', 'problem solving', 'social media', 'excel', 'powerpoint', 'event planning', 'illustrator']",0,Bachelor's,18
23048999,Marketing & PR,"['education', 'recruitment', 'operations', 'communication', 'public relations', 'leadership', 'nursing', 'event planning', 'mentoring']",0,PhD,9
74552449,Banking & Insurance,"['customer service', 'leadership', 'financial analysis', 'education', 'html', 'accounting', 'illustrator', 'analytical', 'research', 'photoshop', 'communication', 'statistics', 'powerpoint', 'excel', 'operations', 'salesforce', 'financial reporting', 'public relations', 'negotiation']",0,Master's,19
79041971,Banking & Insurance,"['attention to detail', 'education', 'customer service']",0,High School / Diploma,3
77156708,Banking & Insurance,"['strategy', 'education', 'recruitment', 'operations', 'salesforce', 'accounting', 'social media', 'public relations', 'leadership', 'project management', 'financial analysis', 'event planning', 'analytical', 'sql']",0,Master's,14
24580361,Banking & Insurance,"['education', 'html', 'operations', 'sap', 'investment banking', 'communication', 'time management', 'leadership', 'powerpoint', 'problem solving', 'compliance', 'excel', 'troubleshooting', 'analytical', 'six sigma']",0,Bachelor's,15
34953092,Banking & Insurance,"['mathematics', 'vba', 'research', 'education', 'risk management', 'c', 'bloomberg', 'python', 'r', 'financial analysis', 'matlab', 'analytical', 'machine learning', 'sql']",0,Master's,14
17189156,Banking & Insurance,"['education', 'customer service', 'payroll', 'operations', 'compliance', 'communication', 'excel', 'analytical']",6,High School / Diploma,8
19920687,Banking & Insurance,"['cc', 'research', 'customer service', 'education', 'operations', 'compliance', 'project management', 'excel', 'performance management']",0,High School / Diploma,9
26579709,Banking & Insurance,"['research', 'education', 'oracle', 'operations', 'quality control', 'safety', 'compliance', 'leadership', 'auditing', 'communication', 'project management', 'powerpoint', 'problem solving', 'excel', 'presentation skills', 'analytical', 'negotiation']",0,Master's,17
29093426,Banking & Insurance,"['data entry', 'education', 'customer service', 'operations', 'accounting', 'compliance', 'communication', 'r', 'financial reporting', 'problem solving']",17,Master's,10
33286293,Banking & Insurance,"['research', 'financial modeling', 'education', 'operations', 'public speaking', 'investment banking', 'accounting', 'communication', 'leadership', 'hedge funds']",0,Bachelor's,10
29552167,Banking & Insurance,"['leadership', 'communication', 'customer service', 'education']",7,Bachelor's,4
69243180,Banking & Insurance,"['strategy', 'education', 'leadership', 'excel', 'mentoring']",10,Master's,5
26987539,Banking & Insurance,"['payroll', 'customer service', 'recruitment', 'education', 'operations', 'onboarding', 'social media', 'hospitality', 'project management', 'problem solving', 'public relations', 'excel', 'event planning', 'analytical', 'account management']",9,Bachelor's,15
17276884,Banking & Insurance,"['research', 'education', 'risk management', 'oracle', 'operations', 'accounts receivable', 'compliance', 'leadership', 'communication', 'r', 'project management', 'problem solving', 'powerpoint', 'excel', 'accounting', 'negotiation']",0,Bachelor's,16
22615491,Banking & Insurance,"['cpr', 'education', 'powerpoint', 'excel']",0,Bachelor's,4
45167858,Banking & Insurance,"['education', 'customer service', 'operations', 'conflict resolution', 'communication', 'excel']",7,Bachelor's,6
13982572,Banking & Insurance,"['research', 'education', 'customer service', 'risk management', 'payroll', 'operations', 'conflict resolution', 'quality control', 'compliance', 'leadership', 'accounting', 'auditing', 'communication', 'time management', 'analytical', 'accounts payable']",12,High School / Diploma,16
3547447,Banking & Insurance,"['attention to detail', 'data entry', 'risk management', 'c', 'education', 'operations', 'quality control', 'compliance', 'auditing', 'powerpoint', 'excel']",3,Bachelor's,11
98965485,Banking & Insurance,"['strategy', 'education', 'risk management', 'budgeting', 'operations', 'compliance', 'communication', 'leadership', 'financial reporting', 'project management', 'problem solving', 'powerpoint', 'excel', 'analytical', 'strategic planning']",3,Master's,15
38897568,Banking & Insurance,"['research', 'education', 'customer service', 'sap', 'communication', 'time management', 'r', 'powerpoint', 'excel', 'negotiation']",0,Bachelor's,10
12021752,Banking & Insurance,"['research', 'education', 'compliance', 'leadership', 'investment banking', 'hedge funds']",0,Bachelor's,6
19149865,Banking & Insurance,"['payroll', 'customer service', 'c', 'procurement', 'operations', 'conflict resolution', 'education', 'accounting', 'communication', 'r', 'ticketing system', 'excel', 'technical support']",0,Master's,13
29839396,Banking & Insurance,"['research', 'education', 'c', 'operations', 'investment banking', 'java', 'leadership', 'python', 'statistics', 'compliance', 'financial analysis', 'excel', 'thermodynamics']",0,Bachelor's,13
15856762,Banking & Insurance,"['strategy', 'education', 'c', 'sales strategy', 'operations', 'recruitment', 'oracle', 'corporate finance', 'compliance', 'public speaking', 'accounting', 'leadership', 'project management', 'excel', 'strategic planning']",0,Bachelor's,15
18208580,Banking & Insurance,"['cold calling', 'education', 'customer service', 'c', 'operations', 'accounting', 'leadership', 'social media', 'communication', 'financial reporting', 'problem solving', 'compliance', 'excel', 'analytical', 'accounts payable', 'negotiation', 'strategic planning']",2,Bachelor's,17
17396388,Banking & Insurance,"['education', 'customer service', 'adaptability', 'risk management', 'operations', 'leadership', 'time management', 'problem solving', 'negotiation', 'strategic planning']",15,Bachelor's,10
28419927,Banking & Insurance,"['education', 'operations', 'healthcare', 'client retention', 'leadership', 'crm', 'wealth management']",2,Master's,7
87867370,Banking & Insurance,"['strategy', 'education', 'customer service', 'oracle', 'operations', 'mentoring', 'client retention', 'compliance', 'leadership', 'project management', 'problem solving', 'powerpoint', 'excel', 'analytical', 'strategic planning']",0,Master's,15
27120528,Banking & Insurance,"['research', 'education', 'customer service', 'operations', 'quality control', 'photoshop', 'communication', 'litigation', 'problem solving', 'excel', 'linux', 'elearning']",0,Master's,12
70667011,Banking & Insurance,"['education', 'risk management', 'customer service', 'gaap', 'operations', 'quality control', 'compliance', 'communication', 'financial analysis', 'employee relations']",0,Master's,10
36302399,Banking & Insurance,"['cold calling', 'education', 'customer service', 'risk management', 'budgeting', 'compliance', 'leadership', 'onboarding', 'communication', 'accounting', 'statistics', 'performance management']",0,Bachelor's,12
89049979,Banking & Insurance,"['research', 'education', 'risk management', 'teamwork', 'intellectual property', 'healthcare', 'compliance', 'investment banking', 'litigation', 'powerpoint', 'project management', 'dispute resolution', 'excel', 'pmp', 'analytical']",0,Bachelor's,15
43375498,Banking & Insurance,"['education', 'customer service', 'operations', 'compliance', 'mentoring']",3,Bachelor's,5
30713796,Banking & Insurance,"['education', 'customer service', 'operations', 'food safety', 'quality control', 'safety', 'compliance', 'excel']",0,High School / Diploma,8
18805506,Banking & Insurance,"['research', 'education', 'risk management', 'teamwork', 'accounting', 'bloomberg', 'project management', 'analytical']",12,Master's,8
39247950,Banking & Insurance,"['unix', 'education', 'html', 'c', 'oracle', 'azure', 'communication', 'css', 'javascript', 'technical support', 'sql']",3,Bachelor's,11
30127072,Banking & Insurance,"['education', 'customer service', 'operations', 'compliance', 'financial reporting', 'accounting', 'leadership', 'portfolio management']",25,Master's,8
11065180,Banking & Insurance,"['education', 'operations', 'photoshop', 'compliance', 'time management', 'communication', 'illustrator', 'powerpoint', 'onboarding', 'critical thinking', 'excel', 'problem solving', 'employee relations', 'performance management']",0,Bachelor's,14
11637468,Banking & Insurance,"['education', 'manufacturing', 'c', 'accounting', 'crm', 'communication', 'leadership', 'powerpoint', 'excel', 'accounts payable']",25,High School / Diploma,10
54421668,Banking & Insurance,"['strategy', 'research', 'education', 'customer service', 'risk management', 'operations', 'compliance', 'leadership', 'excel', 'mentoring']",0,Master's,10
13393401,Banking & Insurance,"['education', 'c', 'communication', 'leadership', 'project management', 'financial analysis', 'mentoring', 'negotiation', 'strategic planning']",0,High School / Diploma,9
71422121,Banking & Insurance,"['vendor management', 'education', 'oracle', 'quality control', 'compliance', 'communication', 'scrum', 'inventory management', 'excel', 'analytical', 'sql']",4,Master's,11
18457785,Banking & Insurance,"['unix', 'education', 'teamwork', 'compliance', 'communication', 'project management', 'troubleshooting', 'graphic design', 'sql']",0,Master's,9
21856577,Banking & Insurance,"['education', 'customer service', 'risk management', 'teamwork', 'operations', 'c', 'compliance', 'communication', 'leadership']",0,High School / Diploma,9
21645690,Banking & Insurance,"['research', 'education', 'customer service', 'operations', 'conflict resolution', 'quality control', 'accounts receivable', 'compliance', 'financial reporting', 'leadership', 'project management', 'problem solving', 'statistics', 'wealth management', 'excel', 'powerpoint', 'analytical', 'accounts payable']",20,Master's,18
25780596,Banking & Insurance,"['education', 'customer service', 'payroll', 'operations', 'accounting', 'compliance', 'excel']",15,Bachelor's,7
34185495,Banking & Insurance,"['education', 'investment banking', 'bloomberg', 'r', 'financial analysis', 'excel']",1,Master's,6
35483925,Banking & Insurance,"['education', 'oracle', 'lead generation', 'operations', 'salesforce', 'sap', 'healthcare', 'compliance', 'crm', 'r', 'powerpoint', 'excel', 'hipaa', 'sql', 'account management']",6,Master's,15
19374660,Banking & Insurance,"['cpr', 'cc', 'data entry', 'payroll', 'customer service', 'education', 'operations', 'safety', 'accounting', 'communication', 'powerpoint', 'excel']",0,High School / Diploma,12
34758680,Banking & Insurance,"['vendor management', 'vba', 'research', 'education', 'budgeting', 'negotiation', 'accounting', 'leadership', 'communication', 'excel', 'analytical', 'sql']",0,Master's,12
21297521,Banking & Insurance,"['aws', 'azure', 'computer vision', 'kanban', 'deep learning', 'devops', 'jenkins', 'vendor management', 'sqlite', 'docker', 'education', 'html', 'typescript', 'kubernetes', 'java', 'project management', 'linux', 'analytical', 'strategic planning', 'objective-c', 'c', 'oracle', 'conflict resolution', 'compliance', 'communication', 'scrum', 'problem solving', 'nlp', 'php', 'strategy', 'operations', 'mysql', 'ux', 'a/b testing', 'javascript', 'mentoring', 'sql']",0,Master's,37
23323001,Banking & Insurance,"['payroll', 'customer service', 'education', 'safety', 'sap', 'time management', 'communication', 'statistics', 'problem solving', 'project management', 'excel', 'taxation', 'presentation skills']",0,Master's,13
25080805,Banking & Insurance,"['research', 'education', 'customer service', 'c', 'communication', 'leadership', 'r', 'powerpoint', 'statistics', 'excel', 'random forest']",0,Master's,11
27606527,Banking & Insurance,"['research', 'education', 'customer service', 'operations', 'zendesk', 'safety', 'ticketing system', 'powerpoint', 'excel', 'troubleshooting', 'sql']",7,Master's,11
33872500,Banking & Insurance,"['financial modeling', 'risk management', 'data entry', 'gaap', 'operations', 'recruitment', 'education', 'accounts receivable', 'safety', 'compliance', 'accounting', 'accounts payable', 'financial analysis', 'technical support']",0,Master's,14
18172739,Banking & Insurance,"['research', 'education', 'logistics', 'compliance', 'leadership', 'time management', 'communication', 'project management', 'problem solving', 'portfolio management', 'excel', 'powerpoint']",0,Master's,12
32980197,Banking & Insurance,"['research', 'education', 'customer service', 'operations', 'compliance', 'leadership', 'communication', 'excel', 'analytical']",0,Bachelor's,9
11672279,Banking & Insurance,"['education', 'operations', 'compliance', 'investment banking', 'bloomberg', 'accounting', 'portfolio management', 'project management', 'leadership']",0,Master's,9
33135102,Banking & Insurance,"['research', 'education', 'customer service', 'compliance', 'communication']",1,Bachelor's,5
20850529,Banking & Insurance,"['research', 'payroll', 'customer service', 'education', 'data entry', 'conflict resolution', 'negotiation', 'client retention', 'compliance', 'accounting', 'communication', 'leadership', 'mentoring', 'sql', 'account management']",0,High School / Diploma,15
34783330,Banking & Insurance,"['research', 'education', 'risk management', 'customer service', 'gaap', 'operations', 'accounts receivable', 'client retention', 'accounting', 'communication', 'compliance', 'investment banking', 'problem solving', 'financial analysis', 'analytical', 'accounts payable', 'medical billing']",0,Master's,17
33370664,Banking & Insurance,"['education', 'advocacy', 'treatment planning', 'healthcare', 'communication', 'public relations', 'problem solving', 'analytical']",0,Bachelor's,8
17823436,Banking & Insurance,"['research', 'education', 'manufacturing', 'html', 'oracle', 'c', 'erp', 'sap', 'healthcare', 'java', 'crm', 'communication', 'business intelligence', 'problem solving', 'troubleshooting', 'linux', 'sql']",0,Master's,17
15553584,Banking & Insurance,"['research', 'operations', 'education', 'accounting']",0,Master's,4
39569771,Banking & Insurance,"['education', 'operations', 'accounting', 'compliance', 'communication', 'bloomberg', 'project management', 'portfolio management', 'leadership', 'excel', 'taxation', 'problem solving']",0,High School / Diploma,12
11842348,Banking & Insurance,"['research', 'education', 'customer service', 'leadership', 'wealth management']",0,Bachelor's,5
36905896,Banking & Insurance,"['attention to detail', 'education', 'customer service', 'operations']",0,Bachelor's,4
13173522,Banking & Insurance,"['payroll', 'education', 'social media', 'public relations', 'leadership', 'powerpoint', 'excel']",10,Master's,7
25624652,Banking & Insurance,"['education', 'customer service', 'budgeting', 'accounts receivable', 'compliance', 'communication', 'accounts payable', 'strategic planning']",7,Master's,8
11262933,Banking & Insurance,"['cpr', 'data entry', 'customer service', 'education', 'operations', 'compliance', 'communication', 'powerpoint', 'nursing', 'excel', 'mentoring', 'analytical', 'account management']",0,Bachelor's,13
10909673,Banking & Insurance,"['project management', 'risk management', 'education', 'compliance']",0,Bachelor's,4
98348532,Banking & Insurance,"['unix', 'education', 'oracle', 'agile methodology', 'data warehouse', 'compliance', 'troubleshooting', 'analytical', 'sql']",0,Bachelor's,9
19176318,Banking & Insurance,"['manufacturing', 'corporate finance', 'financial analysis', 'education', 'sap', 'accounting', 'auditing', 'analytical', 'research', 'payroll', 'gaap', 'compliance', 'statistics', 'powerpoint', 'emr', 'excel', 'performance management', 'financial reporting', 'sql']",0,Master's,19
17818707,Banking & Insurance,"['strategy', 'education', 'recruitment', 'operations', 'patient care', 'photoshop', 'safety', 'healthcare', 'compliance', 'communication', 'excel', 'negotiation']",18,Bachelor's,12
17213671,Banking & Insurance,"['attention to detail', 'cpr', 'data entry', 'customer service', 'education', 'operations', 'photoshop', 'multitasking', 'safety', 'time management', 'communication', 'powerpoint', 'excel']",0,Bachelor's,13
31025785,Banking & Insurance,"['strategy', 'research', 'financial modeling', 'education', 'operations', 'healthcare', 'powerpoint', 'excel']",0,Master's,8
60489316,Banking & Insurance,"['research', 'education', 'c', 'oracle', 'leadership', 'troubleshooting', 'linux', 'devops', 'analytical', 'sql']",11,Bachelor's,10
60182829,Banking & Insurance,"['strategy', 'education', 'account management', 'risk management', 'budgeting', 'operations', 'accounting', 'leadership', 'communication', 'compliance', 'project management', 'employee relations', 'strategic planning']",0,Master's,13
21796843,Banking & Insurance,"['strategy', 'education', 'risk management', 'recruitment', 'operations', 'teaching', 'erp', 'compliance', 'leadership', 'employee relations', 'mentoring', 'performance management', 'hris']",0,Master's,13
65864767,Banking & Insurance,"['cpr', 'strategy', 'education', 'customer service', 'c', 'teamwork', 'recruitment', 'equities', 'client retention', 'accounting', 'communication', 'compliance', 'r', 'leadership']",0,High School / Diploma,14
11773925,Banking & Insurance,"['research', 'education', 'recruitment', 'lead generation', 'operations', 'salesforce', 'healthcare', 'powerpoint', 'excel', 'negotiation']",4,Master's,10
26673507,Banking & Insurance,"['education', 'customer service', 'risk management', 'operations', 'accounting', 'time management', 'leadership', 'financial analysis', 'excel', 'analytical']",15,Master's,10
72876163,Banking & Insurance,"['vendor management', 'strategy', 'education', 'risk management', 'c', 'budgeting', 'conflict resolution', 'compliance', 'leadership', 'communication', 'litigation', 'project management', 'troubleshooting', 'presentation skills', 'technical support']",0,Master's,15
18824120,Banking & Insurance,"['strategy', 'research', 'education', 'risk management', 'operations', 'mentoring', 'corporate finance', 'compliance', 'financial reporting', 'accounting', 'leadership', 'project management', 'powerpoint', 'wealth management', 'excel', 'financial analysis', 'analytical']",0,Master's,17
27884470,Banking & Insurance,"['payroll', 'customer service', 'education', 'operations', 'compliance', 'communication', 'problem solving', 'analytical', 'negotiation', 'account management']",0,High School / Diploma,10
64589506,Banking & Insurance,"['strategy', 'education', 'procurement', 'corporate finance', 'investment banking', 'leadership', 'project management']",10,Master's,7
29406313,Banking & Insurance,"['cc', 'education', 'risk management', 'recruitment', 'customer service', 'operations', 'quality control', 'compliance', 'leadership', 'project management', 'portfolio management', 'analytical']",0,Bachelor's,12
16300459,Banking & Insurance,"['vba', 'research', 'financial modeling', 'education', 'c', 'accounting', 'time management', 'powerpoint', 'financial analysis', 'excel']",0,Master's,10
20992320,Banking & Insurance,"['strategy', 'research', 'education', 'investment banking', 'crm', 'communication', 'r']",0,Master's,7
73157997,Banking & Insurance,"['education', 'customer service', 'manufacturing', 'operations', 'photoshop', 'compliance', 'communication', 'accounting', 'powerpoint']",0,Master's,9
28895997,Banking & Insurance,"['education', 'customer service', 'operations', 'compliance', 'communication', 'excel']",0,High School / Diploma,6
28051330,Banking & Insurance,"['powerpoint', 'customer service', 'education']",0,High School / Diploma,3
25162378,Banking & Insurance,"['research', 'education', 'customer service', 'operations', 'quality control', 'photoshop', 'communication', 'leadership', 'project management', 'powerpoint', 'excel', 'troubleshooting', 'analytical', 'negotiation', 'strategic planning']",13,Master's,15
99124477,Banking & Insurance,"['unix', 'education', 'c', 'oracle', 'html', 'sap', 'java', 'onboarding', 'javascript', 'excel', 'troubleshooting', 'taxation', 'analytical', 'sql']",7,Master's,14
17131084,Banking & Insurance,"['strategy', 'research', 'education', 'budgeting', 'operations', 'equities', 'investment banking', 'leadership', 'bloomberg', 'accounting', 'powerpoint', 'excel', 'strategic planning']",8,High School / Diploma,13
19437318,Banking & Insurance,"['communication', 'education', 'customer service', 'compliance']",15,High School / Diploma,4
35564026,Banking & Insurance,"['attention to detail', 'research', 'education', 'customer service', 'operations', 'multitasking', 'compliance', 'time management', 'accounting', 'excel', 'analytical']",0,Bachelor's,11
16407619,Banking & Insurance,"['strategy', 'research', 'data entry', 'customer service', 'education', 'operations', 'crm', 'social media', 'problem solving', 'excel']",0,High School / Diploma,10
10329506,Banking & Insurance,"['attention to detail', 'unix', 'cold calling', 'education', 'oracle', 'photoshop', 'compliance', 'leadership', 'communication', 'excel']",0,High School / Diploma,10
19911786,Banking & Insurance,"['strategy', 'education', 'recruitment', 'logistics', 'accounts receivable', 'public speaking', 'communication', 'financial reporting', 'compliance', 'project management', 'powerpoint', 'leadership', 'public relations', 'curriculum development', 'technical support']",0,Bachelor's,15
96493528,Banking & Insurance,"['payroll', 'customer service', 'education', 'logistics', 'procurement', 'operations', 'client retention', 'compliance', 'time management', 'leadership', 'project management', 'analytical']",0,Master's,12
35492909,Banking & Insurance,"['payroll', 'education', 'c', 'accounting', 'compliance', 'social media', 'hospitality', 'leadership', 'excel', 'financial analysis']",3,Master's,10
25200253,Banking & Insurance,"['research', 'data entry', 'customer service', 'education', 'operations', 'compliance', 'communication', 'problem solving', 'nursing', 'analytical', 'sql']",0,High School / Diploma,11
68781345,Banking & Insurance,"['strategy', 'research', 'education', 'corporate communications', 'compliance', 'time management', 'leadership', 'project management', 'powerpoint', 'problem solving', 'six sigma', 'negotiation']",0,Master's,12
14391434,Banking & Insurance,"['attention to detail', 'data entry', 'payroll', 'recruitment', 'education', 'logistics', 'quality control', 'compliance', 'leadership', 'communication', 'powerpoint', 'excel', 'analytical']",15,Master's,13
14626780,Banking & Insurance,"['research', 'education', 'budgeting', 'healthcare', 'accounting', 'financial reporting', 'inventory management', 'investment banking', 'compliance', 'leadership', 'financial analysis']",0,Master's,11
28989677,Banking & Insurance,"['research', 'education', 'c', 'operations', 'compliance', 'communication', 'leadership', 'project management', 'problem solving', 'analytical']",5,Master's,10
41651672,Banking & Insurance,"['education', 'customer service', 'salesforce', 'compliance', 'crm', 'financial reporting']",0,High School / Diploma,6
18645964,Banking & Insurance,"['research', 'education', 'customer service', 'operations', 'communication', 'time management', 'performance management']",0,Bachelor's,7
18278509,Banking & Insurance,"['education', 'financial modeling', 'operations', 'corporate finance', 'investment banking', 'leadership', 'accounting', 'account management']",0,Bachelor's,8
18369400,Banking & Insurance,"['strategy', 'education', 'teaching', 'accounting', 'leadership', 'communication']",0,High School / Diploma,6
11266906,Banking & Insurance,"['cold calling', 'education', 'lead generation', 'compliance', 'communication', 'leadership', 'time management', 'portfolio management', 'wealth management']",20,Bachelor's,9
31710562,Banking & Insurance,"['education', 'manufacturing', 'payroll', 'budgeting', 'operations', 'accounts receivable', 'accounting', 'leadership', 'vue', 'financial analysis', 'excel', 'accounts payable']",20,Master's,12
39142536,Banking & Insurance,"['leadership', 'public relations', 'education', 'logistics']",0,Bachelor's,4
21756639,Banking & Insurance,"['strategy', 'artificial intelligence', 'education', 'customer service', 'lead generation', 'seo', 'corporate communications', 'compliance', 'crm', 'social media', 'sem', 'account management']",0,PhD,12
31273413,"Design, Media & Creative","['education', 'customer service', 'classroom management', 'teaching', 'accounting', 'communication', 'leadership']",0,Master's,7
12386670,"Design, Media & Creative","['research', 'education', 'lesson planning', 'teaching', 'leadership', 'r', 'problem solving', 'curriculum development', 'animation']",22,Master's,9
93576192,"Design, Media & Creative","['teaching', 'education', 'instructional design']",13,Master's,3
15306049,"Design, Media & Creative","['education', 'teaching']",0,Bachelor's,2
31114531,"Design, Media & Creative","['education', 'operations', 'photoshop', 'time management', 'illustrator', 'hospitality']",25,Bachelor's,6
21060367,"Design, Media & Creative","['education', 'customer service', 'budgeting', 'operations', 'food safety', 'quality control', 'teaching', 'sap', 'safety', 'classroom management', 'leadership', 'hospitality']",16,Master's,12
17325147,"Design, Media & Creative","['education', 'teaching', 'mentoring', 'critical thinking']",0,Master's,4
23752500,"Design, Media & Creative","['mathematics', 'research', 'education', 'operations', 'teaching', 'safety', 'leadership', 'powerpoint']",0,High School / Diploma,8
20149476,"Design, Media & Creative","['education', 'c', 'classroom management', 'photoshop', 'leadership', 'social media', 'graphic design']",15,Master's,7
54100393,"Design, Media & Creative","['education', 'classroom management', 'teaching', 'leadership', 'project management', 'critical thinking']",0,Master's,6
11187796,"Design, Media & Creative","['mathematics', 'education', 'customer service', 'operations', 'inventory management', 'communication', 'r']",0,Bachelor's,7
39470264,"Design, Media & Creative","['research', 'education', 'payroll', 'customer service', 'logistics', 'conflict resolution', 'operations', 'procurement', 'teaching', 'accounting', 'communication', 'project management', 'problem solving', 'negotiation']",0,Master's,14
12413512,"Design, Media & Creative","['education', 'advocacy', 'lesson planning', 'teaching', 'safety', 'public speaking', 'communication', 'leadership', 'social media', 'time management', 'problem solving', 'tutoring']",0,Master's,12
14879257,"Design, Media & Creative","['strategy', 'research', 'education', 'lesson planning', 'teaching', 'communication', 'tutoring', 'special education']",0,Bachelor's,8
46055835,"Design, Media & Creative","['research', 'education', 'recruitment', 'classroom management', 'teaching', 'public speaking', 'powerpoint', 'excel', 'nursing', 'critical thinking']",0,Master's,10
33344933,"Design, Media & Creative","['education', 'c', 'lesson planning', 'teaching', 'java', 'tutoring']",2,Master's,6
24983760,"Design, Media & Creative","['strategy', 'research', 'education', 'teaching', 'communication', 'leadership', 'analytical']",0,High School / Diploma,7
29148871,"Design, Media & Creative","['research', 'education', 'c', 'conflict resolution', 'lesson planning', 'classroom management', 'communication', 'leadership', 'social media', 'analytical', 'special education']",4,Master's,11
28325193,"Design, Media & Creative","['research', 'education', 'classroom management', 'teaching', 'communication', 'tutoring', 'curriculum development', 'account management']",0,Bachelor's,8
15265464,"Design, Media & Creative","['leadership', 'powerpoint', 'education', 'communication']",0,Bachelor's,4
24349611,"Design, Media & Creative","['research', 'education', 'manufacturing', 'c', 'procurement', 'robotics', 'safety', 'leadership', 'r', 'troubleshooting', 'presentation skills', 'analytical']",17,Bachelor's,12
19508520,"Design, Media & Creative","['education', 'customer service', 'conflict resolution', 'communication', 'public relations', 'project management', 'critical thinking']",0,Master's,7
22800977,"Design, Media & Creative","['education', 'operations', 'photoshop', 'classroom management', 'safety', 'communication', 'illustrator', 'leadership', 'problem solving', 'mentoring']",10,Master's,10
36758947,"Design, Media & Creative","['research', 'education', 'user research', 'customer service', 'c', 'operations', 'auditing', 'communication', 'compliance', 'public relations']",0,Master's,10
11555549,"Design, Media & Creative","['education', 'photoshop', 'teaching', 'illustrator', 'powerpoint', 'excel', 'graphic design']",11,Master's,7
32318506,"Design, Media & Creative","['education', 'surgery']",0,Bachelor's,2
73497035,"Design, Media & Creative","['curriculum development', 'payroll', 'education', 'risk management', 'operations', 'compliance', 'leadership', 'onboarding', 'project management', 'employee relations', 'talent acquisition', 'hris']",0,Master's,12
12777487,"Design, Media & Creative","['leadership', 'education', 'teaching']",0,Bachelor's,3
36379931,"Design, Media & Creative","['research', 'data entry', 'education', 'customer service', 'advocacy', 'conflict resolution', 'operations', 'salesforce', 'communication', 'social media', 'hospitality', 'problem solving', 'excel', 'event planning']",0,Master's,14
26069113,"Design, Media & Creative","['strategy', 'education', 'customer service', 'c', 'animation']",0,Bachelor's,5
41950126,"Design, Media & Creative","['research', 'education', 'customer service', 'risk management', 'operations', 'mentoring', 'quality control', 'compliance', 'communication', 'time management', 'leadership', 'performance management', 'analytical', 'technical support']",0,Master's,14
20488267,"Design, Media & Creative","['education', 'powerpoint', 'excel', 'advocacy']",0,High School / Diploma,4
22593054,"Design, Media & Creative","['customer service', 'accounts receivable', 'leadership', 'powerpoint', 'problem solving', 'excel', 'accounts payable']",4,Bachelor's,7
25561640,"Design, Media & Creative","['research', 'education', 'risk management', 'operations', 'safety', 'time management', 'communication', 'excel', 'curriculum development', 'mentoring']",0,Bachelor's,10
43622023,"Design, Media & Creative","['attention to detail', 'education', 'customer service', 'operations', 'safety', 'spark', 'communication', 'time management']",0,Master's,8
18319061,"Design, Media & Creative","['strategy', 'research', 'education', 'lesson planning', 'classroom management', 'teaching', 'accounting', 'leadership', 'communication', 'time management', 'project management', 'curriculum development', 'special education', 'critical thinking', 'strategic planning']",0,High School / Diploma,15
25923361,"Design, Media & Creative","['mathematics', 'research', 'education', 'recruitment', 'powerpoint', 'excel']",30,PhD,6
18106533,"Design, Media & Creative","['attention to detail', 'education', 'customer service', 'operations', 'technical support', 'accounts receivable', 'photoshop', 'sap', 'leadership', 'communication', 'powerpoint', 'excel', 'nursing', 'accounts payable', 'medical billing']",0,Bachelor's,15
50432401,"Design, Media & Creative","['attention to detail', 'payroll', 'customer service', 'education', 'operations', 'lesson planning', 'social media', 'public relations', 'account management']",0,Master's,9
19724031,"Design, Media & Creative","['cpr', 'education', 'customer service', 'teamwork', 'patient care', 'healthcare', 'public speaking', 'communication', 'leadership', 'social media', 'time management', 'event planning', 'nursing']",0,Master's,13
28471099,"Design, Media & Creative","['education', 'customer service', 'teaching', 'accounting', 'leadership', 'project management', 'troubleshooting', 'analytical']",25,PhD,8
22848179,"Design, Media & Creative","['strategy', 'research', 'education', 'customer service', 'operations', 'healthcare', 'graphic design', 'social media', 'inventory management', 'project management', 'event planning', 'email marketing', 'animation']",0,High School / Diploma,13
37220856,"Design, Media & Creative","['cpr', 'education', 'customer service', 'html', 'lesson planning', 'photoshop', 'teaching', 'classroom management', 'communication', 'special education']",4,Master's,10
78107631,"Design, Media & Creative","['education', 'c', 'rehabilitation', 'teaching', 'tutoring', 'mentoring']",0,High School / Diploma,6
21867728,"Design, Media & Creative","['strategy', 'education', 'oracle', 'recruitment', 'budgeting', 'salesforce', 'auditing', 'communication', 'a/b testing', 'accounting', 'project management', 'problem solving', 'analytical']",0,Master's,13
37472265,"Design, Media & Creative","['education', 'lesson planning', 'teaching', 'communication', 'leadership']",0,Master's,5
17033567,"Design, Media & Creative","['cpr', 'education']",0,Bachelor's,2
19671909,"Design, Media & Creative","['curriculum development', 'research', 'education', 'robotics', 'safety', 'teaching', 'ruby', 'leadership', 'communication', 'employee relations', 'special education']",0,Master's,11
11995013,"Design, Media & Creative","['cpr', 'education', 'customer service', 'communication', 'leadership', 'statistics', 'excel']",0,High School / Diploma,7
28629430,"Design, Media & Creative","['strategy', 'research', 'education', 'manufacturing', 'html', 'typography', 'mysql', 'photoshop', 'spark', 'illustrator', 'public relations', 'powerpoint', 'problem solving', 'javascript', 'excel', 'graphic design', 'mentoring', 'medical billing']",5,Master's,18
53227466,"Design, Media & Creative","['education', 'customer service', 'operations', 'troubleshooting', 'technical support']",20,Master's,5
26079779,"Design, Media & Creative","['education', 'excel']",0,Master's,2
83338413,"Design, Media & Creative","['mathematics', 'attention to detail', 'education', 'customer service', 'classroom management', 'problem solving', 'technical support', 'negotiation']",0,Master's,8
18029935,"Design, Media & Creative","['education', 'customer service', 'operations', 'food safety', 'teaching', 'public speaking', 'leadership', 'public relations', 'hospitality', 'project management', 'restaurant management']",0,Bachelor's,11
16962067,"Design, Media & Creative","['education', 'classroom management', 'teaching', 'communication', 'leadership', 'special education']",10,Master's,6
14150896,"Design, Media & Creative","['social media', 'research', 'education', 'troubleshooting']",0,Bachelor's,4
27936502,"Design, Media & Creative","['research', 'education', 'customer service', 'supply chain', 'logistics', 'operations', 'procurement', 'teaching', 'sap', 'compliance', 'accounting', 'r', 'problem solving', 'mentoring']",3,Master's,14
65325317,"Design, Media & Creative","['education', 'logistics', 'operations', 'safety', 'public speaking', 'leadership']",0,Master's,6
30594821,"Design, Media & Creative","['communication', 'education', 'customer service']",0,High School / Diploma,3
27164756,"Design, Media & Creative","['mathematics', 'research', 'education', 'html', 'advocacy', 'rehabilitation', 'teaching', 'safety', 'photoshop', 'healthcare', 'compliance', 'communication', 'leadership', 'public relations', 'illustrator', 'problem solving', 'special education']",0,PhD,17
34146825,"Design, Media & Creative","['attention to detail', 'education', 'customer service', 'c', 'communication', 'inventory management']",0,High School / Diploma,6
99561379,"Design, Media & Creative","['education', 'customer service', 'html', 'operations', 'safety', 'compliance', 'hospitality', 'excel', 'troubleshooting', 'graphic design', 'accounts payable']",0,Master's,11
54180474,"Design, Media & Creative","['research', 'education', 'communication', 'social media', 'project management', 'problem solving', 'curriculum development']",0,Master's,7
37751611,"Design, Media & Creative","['research', 'education', 'instructional design', 'teaching', 'social media', 'time management', 'shell', 'critical thinking']",12,Master's,8
73030450,"Design, Media & Creative","['acls', 'risk management', 'education', 'troubleshooting', 'technical support']",7,Master's,5
39608848,"Design, Media & Creative","['research', 'education', 'customer service', 'operations', 'content marketing', 'photoshop', 'accounting', 'crm', 'public relations', 'media relations']",0,High School / Diploma,10
16244633,"Design, Media & Creative","['research', 'payroll', 'customer service', 'recruitment', 'teamwork', 'education', 'compliance', 'communication', 'time management', 'auditing', 'project management', 'social media', 'onboarding', 'excel', 'employee relations', 'analytical', 'performance management', 'hris']",10,Master's,18
10830646,"Design, Media & Creative","['cpr', 'education', 'classroom management', 'safety', 'public speaking', 'leadership', 'communication', 'tutoring']",0,Master's,8
27024099,"Design, Media & Creative","['payroll', 'customer service', 'education', 'leadership', 'communication', 'project management', 'problem solving', 'excel', 'troubleshooting', 'mentoring']",20,Bachelor's,10
65352424,"Design, Media & Creative","['education', 'logistics', 'teaching', 'onboarding', 'communication', 'time management', 'leadership', 'powerpoint', 'project management', 'excel', 'mentoring', 'performance management']",0,Bachelor's,12
28711616,"Design, Media & Creative","['research', 'payroll', 'education', 'recruitment', 'logistics', 'photoshop', 'communication', 'public relations', 'social media', 'r', 'event planning']",0,High School / Diploma,11
39064638,"Design, Media & Creative","['cpr', 'education', 'customer service', 'culinary skills', 'safety', 'inventory management', 'leadership', 'presentation skills', 'critical thinking']",0,High School / Diploma,9
18586076,"Design, Media & Creative","['education', 'operations', 'teaching', 'communication', 'problem solving', 'excel', 'special education']",18,Master's,7
13272204,"Design, Media & Creative","['attention to detail', 'payroll', 'data entry', 'recruitment', 'logistics', 'education', 'safety', 'healthcare', 'compliance', 'analytical', 'hris']",10,High School / Diploma,11
11360471,"Design, Media & Creative","['education', 'manufacturing', 'customer service', 'operations', 'safety', 'compliance', 'communication']",0,High School / Diploma,7
18885767,"Design, Media & Creative","['video editing', 'education', 'photoshop', 'teaching', 'leadership']",6,Master's,5
20698469,"Design, Media & Creative","['education', 'logistics', 'operations', 'teaching', 'safety', 'fitness training']",0,Bachelor's,6
27715131,"Design, Media & Creative","['education', 'customer service', 'operations', 'teaching', 'leadership', 'communication', 'employee relations', 'account management']",20,Master's,8
32794700,"Design, Media & Creative","['education', 'html', 'operations', 'quality control', 'salesforce', 'photoshop', 'multitasking', 'communication', 'public relations', 'illustrator', 'troubleshooting']",0,Master's,11
23139437,"Design, Media & Creative","['education', 'nursing', 'pharmacology']",0,Bachelor's,3
23917826,"Design, Media & Creative","['education', 'customer service', 'recruitment', 'conflict resolution', 'multitasking', 'communication', 'leadership', 'excel']",10,High School / Diploma,8
20148147,"Design, Media & Creative","['attention to detail', 'education', 'customer service', 'c', 'communication', 'inventory management']",2,High School / Diploma,6
34304175,"Design, Media & Creative","['vendor management', 'research', 'education', 'customer service', 'logistics', 'operations', 'quality control', 'safety', 'compliance', 'communication', 'leadership', 'powerpoint', 'employee relations', 'analytical']",0,Bachelor's,14
26410763,"Design, Media & Creative","['mathematics', 'unix', 'education', 'customer service', 'c', 'food safety', 'safety', 'multitasking', 'ruby', 'leadership', 'java', 'linux', 'matlab']",0,High School / Diploma,13
21809601,"Design, Media & Creative","['attention to detail', 'research', 'education', 'customer service', 'communication']",6,Bachelor's,5
27096796,"Design, Media & Creative","['leadership', 'communication', 'education']",0,Bachelor's,3
25157655,"Design, Media & Creative","['education', 'customer service', 'oracle', 'leadership', 'crm', 'time management', 'excel', 'analytical']",0,Bachelor's,8
25926667,"Design, Media & Creative","['customer service', 'leadership', 'tutoring', 'education', 'adaptability', 'recruitment', 'sap', 'accounting', 'analytical', 'strategic planning', 'research', 'teamwork', 'compliance', 'communication', 'powerpoint', 'problem solving', 'hipaa', 'excel', 'operations']",0,Master's,19
20356750,"Design, Media & Creative","['education', 'sap', 'powerpoint', 'business intelligence', 'excel', 'medical billing']",0,High School / Diploma,6
24061629,"Design, Media & Creative","['cpr', 'medical terminology', 'data entry', 'education', 'customer service', 'patient care', 'anatomy', 'healthcare', 'bls', 'accounting', 'communication', 'emr', 'excel', 'hipaa', 'nursing', 'physiology', 'medical billing']",0,Master's,17
17694454,"Design, Media & Creative","['education', 'c', 'teamwork', 'quality control', 'teaching', 'safety', 'leadership', 'communication', 'time management', 'problem solving', 'critical thinking', 'negotiation']",2,High School / Diploma,12
99033098,"Design, Media & Creative","['attention to detail', 'vendor management', 'research', 'payroll', 'adaptability', 'customer service', 'education', 'data entry', 'communication', 'time management', 'problem solving', 'hipaa', 'excel', 'analytical', 'account management']",0,Master's,15
38115035,"Design, Media & Creative","['medical terminology', 'data entry', 'customer service', 'education', 'quality control', 'healthcare', 'powerpoint', 'excel', 'hipaa', 'medical billing']",0,High School / Diploma,10
17857644,"Design, Media & Creative","['education', 'photoshop', 'social media', 'public relations', 'hospitality', 'powerpoint', 'communication', 'excel', 'event planning']",0,Master's,9
12334650,"Design, Media & Creative","['education', 'customer service', 'operations', 'photoshop', 'safety', 'illustrator', 'r', 'powerpoint', 'excel']",0,Bachelor's,9
36019469,"Design, Media & Creative","['education', 'customer service', 'recruitment', 'logistics', 'student evaluation', 'guest relations', 'teaching', 'public speaking', 'leadership', 'communication', 'excel', 'mentoring', 'strategic planning']",0,Bachelor's,13
79432080,"Design, Media & Creative","['research', 'data entry', 'education', 'safety', 'time management', 'social media', 'leadership', 'public relations', 'statistics', 'negotiation']",0,High School / Diploma,10
94230796,"Design, Media & Creative","['research', 'payroll', 'customer service', 'education', 'teamwork', 'food safety', 'operations', 'public speaking', 'communication', 'aviation', 'agriculture', 'excel', 'presentation skills', 'mentoring']",0,High School / Diploma,14
66226673,"Design, Media & Creative","['aws', 'education', 'customer service', 'safety']",0,Bachelor's,4
83206166,"Design, Media & Creative","['attention to detail', 'education', 'recruitment', 'food safety', 'operations', 'auditing', 'leadership', 'social media', 'hospitality', 'powerpoint', 'excel', 'graphic design', 'performance management']",0,Bachelor's,13
22182279,"Design, Media & Creative","['education', 'customer service', 'data entry', 'operations', 'multitasking', 'time management', 'excel']",0,High School / Diploma,7
16887936,"Design, Media & Creative","['customer service', 'education', 'html', 'budgeting', 'public speaking', 'onboarding', 'accounting', 'illustrator', 'project management', 'technical support', 'research', 'payroll', 'logistics', 'photoshop', 'social media', 'communication', 'statistics', 'strategy', 'salesforce', 'financial reporting', 'public relations', 'event planning', 'email marketing', 'negotiation']",0,Bachelor's,24
14248724,"Design, Media & Creative","['education', 'surgery', 'patient care']",0,Master's,3
69458502,Transportation & Aviation,"['mathematics', 'aerospace engineering', 'research', 'education', 'manufacturing', 'c', 'operations', 'compliance', 'communication', 'aviation', 'r', 'project management', 'crm', 'troubleshooting', 'catia', 'matlab', 'analytical', 'technical support']",2,Bachelor's,18
82738323,Transportation & Aviation,"['education', 'supply chain', 'leadership', 'aviation', 'troubleshooting']",0,High School / Diploma,5
16833515,Transportation & Aviation,"['education', 'customer service', 'risk management', 'c', 'conflict resolution', 'operations', 'photoshop', 'safety', 'compliance', 'inventory management', 'aviation', 'leadership', 'powerpoint', 'time management', 'excel', 'troubleshooting', 'mentoring']",1,Master's,17
11804712,Transportation & Aviation,"['education', 'manufacturing', 'logistics', 'operations', 'quality control', 'safety', 'compliance', 'leadership', 'aviation', 'communication', 'powerpoint', 'excel', 'troubleshooting']",0,Master's,13
21287405,Transportation & Aviation,"['cpr', 'attention to detail', 'education', 'customer service', 'teamwork', 'operations', 'budgeting', 'aviation', 'mentoring', 'critical thinking']",0,Bachelor's,10
10176815,Transportation & Aviation,"['attention to detail', 'education', 'html', 'instructional design', 'communication', 'aviation', 'powerpoint', 'excel', 'troubleshooting', 'matlab']",0,Bachelor's,10
29221006,Transportation & Aviation,"['medical terminology', 'education', 'data entry', 'budgeting', 'operations', 'patient care', 'anatomy', 'logistics', 'safety', 'teaching', 'public speaking', 'leadership', 'aviation', 'accounting', 'project management', 'excel', 'nursing', 'physiology']",0,Master's,18
23761385,Transportation & Aviation,"['education', 'recruitment', 'logistics', 'operations', 'safety', 'multitasking', 'accounting', 'leadership', 'aviation', 'compliance', 'troubleshooting', 'mentoring', 'critical thinking', 'hris']",4,Master's,14
38355831,Transportation & Aviation,"['research', 'education', 'aviation', 'problem solving', 'troubleshooting']",0,High School / Diploma,5
24773845,Transportation & Aviation,"['education', 'c', 'logistics', 'operations', 'patient care', 'compliance', 'communication', 'aviation', 'leadership', 'problem solving', 'troubleshooting', 'employee relations', 'analytical', 'strategic planning']",0,Master's,14
17876954,Transportation & Aviation,"['mathematics', 'education', 'customer service', 'supply chain', 'procurement', 'operations', 'quality control', 'safety', 'inventory management', 'aviation', 'communication']",8,High School / Diploma,11
36252245,Transportation & Aviation,"['research', 'data entry', 'education', 'html', 'budgeting', 'operations', 'salesforce', 'safety', 'photoshop', 'compliance', 'accounting', 'aviation', 'communication', 'leadership', 'public relations', 'illustrator', 'analytical']",20,High School / Diploma,17
32720816,Transportation & Aviation,"['education', 'customer service', 'c', 'payroll', 'operations', 'quality control', 'safety', 'leadership', 'aviation', 'r', 'powerpoint', 'excel']",0,Bachelor's,12
36727173,Transportation & Aviation,"['cpr', 'mathematics', 'physiology', 'data entry', 'customer service', 'education', 'logistics', 'operations', 'safety', 'accounting', 'leadership', 'aviation', 'communication', 'critical thinking', 'six sigma']",11,High School / Diploma,15
91431878,Transportation & Aviation,"['education', 'c', 'operations', 'quality control', 'safety', 'aviation', 'troubleshooting']",0,Bachelor's,7
42546558,Transportation & Aviation,"['attention to detail', 'education', 'customer service', 'accounting', 'communication', 'aviation', 'leadership', 'excel']",0,Bachelor's,8
87826037,Transportation & Aviation,"['structural analysis', 'aerospace engineering', 'education', 'c', 'teaching', 'aviation', 'powerpoint', 'excel', 'matlab', 'thermodynamics']",0,Bachelor's,10
17483843,Transportation & Aviation,"['education', 'logistics', 'operations', 'procurement', 'safety', 'compliance', 'communication', 'aviation', 'project management', 'excel', 'six sigma']",3,Master's,11
22232367,Transportation & Aviation,"['customer service', 'erp', 'aviation', 'financial analysis', 'unix', 'education', 'project management', 'linux', 'analytical', 'technical support', 'research', 'oracle', 'compliance', 'python', 'excel', 'data entry', 'operations', 'troubleshooting', 'sql']",15,Master's,19
70198580,Transportation & Aviation,"['education', 'supply chain', 'procurement', 'logistics', 'operations', 'safety', 'leadership', 'aviation', 'statistics', 'problem solving', 'troubleshooting', 'analytical', 'strategic planning']",0,Master's,13
67631413,Transportation & Aviation,"['payroll', 'customer service', 'education', 'operations', 'safety', 'accounting', 'compliance', 'aviation', 'graphic design']",14,Bachelor's,9
26819872,Transportation & Aviation,"['payroll', 'customer service', 'education', 'logistics', 'operations', 'procurement', 'safety', 'leadership', 'aviation', 'inventory management', 'powerpoint', 'excel', 'six sigma']",0,Bachelor's,13
13234267,Transportation & Aviation,"['education', 'risk management', 'logistics', 'operations', 'safety', 'compliance', 'leadership', 'aviation', 'communication', 'project management', 'employee relations']",0,Master's,11
26888302,Transportation & Aviation,"['attention to detail', 'research', 'education', 'manufacturing', 'operations', 'quality control', 'safety', 'aviation', 'powerpoint', 'problem solving', 'statistics', 'excel', 'troubleshooting', 'analytical']",0,Bachelor's,14
13195436,Transportation & Aviation,"['cpr', 'education', 'c', 'logistics', 'teamwork', 'safety', 'compliance', 'communication', 'aviation', 'leadership', 'excel', 'troubleshooting']",1,High School / Diploma,12
81588968,Transportation & Aviation,"['education', 'supply chain', 'c', 'operations', 'budgeting', 'safety', 'compliance', 'accounting', 'aviation', 'excel']",0,Master's,10
18268860,Transportation & Aviation,"['education', 'manufacturing', 'risk management', 'operations', 'quality control', 'aviation', 'catia']",18,High School / Diploma,7
14790629,Transportation & Aviation,"['attention to detail', 'research', 'customer service', 'operations', 'safety', 'leadership', 'time management', 'inventory management', 'communication', 'negotiation']",0,Bachelor's,10
12144825,Transportation & Aviation,"['leadership', 'critical thinking', 'sqlite', 'unix', 'docker', 'education', 'html', 'google analytics', 'linux', 'bash', 'postgresql', 'c', 'communication', 'css', 'python', 'excel', 'php', 'natural language processing', 'mysql', 'perl', 'javascript', 'troubleshooting', 'sql']",0,Master's,23
90318913,Transportation & Aviation,['education'],1,Bachelor's,1
26279402,Transportation & Aviation,"['aviation', 'safety', 'education']",3,Bachelor's,3
94137171,Transportation & Aviation,"['education', 'manufacturing', 'supply chain', 'procurement', 'budgeting', 'logistics', 'lean manufacturing', 'safety', 'compliance', 'leadership', 'aviation', 'powerpoint', 'excel', 'strategic planning']",0,Master's,14
27902692,Transportation & Aviation,"['education', 'project management', 'six sigma', 'troubleshooting', 'analytical', 'negotiation']",0,Master's,6
28186635,Transportation & Aviation,"['education', 'customer service', 'logistics', 'procurement', 'operations', 'quality control', 'safety', 'compliance', 'leadership', 'aviation']",5,High School / Diploma,10
42641525,Transportation & Aviation,"['education', 'manufacturing', 'c', 'risk management', 'operations', 'triage', 'safety', 'aviation', 'r']",28,Bachelor's,9
34419403,Transportation & Aviation,"['research', 'data entry', 'customer service', 'education', 'communication', 'aviation']",0,Master's,6
43720116,Transportation & Aviation,"['vba', 'education', 'html', 'safety', 'aviation', 'css', 'powerpoint', 'python', 'civil engineering', 'excel']",0,Master's,10
15618327,Transportation & Aviation,"['data entry', 'education', 'supply chain', 'logistics', 'safety', 'accounting', 'communication', 'leadership', 'aviation', 'inventory management', 'excel', 'six sigma']",13,Bachelor's,12
14589288,Transportation & Aviation,"['education', 'safety', 'sap', 'leadership', 'aviation', 'troubleshooting']",16,High School / Diploma,6
43408471,Transportation & Aviation,"['cpr', 'education', 'logistics', 'operations', 'safety', 'aviation', 'critical thinking']",0,Master's,7
38154903,Transportation & Aviation,"['education', 'time management', 'aviation', 'problem solving', 'troubleshooting', 'workday', 'critical thinking']",0,High School / Diploma,7
29167286,Transportation & Aviation,"['education', 'risk management', 'manufacturing', 'logistics', 'operations', 'safety', 'compliance', 'aviation', 'troubleshooting']",3,Bachelor's,9
11169163,Transportation & Aviation,"['data entry', 'customer service', 'supply chain', 'logistics', 'operations', 'education', 'safety', 'sap', 'compliance', 'aviation', 'six sigma', 'strategic planning']",20,High School / Diploma,12
28383893,Transportation & Aviation,"['attention to detail', 'strategy', 'research', 'education', 'student evaluation', 'logistics', 'operations', 'conflict resolution', 'html', 'teaching', 'safety', 'leadership', 'aviation', 'r', 'project management', 'analytical', 'strategic planning']",0,Bachelor's,17
20026169,Transportation & Aviation,"['research', 'education', 'risk management', 'c', 'recruitment', 'operations', 'construction management', 'safety', 'communication', 'aviation', 'r', 'leadership', 'statistics', 'excel']",0,Master's,14
38047274,Transportation & Aviation,"['attention to detail', 'cpr', 'education', 'operations', 'quality control', 'safety', 'communication', 'aviation', 'statistics']",1,High School / Diploma,9
16449694,Transportation & Aviation,"['customer service', 'erp', 'leadership', 'aviation', 'education', 'budgeting', 'quality control', 'safety', 'accounting', 'auditing', 'public speaking', 'analytical', 'research', 'logistics', 'procurement', 'time management', 'communication', 'operations', 'inventory management', 'mentoring']",3,Bachelor's,20
11137306,Transportation & Aviation,"['education', 'c', 'logistics', 'operations', 'communication', 'aviation', 'excel', 'troubleshooting']",0,High School / Diploma,8
19818707,Transportation & Aviation,"['education', 'procurement', 'operations', 'corporate finance', 'accounting', 'communication', 'compliance', 'leadership', 'excel', 'financial analysis', 'mentoring']",0,Master's,11
17274759,Transportation & Aviation,"['data entry', 'education', 'supply chain', 'logistics', 'operations', 'procurement', 'budgeting', 'compliance', 'inventory management', 'accounting', 'communication', 'powerpoint', 'excel', 'strategic planning']",0,Master's,14
19506295,Transportation & Aviation,"['solidworks', 'education', 'manufacturing', 'c', 'photoshop', 'ansys', 'leadership', 'excel', 'autocad', 'matlab', 'six sigma']",0,Master's,11
50775901,Transportation & Aviation,"['research', 'education', 'risk management', 'operations', 'conflict resolution', 'communication', 'excel', 'employee relations', 'performance management']",2,Bachelor's,9
22990761,Transportation & Aviation,"['education', 'c', 'patient care', 'safety', 'healthcare', 'bls', 'aviation', 'emr', 'surgery', 'nursing']",0,Bachelor's,10
10945968,Transportation & Aviation,"['mathematics', 'education', 'c', 'java', 'aviation', 'r', 'project management', 'business intelligence']",20,Bachelor's,8
12192507,Transportation & Aviation,"['education', 'operations', 'communication', 'aviation', 'problem solving', 'critical thinking', 'strategic planning']",0,Master's,7
24154692,Transportation & Aviation,"['education', 'customer service', 'manufacturing', 'logistics', 'recruitment', 'c', 'quality control', 'teaching', 'compliance', 'auditing', 'communication', 'excel', 'analytical', 'six sigma']",8,High School / Diploma,14
23985183,Transportation & Aviation,"['education', 'risk management', 'logistics', 'operations', 'quality control', 'safety', 'accounting', 'communication', 'aviation', 'compliance', 'project management', 'leadership', 'talent acquisition', 'critical thinking', 'negotiation']",0,Bachelor's,15
29161565,Transportation & Aviation,"['education', 'leadership', 'aviation', 'communication', 'powerpoint', 'excel', 'troubleshooting']",3,Bachelor's,7
11333001,Transportation & Aviation,"['attention to detail', 'cpr', 'education', 'customer service', 'operations', 'triage', 'quality control', 'safety', 'multitasking', 'compliance', 'leadership', 'communication', 'aviation', 'troubleshooting']",0,Master's,14
25718772,Transportation & Aviation,"['unix', 'strategy', 'education', 'customer service', 'culinary skills', 'manufacturing', 'operations', 'safety', 'compliance', 'java', 'communication', 'aviation', 'powerpoint', 'problem solving', 'excel', 'linux', 'analytical']",10,High School / Diploma,17
65219288,Transportation & Aviation,"['education', 'operations', 'safety', 'compliance', 'aviation']",0,Bachelor's,5
27502951,Transportation & Aviation,"['engineering design', 'risk management', 'education', 'operations', 'safety', 'compliance', '3d modeling', 'aviation', 'problem solving', 'autocad', 'technical support', 'account management']",14,Master's,12
15823995,Transportation & Aviation,"['research', 'education', 'operations', 'safety', 'compliance', 'communication', 'leadership', 'aviation', 'powerpoint', 'excel', 'troubleshooting', 'six sigma', 'strategic planning']",6,Master's,13
22650051,Transportation & Aviation,"['education', 'customer service', 'manufacturing', 'logistics', 'operations', 'conflict resolution', 'safety', 'crm', 'aviation', 'communication', 'problem solving', 'troubleshooting', 'employee relations', 'analytical', 'physiology', 'negotiation']",0,High School / Diploma,16
24668861,Transportation & Aviation,"['mathematics', 'research', 'manufacturing', 'supply chain', 'fluid mechanics', 'operations', 'quality control', 'lean manufacturing', 'auditing', 'leadership', 'aviation', 'project management', 'statistics', 'presentation skills', 'matlab', 'six sigma']",0,PhD,16
42427521,Transportation & Aviation,"['cpr', 'research', 'education', 'customer service', 'c', 'logistics', 'quality control', 'safety', 'compliance', 'inventory management', 'aviation', 'communication', 'powerpoint', 'excel', 'troubleshooting', 'analytical']",0,Master's,16
96457008,Transportation & Aviation,"['education', 'six sigma']",0,Bachelor's,2
38989376,Transportation & Aviation,"['attention to detail', 'education', 'customer service', 'operations', 'safety', 'compliance', 'time management', 'leadership', 'aviation', 'accounting', 'problem solving', 'project management', 'excel', 'public speaking', 'powerpoint', 'accounts payable', 'negotiation']",0,Master's,17
13405229,Transportation & Aviation,"['aviation', 'customer service', 'excel']",0,Master's,3
17686472,Transportation & Aviation,"['aerospace engineering', 'research', 'education', 'customer service', 'manufacturing', 'operations', 'safety', 'sap', 'communication', 'aviation', 'autocad', 'six sigma']",0,Bachelor's,12
54232810,Transportation & Aviation,"['cpr', 'medical terminology', 'research', 'customer service', 'education', 'advocacy', 'operations', 'safety', 'bls', 'accounting', 'auditing', 'aviation', 'compliance', 'nursing']",0,High School / Diploma,14
25719936,Transportation & Aviation,"['solidworks', 'education', 'manufacturing', 'c', 'operations', 'scada', 'compliance', 'time management', 'aviation', 'r', 'project management', 'powerpoint', 'excel', 'autocad', 'thermodynamics', 'matlab', 'critical thinking']",5,Bachelor's,17
68216398,Transportation & Aviation,"['attention to detail', 'education', 'quality control', 'safety', 'leadership', 'aviation']",6,High School / Diploma,6
17983430,Transportation & Aviation,"['attention to detail', 'education', 'customer service', 'budgeting', 'safety', 'multitasking', 'inventory management', 'aviation', 'powerpoint', 'excel', 'analytical']",0,Bachelor's,11
92283635,Transportation & Aviation,"['mathematics', 'cpr', 'education', 'logistics', 'operations', 'safety', 'leadership', 'communication', 'aviation', 'troubleshooting']",0,High School / Diploma,10
11614114,Transportation & Aviation,"['education', 'customer service', 'logistics', 'procurement', 'leadership', 'communication', 'inventory management', 'aviation', 'analytical', 'six sigma']",9,Master's,10
61315605,Transportation & Aviation,"['education', 'customer service', 'technical support', 'accounting', 'compliance', 'aviation', 'troubleshooting', 'critical thinking']",0,Bachelor's,8
16850314,Transportation & Aviation,"['research', 'education', 'customer service', 'data entry', 'procurement', 'quality control', 'safety', 'communication', 'aviation', 'powerpoint', 'problem solving', 'excel', 'autocad']",10,Bachelor's,13
11959428,Transportation & Aviation,"['education', 'customer service', 'troubleshooting']",0,Bachelor's,3
10395944,Transportation & Aviation,"['education', 'customer service', 'communication', 'aviation', 'time management', 'leadership']",19,Bachelor's,6
10189110,Transportation & Aviation,"['education', 'customer service', 'logistics', 'accounting', 'communication', 'aviation', 'excel', 'negotiation']",15,Master's,8
10567764,Transportation & Aviation,"['education', 'c', 'html', 'safety', 'aviation']",0,Bachelor's,5
30148777,Transportation & Aviation,"['education', 'customer service', 'accounts receivable', 'litigation', 'aviation', 'powerpoint', 'legal research', 'excel', 'accounts payable']",0,Master's,9
24544244,Transportation & Aviation,"['cpr', 'education', 'customer service', 'data entry', 'safety', 'accounting', 'communication', 'aviation', 'leadership', 'powerpoint', 'problem solving', 'time management', 'excel', 'analytical', 'negotiation']",0,High School / Diploma,15
19284293,Transportation & Aviation,"['research', 'engineering design', 'education', 'operations', 'safety', 'compliance', 'leadership', 'aviation', 'excel']",20,Bachelor's,9
11752500,Transportation & Aviation,"['education', 'c', 'safety', 'hvac', 'leadership', 'aviation', 'communication', 'project management', 'troubleshooting']",20,Bachelor's,9
31536294,Transportation & Aviation,"['education', 'c', 'logistics', 'operations', 'safety', 'aviation', 'project management', 'problem solving', 'shell', 'troubleshooting', 'six sigma']",0,Bachelor's,11
22442947,Transportation & Aviation,"['education', 'adaptability', 'conflict resolution', 'operations', 'safety', 'time management', 'aviation', 'leadership', 'excel', 'strategic planning']",5,High School / Diploma,10
27512470,Transportation & Aviation,"['vendor management', 'research', 'education', 'customer service', 'data entry', 'logistics', 'operations', 'accounts receivable', 'compliance', 'leadership', 'time management', 'communication', 'critical thinking', 'problem solving', 'powerpoint', 'excel', 'accounts payable', 'account management']",0,Master's,18
14874322,Transportation & Aviation,"['safety', 'customer service', 'education']",0,Bachelor's,3
23464505,Transportation & Aviation,"['aws', 'unix', 'research', 'education', 'c', 'oracle', 'html', 'java', 'scrum', 'css', 'perl', 'linux', 'analytical', 'sql']",0,Master's,14
12504278,Transportation & Aviation,"['strategy', 'research', 'education', 'customer service', 'accounting', 'agriculture', 'aviation', 'communication', 'troubleshooting']",0,Bachelor's,9
58048626,Transportation & Aviation,"['research', 'education', 'recruitment', 'logistics', 'operations', 'safety', 'accounting', 'crm', 'communication', 'negotiation', 'strategic planning']",0,Master's,11
15684810,Transportation & Aviation,"['research', 'education', 'customer service', 'c', 'operations', 'quality control', 'safety', 'inventory management', 'aviation', 'employee relations', 'technical support']",0,Bachelor's,11
17694572,Transportation & Aviation,"['cpr', 'data entry', 'customer service', 'education', 'pharmacology', 'time management', 'powerpoint', 'excel', 'troubleshooting']",0,Master's,9
22168194,Transportation & Aviation,"['safety', 'customer service', 'education', 'troubleshooting']",10,High School / Diploma,4
29595906,Transportation & Aviation,"['education', 'safety', 'hvac']",1,High School / Diploma,3
77626587,Transportation & Aviation,"['education', 'customer service', 'logistics', 'conflict resolution', 'operations', 'communication', 'time management', 'leadership', 'project management', 'negotiation', 'account management']",0,Master's,11
98389424,Transportation & Aviation,"['unix', 'education', 'ux', 'compliance', 'leadership', 'communication', 'aviation', 'inventory management', 'troubleshooting', 'linux']",0,Bachelor's,10
38663892,Transportation & Aviation,"['research', 'payroll', 'education', 'operations', 'safety', 'sap', 'accounting', 'time management', 'aviation', 'statistics', 'problem solving', 'excel', 'analytical']",0,Bachelor's,13
17152392,Transportation & Aviation,"['strategy', 'research', 'education', 'supply chain', 'procurement', 'operations', 'logistics', 'leadership', 'kanban', 'inventory management', 'performance management', 'six sigma']",0,Master's,12
49646155,Transportation & Aviation,"['research', 'education', 'logistics', 'operations', 'accounts receivable', 'safety', 'compliance', 'aviation', 'project management', 'analytical']",17,Bachelor's,10
33627938,Transportation & Aviation,"['education', 'risk management', 'operations', 'sap', 'compliance', 'aviation', 'r']",0,Master's,7
12904972,Transportation & Aviation,"['education', 'safety', 'public speaking', 'communication', 'time management', 'compliance', 'project management', 'aviation', 'troubleshooting', 'six sigma']",0,Master's,10
12239749,Transportation & Aviation,"['mathematics', 'education', 'data entry', 'logistics', 'procurement', 'teaching', 'safety', 'leadership', 'communication', 'aviation', 'powerpoint', 'statistics', 'excel']",0,Master's,13
16279537,Transportation & Aviation,"['strategy', 'research', 'education', 'logistics', 'operations', 'safety', 'public speaking', 'leadership', 'aviation', 'compliance', 'communication', 'statistics', 'analytical']",0,Master's,13
17008356,Transportation & Aviation,"['research', 'education', 'customer service', 'cold calling', 'logistics', 'operations', 'compliance', 'time management', 'aviation', 'negotiation', 'account management']",0,Master's,11
28020046,Transportation & Aviation,"['manufacturing', 'lean manufacturing', 'erp', 'leadership', 'aviation', 'six sigma', 'education', 'quality control', 'safety', 'crm', 'illustrator', 'analytical', 'procurement', 'photoshop', 'compliance', 'communication', 'statistics', 'problem solving', 'excel', 'strategy', 'operations', 'troubleshooting']",0,Master's,22
25625173,Transportation & Aviation,"['strategy', 'research', 'education', 'logistics', 'operations', 'procurement', 'safety', 'hvac', 'compliance', 'aviation', 'critical thinking', 'project management', 'r', 'presentation skills', 'analytical', 'technical support']",25,Master's,16
29534737,Transportation & Aviation,"['education', 'manufacturing', 'operations', 'quality control', 'aviation', 'troubleshooting']",0,Bachelor's,6
17655479,Transportation & Aviation,"['education', 'customer service', 'manufacturing', 'safety', 'erp', 'compliance', 'communication', 'aviation']",3,High School / Diploma,8
12043694,Transportation & Aviation,"['research', 'education', 'procurement', 'operations', 'safety', 'compliance', 'time management', 'aviation', 'excel', 'troubleshooting']",0,Bachelor's,10
99416532,Transportation & Aviation,"['attention to detail', 'education', 'customer service', 'logistics', 'operations', 'accounting', 'leadership', 'communication', 'aviation', 'compliance', 'problem solving']",0,High School / Diploma,11
24589765,Transportation & Aviation,"['education', 'oracle', 'accounting', 'communication', 'social media', 'leadership', 'aviation', 'powerpoint', 'excel', 'mentoring', 'performance management']",0,Bachelor's,11
31605080,Transportation & Aviation,"['research', 'education', 'customer service', 'logistics', 'inventory management', 'aviation', 'problem solving', 'troubleshooting', 'technical support']",0,High School / Diploma,9
21190805,Transportation & Aviation,"['cpr', 'education', 'customer service', 'operations', 'teaching', 'safety', 'social media', 'aviation', 'powerpoint', 'excel', 'nursing']",5,Bachelor's,11
37473139,Transportation & Aviation,"['research', 'education', 'customer service', 'data entry', 'procurement', 'quality control', 'safety', 'communication', 'aviation', 'powerpoint', 'problem solving', 'excel', 'autocad']",10,Bachelor's,13
